TGFB1_TGFBR1_TGFBR2	TGFb	Tgfb1	TGFbR1_R2	TGFb agonist	TGFb antagonist		TGFb inhibition receptor	Secreted Signaling
TGFB2_TGFBR1_TGFBR2	TGFb	Tgfb2	TGFbR1_R2	TGFb agonist	TGFb antagonist		TGFb inhibition receptor	Secreted Signaling
TGFB3_TGFBR1_TGFBR2	TGFb	Tgfb3	TGFbR1_R2	TGFb agonist	TGFb antagonist		TGFb inhibition receptor	Secreted Signaling
TGFB1_ACVR1B_TGFBR2	TGFb	Tgfb1	ACVR1B_TGFbR2	TGFb agonist	TGFb antagonist		TGFb inhibition receptor	Secreted Signaling
TGFB1_ACVR1C_TGFBR2	TGFb	Tgfb1	ACVR1C_TGFbR2	TGFb agonist	TGFb antagonist		TGFb inhibition receptor	Secreted Signaling
TGFB2_ACVR1B_TGFBR2	TGFb	Tgfb2	ACVR1B_TGFbR2	TGFb agonist	TGFb antagonist		TGFb inhibition receptor	Secreted Signaling
TGFB2_ACVR1C_TGFBR2	TGFb	Tgfb2	ACVR1C_TGFbR2	TGFb agonist	TGFb antagonist		TGFb inhibition receptor	Secreted Signaling
TGFB3_ACVR1B_TGFBR2	TGFb	Tgfb3	ACVR1B_TGFbR2	TGFb agonist	TGFb antagonist		TGFb inhibition receptor	Secreted Signaling
TGFB3_ACVR1C_TGFBR2	TGFb	Tgfb3	ACVR1C_TGFbR2	TGFb agonist	TGFb antagonist		TGFb inhibition receptor	Secreted Signaling
TGFB1_ACVR1_TGFBR1	TGFb	Tgfb1	ACVR1_TGFbR					Secreted Signaling
TGFB2_ACVR1_TGFBR1	TGFb	Tgfb2	ACVR1_TGFbR					Secreted Signaling
TGFB3_ACVR1_TGFBR1	TGFb	Tgfb3	ACVR1_TGFbR					Secreted Signaling
BMP2_BMPR1A_ACVR2A	BMP	Bmp2	BMPR1A_ACVR2A		BMP antagonist		BMP inhibition receptor	Secreted Signaling
BMP2_BMPR1A_ACVR2B	BMP	Bmp2	BMPR1A_ACVR2B		BMP antagonist		BMP inhibition receptor	Secreted Signaling
BMP2_BMPR1A_BMPR2	BMP	Bmp2	BMPR1A_BMPR2		BMP antagonist		BMP inhibition receptor	Secreted Signaling
BMP2_BMPR1B_ACVR2A	BMP	Bmp2	BMPR1B_ACVR2A		BMP antagonist		BMP inhibition receptor	Secreted Signaling
BMP2_BMPR1B_ACVR2B	BMP	Bmp2	BMPR1B_ACVR2B		BMP antagonist		BMP inhibition receptor	Secreted Signaling
BMP2_BMPR1B_BMPR2	BMP	Bmp2	BMPR1B_BMPR2		BMP antagonist		BMP inhibition receptor	Secreted Signaling
BMP4_BMPR1A_ACVR2A	BMP	Bmp4	BMPR1A_ACVR2A		BMP antagonist		BMP inhibition receptor	Secreted Signaling
BMP4_BMPR1A_ACVR2B	BMP	Bmp4	BMPR1A_ACVR2B		BMP antagonist		BMP inhibition receptor	Secreted Signaling
BMP4_BMPR1A_BMPR2	BMP	Bmp4	BMPR1A_BMPR2		BMP antagonist		BMP inhibition receptor	Secreted Signaling
BMP4_BMPR1B_ACVR2A	BMP	Bmp4	BMPR1B_ACVR2A		BMP antagonist		BMP inhibition receptor	Secreted Signaling
BMP4_BMPR1B_ACVR2B	BMP	Bmp4	BMPR1B_ACVR2B		BMP antagonist		BMP inhibition receptor	Secreted Signaling
BMP4_BMPR1B_BMPR2	BMP	Bmp4	BMPR1B_BMPR2		BMP antagonist		BMP inhibition receptor	Secreted Signaling
GDF5_BMPR1A_ACVR2A	BMP	Gdf5	BMPR1A_ACVR2A		BMP antagonist		BMP inhibition receptor	Secreted Signaling
GDF5_BMPR1A_ACVR2B	BMP	Gdf5	BMPR1A_ACVR2B		BMP antagonist		BMP inhibition receptor	Secreted Signaling
GDF5_BMPR1A_BMPR2	BMP	Gdf5	BMPR1A_BMPR2		BMP antagonist		BMP inhibition receptor	Secreted Signaling
GDF5_BMPR1B_ACVR2A	BMP	Gdf5	BMPR1B_ACVR2A		BMP antagonist		BMP inhibition receptor	Secreted Signaling
GDF5_BMPR1B_ACVR2B	BMP	Gdf5	BMPR1B_ACVR2B		BMP antagonist		BMP inhibition receptor	Secreted Signaling
GDF5_BMPR1B_BMPR2	BMP	Gdf5	BMPR1B_BMPR2		BMP antagonist		BMP inhibition receptor	Secreted Signaling
GDF6_BMPR1A_ACVR2A	BMP	Gdf6	BMPR1A_ACVR2A		BMP antagonist		BMP inhibition receptor	Secreted Signaling
GDF6_BMPR1A_ACVR2B	BMP	Gdf6	BMPR1A_ACVR2B		BMP antagonist		BMP inhibition receptor	Secreted Signaling
GDF6_BMPR1A_BMPR2	BMP	Gdf6	BMPR1A_BMPR2		BMP antagonist		BMP inhibition receptor	Secreted Signaling
GDF6_BMPR1B_ACVR2A	BMP	Gdf6	BMPR1B_ACVR2A		BMP antagonist		BMP inhibition receptor	Secreted Signaling
GDF6_BMPR1B_ACVR2B	BMP	Gdf6	BMPR1B_ACVR2B		BMP antagonist		BMP inhibition receptor	Secreted Signaling
GDF6_BMPR1B_BMPR2	BMP	Gdf6	BMPR1B_BMPR2		BMP antagonist		BMP inhibition receptor	Secreted Signaling
GDF7_BMPR1A_ACVR2A	BMP	Gdf7	BMPR1A_ACVR2A		BMP antagonist		BMP inhibition receptor	Secreted Signaling
GDF7_BMPR1A_ACVR2B	BMP	Gdf7	BMPR1A_ACVR2B		BMP antagonist		BMP inhibition receptor	Secreted Signaling
GDF7_BMPR1A_BMPR2	BMP	Gdf7	BMPR1A_BMPR2		BMP antagonist		BMP inhibition receptor	Secreted Signaling
GDF7_BMPR1B_ACVR2A	BMP	Gdf7	BMPR1B_ACVR2A		BMP antagonist		BMP inhibition receptor	Secreted Signaling
GDF7_BMPR1B_ACVR2B	BMP	Gdf7	BMPR1B_ACVR2B		BMP antagonist		BMP inhibition receptor	Secreted Signaling
GDF7_BMPR1B_BMPR2	BMP	Gdf7	BMPR1B_BMPR2		BMP antagonist		BMP inhibition receptor	Secreted Signaling
BMP15_BMPR1B_BMPR2	BMP	Bmp15	BMPR1B_BMPR2		BMP antagonist		BMP inhibition receptor	Secreted Signaling
BMP5_ACVR1_ACVR2A	BMP	Bmp5	ACVR1_ACVR2A		BMP antagonist		BMP inhibition receptor	Secreted Signaling
BMP5_ACVR1_ACVR2B	BMP	Bmp5	ACVR1_ACVR2B		BMP antagonist		BMP inhibition receptor	Secreted Signaling
BMP5_ACVR1_BMPR2	BMP	Bmp5	ACVR1_BMPR2		BMP antagonist		BMP inhibition receptor	Secreted Signaling
BMP5_BMPR1A_ACVR2A	BMP	Bmp5	BMPR1A_ACVR2A		BMP antagonist		BMP inhibition receptor	Secreted Signaling
BMP5_BMPR1A_ACVR2B	BMP	Bmp5	BMPR1A_ACVR2B		BMP antagonist		BMP inhibition receptor	Secreted Signaling
BMP5_BMPR1A_BMPR2	BMP	Bmp5	BMPR1A_BMPR2		BMP antagonist		BMP inhibition receptor	Secreted Signaling
BMP5_BMPR1B_ACVR2A	BMP	Bmp5	BMPR1B_ACVR2A		BMP antagonist		BMP inhibition receptor	Secreted Signaling
BMP5_BMPR1B_ACVR2B	BMP	Bmp5	BMPR1B_ACVR2B		BMP antagonist		BMP inhibition receptor	Secreted Signaling
BMP5_BMPR1B_BMPR2	BMP	Bmp5	BMPR1B_BMPR2		BMP antagonist		BMP inhibition receptor	Secreted Signaling
BMP6_ACVR1_ACVR2A	BMP	Bmp6	ACVR1_ACVR2A		BMP antagonist		BMP inhibition receptor	Secreted Signaling
BMP6_ACVR1_ACVR2B	BMP	Bmp6	ACVR1_ACVR2B		BMP antagonist		BMP inhibition receptor	Secreted Signaling
BMP6_ACVR1_BMPR2	BMP	Bmp6	ACVR1_BMPR2		BMP antagonist		BMP inhibition receptor	Secreted Signaling
BMP6_BMPR1A_ACVR2A	BMP	Bmp6	BMPR1A_ACVR2A		BMP antagonist		BMP inhibition receptor	Secreted Signaling
BMP6_BMPR1A_ACVR2B	BMP	Bmp6	BMPR1A_ACVR2B		BMP antagonist		BMP inhibition receptor	Secreted Signaling
BMP6_BMPR1A_BMPR2	BMP	Bmp6	BMPR1A_BMPR2		BMP antagonist		BMP inhibition receptor	Secreted Signaling
BMP6_BMPR1B_ACVR2A	BMP	Bmp6	BMPR1B_ACVR2A		BMP antagonist		BMP inhibition receptor	Secreted Signaling
BMP6_BMPR1B_ACVR2B	BMP	Bmp6	BMPR1B_ACVR2B		BMP antagonist		BMP inhibition receptor	Secreted Signaling
BMP6_BMPR1B_BMPR2	BMP	Bmp6	BMPR1B_BMPR2		BMP antagonist		BMP inhibition receptor	Secreted Signaling
BMP7_ACVR1_ACVR2A	BMP	Bmp7	ACVR1_ACVR2A		BMP antagonist		BMP inhibition receptor	Secreted Signaling
BMP7_ACVR1_ACVR2B	BMP	Bmp7	ACVR1_ACVR2B		BMP antagonist		BMP inhibition receptor	Secreted Signaling
BMP7_ACVR1_BMPR2	BMP	Bmp7	ACVR1_BMPR2		BMP antagonist		BMP inhibition receptor	Secreted Signaling
BMP7_BMPR1A_ACVR2A	BMP	Bmp7	BMPR1A_ACVR2A		BMP antagonist		BMP inhibition receptor	Secreted Signaling
BMP7_BMPR1A_ACVR2B	BMP	Bmp7	BMPR1A_ACVR2B		BMP antagonist		BMP inhibition receptor	Secreted Signaling
BMP7_BMPR1A_BMPR2	BMP	Bmp7	BMPR1A_BMPR2		BMP antagonist		BMP inhibition receptor	Secreted Signaling
BMP7_BMPR1B_ACVR2A	BMP	Bmp7	BMPR1B_ACVR2A		BMP antagonist		BMP inhibition receptor	Secreted Signaling
BMP7_BMPR1B_ACVR2B	BMP	Bmp7	BMPR1B_ACVR2B		BMP antagonist		BMP inhibition receptor	Secreted Signaling
BMP7_BMPR1B_BMPR2	BMP	Bmp7	BMPR1B_BMPR2		BMP antagonist		BMP inhibition receptor	Secreted Signaling
BMP8A_ACVR1_ACVR2A	BMP	Bmp8a	ACVR1_ACVR2A		BMP antagonist		BMP inhibition receptor	Secreted Signaling
BMP8A_ACVR1_ACVR2B	BMP	Bmp8a	ACVR1_ACVR2B		BMP antagonist		BMP inhibition receptor	Secreted Signaling
BMP8A_ACVR1_BMPR2	BMP	Bmp8a	ACVR1_BMPR2		BMP antagonist		BMP inhibition receptor	Secreted Signaling
BMP8A_BMPR1A_ACVR2A	BMP	Bmp8a	BMPR1A_ACVR2A		BMP antagonist		BMP inhibition receptor	Secreted Signaling
BMP8A_BMPR1A_ACVR2B	BMP	Bmp8a	BMPR1A_ACVR2B		BMP antagonist		BMP inhibition receptor	Secreted Signaling
BMP8A_BMPR1A_BMPR2	BMP	Bmp8a	BMPR1A_BMPR2		BMP antagonist		BMP inhibition receptor	Secreted Signaling
BMP8A_BMPR1B_ACVR2A	BMP	Bmp8a	BMPR1B_ACVR2A		BMP antagonist		BMP inhibition receptor	Secreted Signaling
BMP8A_BMPR1B_ACVR2B	BMP	Bmp8a	BMPR1B_ACVR2B		BMP antagonist		BMP inhibition receptor	Secreted Signaling
BMP8A_BMPR1B_BMPR2	BMP	Bmp8a	BMPR1B_BMPR2		BMP antagonist		BMP inhibition receptor	Secreted Signaling
BMP8B_ACVR1_ACVR2A	BMP	Bmp8b	ACVR1_ACVR2A		BMP antagonist		BMP inhibition receptor	Secreted Signaling
BMP8B_ACVR1_ACVR2B	BMP	Bmp8b	ACVR1_ACVR2B		BMP antagonist		BMP inhibition receptor	Secreted Signaling
BMP8B_ACVR1_BMPR2	BMP	Bmp8b	ACVR1_BMPR2		BMP antagonist		BMP inhibition receptor	Secreted Signaling
BMP8B_BMPR1A_ACVR2A	BMP	Bmp8b	BMPR1A_ACVR2A		BMP antagonist		BMP inhibition receptor	Secreted Signaling
BMP8B_BMPR1A_ACVR2B	BMP	Bmp8b	BMPR1A_ACVR2B		BMP antagonist		BMP inhibition receptor	Secreted Signaling
BMP8B_BMPR1A_BMPR2	BMP	Bmp8b	BMPR1A_BMPR2		BMP antagonist		BMP inhibition receptor	Secreted Signaling
BMP8B_BMPR1B_ACVR2A	BMP	Bmp8b	BMPR1B_ACVR2A		BMP antagonist		BMP inhibition receptor	Secreted Signaling
BMP8B_BMPR1B_ACVR2B	BMP	Bmp8b	BMPR1B_ACVR2B		BMP antagonist		BMP inhibition receptor	Secreted Signaling
BMP8B_BMPR1B_BMPR2	BMP	Bmp8b	BMPR1B_BMPR2		BMP antagonist		BMP inhibition receptor	Secreted Signaling
BMP10_ACVRL1_BMPR2	BMP10	Bmp10	ACVRL1_BMPR2			BMP10 activation receptor		Secreted Signaling
BMP10_ACVRL1_ACVR2A	BMP10	Bmp10	ACVRL1_ACVR2A			BMP10 activation receptor		Secreted Signaling
GDF2_ACVRL1_BMPR2	BMP10	Gdf2	ACVRL1_BMPR2			BMP10 activation receptor		Secreted Signaling
GDF2_ACVRL1_ACVR2A	BMP10	Gdf2	ACVRL1_ACVR2A			BMP10 activation receptor		Secreted Signaling
GDF9_ACVR1B_BMPR2	GDF	Gdf9	ACVR1B_BMPR2					Secreted Signaling
GDF10_ACVR1B_ACVR2A	GDF	Gdf10	ACVR1B_ACVR2A					Secreted Signaling
GDF11_TGFBR1_ACVR2A	GDF	Gdf11	TGFBR1_ACVR2A					Secreted Signaling
GDF11_TGFBR1_ACVR2B	GDF	Gdf11	TGFBR1_ACVR2B					Secreted Signaling
GDF11_ACVR1B_ACVR2B	GDF	Gdf11	ACVR1B_ACVR2B					Secreted Signaling
GDF15_TGFBR2	GDF	Gdf15	Tgfbr2					Secreted Signaling
MSTN_TGFBR1_ACVR2B	MSTN	Mstn	TGFBR1_ACVR2B					Secreted Signaling
MSTN_ACVR1B_ACVR2B	MSTN	Mstn	ACVR1B_ACVR2B					Secreted Signaling
MSTN_ACVR1B_ACVR2A	MSTN	Mstn	ACVR1B_ACVR2A					Secreted Signaling
MSTN_TGFBR1_ACVR2A	MSTN	Mstn	TGFBR1_ACVR2A					Secreted Signaling
AMH_AMHR2_ACVR1	AMH	Amh	AMHR2_ACVR1					Secreted Signaling
AMH_AMHR2_BMPR1A	AMH	Amh	AMHR2_BMPR1A					Secreted Signaling
GDNF_GFRA1	GDNF	Gdnf	GFRA1_RET					Secreted Signaling
NRTN_GFRA2	GDNF	Nrtn	GFRA2_RET					Secreted Signaling
ARTN_GFRA3	GDNF	Artn	GFRA3_RET					Secreted Signaling
PSPN_GFRA4	GDNF	Pspn	GFRA4_RET					Secreted Signaling
ARTN_GFRA1	GDNF	Artn	GFRA1_RET					Secreted Signaling
NODAL_ACVR1B_ACVR2A	NODAL	Nodal	ACVR1B_ACVR2A_CFC1	NODAL agonist	NODAL antagonist			Secreted Signaling
NODAL_ACVR1C_ACVR2A	NODAL	Nodal	ACVR1C_ACVR2A_CFC1	NODAL agonist	NODAL antagonist			Secreted Signaling
NODAL_ACVR1B_ACVR2B	NODAL	Nodal	ACVR1B_ACVR2B_CFC1	NODAL agonist	NODAL antagonist			Secreted Signaling
NODAL_ACVR1C_ACVR2B	NODAL	Nodal	ACVR1C_ACVR2B_CFC1	NODAL agonist	NODAL antagonist			Secreted Signaling
GDF1_ACVR1B_ACVR2A	NODAL	Gdf1	ACVR1B_ACVR2A_CFC1	NODAL agonist	NODAL antagonist			Secreted Signaling
GDF1_ACVR1B_ACVR2B	NODAL	Gdf1	ACVR1B_ACVR2B_CFC1	NODAL agonist	NODAL antagonist			Secreted Signaling
GDF1_ACVR1C_ACVR2A	NODAL	Gdf1	ACVR1C_ACVR2A_CFC1	NODAL agonist	NODAL antagonist			Secreted Signaling
GDF1_ACVR1C_ACVR2B	NODAL	Gdf1	ACVR1C_ACVR2B_CFC1	NODAL agonist	NODAL antagonist			Secreted Signaling
GDF3_ACVR1B_ACVR2A	NODAL	Gdf3	ACVR1B_ACVR2A_CFC1	NODAL agonist	NODAL antagonist			Secreted Signaling
GDF3_ACVR1B_ACVR2B	NODAL	Gdf3	ACVR1B_ACVR2B_CFC1	NODAL agonist	NODAL antagonist			Secreted Signaling
GDF3_ACVR1C_ACVR2A	NODAL	Gdf3	ACVR1C_ACVR2A_CFC1	NODAL agonist	NODAL antagonist			Secreted Signaling
GDF3_ACVR1C_ACVR2B	NODAL	Gdf3	ACVR1C_ACVR2B_CFC1	NODAL agonist	NODAL antagonist			Secreted Signaling
INHBA_ACVR1B_ACVR2A	ACTIVIN	Inhba	ACVR1B_ACVR2A		ACTIVIN antagonist		ACTIVIN inhibition receptor	Secreted Signaling
INHBA_ACVR1B_ACVR2B	ACTIVIN	Inhba	ACVR1B_ACVR2B		ACTIVIN antagonist		ACTIVIN inhibition receptor	Secreted Signaling
INHBB_ACVR1B_ACVR2A	ACTIVIN	Inhbb	ACVR1B_ACVR2A		ACTIVIN antagonist		ACTIVIN inhibition receptor	Secreted Signaling
INHBB_ACVR1B_ACVR2B	ACTIVIN	Inhbb	ACVR1B_ACVR2B		ACTIVIN antagonist		ACTIVIN inhibition receptor	Secreted Signaling
INHBB_ACVR1C_ACVR2A	ACTIVIN	Inhbb	ACVR1C_ACVR2A		ACTIVIN antagonist		ACTIVIN inhibition receptor	Secreted Signaling
INHBB_ACVR1C_ACVR2B	ACTIVIN	Inhbb	ACVR1C_ACVR2B		ACTIVIN antagonist		ACTIVIN inhibition receptor	Secreted Signaling
INHBC_ACVR1B_ACVR2A	ACTIVIN	Inhbc	ACVR1B_ACVR2A		ACTIVIN antagonist		ACTIVIN inhibition receptor	Secreted Signaling
INHBC_ACVR1B_ACVR2B	ACTIVIN	Inhbc	ACVR1B_ACVR2B		ACTIVIN antagonist		ACTIVIN inhibition receptor	Secreted Signaling
INHBC_ACVR1C_ACVR2A	ACTIVIN	Inhbc	ACVR1C_ACVR2A		ACTIVIN antagonist		ACTIVIN inhibition receptor	Secreted Signaling
INHBC_ACVR1C_ACVR2B	ACTIVIN	Inhbc	ACVR1C_ACVR2B		ACTIVIN antagonist		ACTIVIN inhibition receptor	Secreted Signaling
INHBE_ACVR1B_ACVR2A	ACTIVIN	Inhbe	ACVR1B_ACVR2A		ACTIVIN antagonist		ACTIVIN inhibition receptor	Secreted Signaling
INHBE_ACVR1B_ACVR2B	ACTIVIN	Inhbe	ACVR1B_ACVR2B		ACTIVIN antagonist		ACTIVIN inhibition receptor	Secreted Signaling
INHBE_ACVR1C_ACVR2A	ACTIVIN	Inhbe	ACVR1C_ACVR2A		ACTIVIN antagonist		ACTIVIN inhibition receptor	Secreted Signaling
INHBE_ACVR1C_ACVR2B	ACTIVIN	Inhbe	ACVR1C_ACVR2B		ACTIVIN antagonist		ACTIVIN inhibition receptor	Secreted Signaling
INHBABB_ACVR1B_ACVR2A	ACTIVIN	Activin AB	ACVR1B_ACVR2A		ACTIVIN antagonist		ACTIVIN inhibition receptor	Secreted Signaling
INHBABB_ACVR1B_ACVR2B	ACTIVIN	Activin AB	ACVR1B_ACVR2B		ACTIVIN antagonist		ACTIVIN inhibition receptor	Secreted Signaling
INHBABB_ACVR1C_ACVR2A	ACTIVIN	Activin AB	ACVR1C_ACVR2A		ACTIVIN antagonist		ACTIVIN inhibition receptor	Secreted Signaling
INHB_ACVR1C_ACVR2B	ACTIVIN	Activin AB	ACVR1C_ACVR2B		ACTIVIN antagonist		ACTIVIN inhibition receptor	Secreted Signaling
INHABA_ACVR2A	ACTIVIN	Inhibin A	Acvr2a		ACTIVIN antagonist		ACTIVIN inhibition receptor	Secreted Signaling
INHABB_ACVR2B	ACTIVIN	Inhibin B	Acvr2b		ACTIVIN antagonist		ACTIVIN inhibition receptor	Secreted Signaling
WNT1_FZD1_LRP5	WNT	Wnt1	FZD1_LRP5	WNT agonist	WNT antagonist	WNT activation receptor	WNT inhibition receptor	Secreted Signaling
WNT1_FZD10_LRP5	WNT	Wnt1	FZD10_LRP5	WNT agonist	WNT antagonist	WNT activation receptor	WNT inhibition receptor	Secreted Signaling
WNT1_FZD2_LRP5	WNT	Wnt1	FZD2_LRP5	WNT agonist	WNT antagonist	WNT activation receptor	WNT inhibition receptor	Secreted Signaling
WNT1_FZD3_LRP5	WNT	Wnt1	FZD3_LRP5	WNT agonist	WNT antagonist	WNT activation receptor	WNT inhibition receptor	Secreted Signaling
WNT1_FZD4_LRP5	WNT	Wnt1	FZD4_LRP5	WNT agonist	WNT antagonist	WNT activation receptor	WNT inhibition receptor	Secreted Signaling
WNT1_FZD5_LRP5	WNT	Wnt1	FZD5_LRP5	WNT agonist	WNT antagonist	WNT activation receptor	WNT inhibition receptor	Secreted Signaling
WNT1_FZD6_LRP5	WNT	Wnt1	FZD6_LRP5	WNT agonist	WNT antagonist	WNT activation receptor	WNT inhibition receptor	Secreted Signaling
WNT1_FZD7_LRP5	WNT	Wnt1	FZD7_LRP5	WNT agonist	WNT antagonist	WNT activation receptor	WNT inhibition receptor	Secreted Signaling
WNT1_FZD8_LRP5	WNT	Wnt1	FZD8_LRP5	WNT agonist	WNT antagonist	WNT activation receptor	WNT inhibition receptor	Secreted Signaling
WNT1_FZD9_LRP5	WNT	Wnt1	FZD9_LRP5	WNT agonist	WNT antagonist	WNT activation receptor	WNT inhibition receptor	Secreted Signaling
WNT10A_FZD1_LRP5	WNT	Wnt10a	FZD1_LRP5	WNT agonist	WNT antagonist	WNT activation receptor	WNT inhibition receptor	Secreted Signaling
WNT10A_FZD10_LRP5	WNT	Wnt10a	FZD10_LRP5	WNT agonist	WNT antagonist	WNT activation receptor	WNT inhibition receptor	Secreted Signaling
WNT10A_FZD2_LRP5	WNT	Wnt10a	FZD2_LRP5	WNT agonist	WNT antagonist	WNT activation receptor	WNT inhibition receptor	Secreted Signaling
WNT10A_FZD3_LRP5	WNT	Wnt10a	FZD3_LRP5	WNT agonist	WNT antagonist	WNT activation receptor	WNT inhibition receptor	Secreted Signaling
WNT10A_FZD4_LRP5	WNT	Wnt10a	FZD4_LRP5	WNT agonist	WNT antagonist	WNT activation receptor	WNT inhibition receptor	Secreted Signaling
WNT10A_FZD5_LRP5	WNT	Wnt10a	FZD5_LRP5	WNT agonist	WNT antagonist	WNT activation receptor	WNT inhibition receptor	Secreted Signaling
WNT10A_FZD6_LRP5	WNT	Wnt10a	FZD6_LRP5	WNT agonist	WNT antagonist	WNT activation receptor	WNT inhibition receptor	Secreted Signaling
WNT10A_FZD7_LRP5	WNT	Wnt10a	FZD7_LRP5	WNT agonist	WNT antagonist	WNT activation receptor	WNT inhibition receptor	Secreted Signaling
WNT10A_FZD8_LRP5	WNT	Wnt10a	FZD8_LRP5	WNT agonist	WNT antagonist	WNT activation receptor	WNT inhibition receptor	Secreted Signaling
WNT10A_FZD9_LRP5	WNT	Wnt10a	FZD9_LRP5	WNT agonist	WNT antagonist	WNT activation receptor	WNT inhibition receptor	Secreted Signaling
WNT10B_FZD1_LRP5	WNT	Wnt10b	FZD1_LRP5	WNT agonist	WNT antagonist	WNT activation receptor	WNT inhibition receptor	Secreted Signaling
WNT10B_FZD10_LRP5	WNT	Wnt10b	FZD10_LRP5	WNT agonist	WNT antagonist	WNT activation receptor	WNT inhibition receptor	Secreted Signaling
WNT10B_FZD2_LRP5	WNT	Wnt10b	FZD2_LRP5	WNT agonist	WNT antagonist	WNT activation receptor	WNT inhibition receptor	Secreted Signaling
WNT10B_FZD3_LRP5	WNT	Wnt10b	FZD3_LRP5	WNT agonist	WNT antagonist	WNT activation receptor	WNT inhibition receptor	Secreted Signaling
WNT10B_FZD4_LRP5	WNT	Wnt10b	FZD4_LRP5	WNT agonist	WNT antagonist	WNT activation receptor	WNT inhibition receptor	Secreted Signaling
WNT10B_FZD5_LRP5	WNT	Wnt10b	FZD5_LRP5	WNT agonist	WNT antagonist	WNT activation receptor	WNT inhibition receptor	Secreted Signaling
WNT10B_FZD6_LRP5	WNT	Wnt10b	FZD6_LRP5	WNT agonist	WNT antagonist	WNT activation receptor	WNT inhibition receptor	Secreted Signaling
WNT10B_FZD7_LRP5	WNT	Wnt10b	FZD7_LRP5	WNT agonist	WNT antagonist	WNT activation receptor	WNT inhibition receptor	Secreted Signaling
WNT10B_FZD8_LRP5	WNT	Wnt10b	FZD8_LRP5	WNT agonist	WNT antagonist	WNT activation receptor	WNT inhibition receptor	Secreted Signaling
WNT10B_FZD9_LRP5	WNT	Wnt10b	FZD9_LRP5	WNT agonist	WNT antagonist	WNT activation receptor	WNT inhibition receptor	Secreted Signaling
WNT16_FZD1_LRP5	WNT	Wnt16	FZD1_LRP5	WNT agonist	WNT antagonist	WNT activation receptor	WNT inhibition receptor	Secreted Signaling
WNT16_FZD10_LRP5	WNT	Wnt16	FZD10_LRP5	WNT agonist	WNT antagonist	WNT activation receptor	WNT inhibition receptor	Secreted Signaling
WNT16_FZD2_LRP5	WNT	Wnt16	FZD2_LRP5	WNT agonist	WNT antagonist	WNT activation receptor	WNT inhibition receptor	Secreted Signaling
WNT16_FZD3_LRP5	WNT	Wnt16	FZD3_LRP5	WNT agonist	WNT antagonist	WNT activation receptor	WNT inhibition receptor	Secreted Signaling
WNT16_FZD4_LRP5	WNT	Wnt16	FZD4_LRP5	WNT agonist	WNT antagonist	WNT activation receptor	WNT inhibition receptor	Secreted Signaling
WNT16_FZD5_LRP5	WNT	Wnt16	FZD5_LRP5	WNT agonist	WNT antagonist	WNT activation receptor	WNT inhibition receptor	Secreted Signaling
WNT16_FZD6_LRP5	WNT	Wnt16	FZD6_LRP5	WNT agonist	WNT antagonist	WNT activation receptor	WNT inhibition receptor	Secreted Signaling
WNT16_FZD7_LRP5	WNT	Wnt16	FZD7_LRP5	WNT agonist	WNT antagonist	WNT activation receptor	WNT inhibition receptor	Secreted Signaling
WNT16_FZD8_LRP5	WNT	Wnt16	FZD8_LRP5	WNT agonist	WNT antagonist	WNT activation receptor	WNT inhibition receptor	Secreted Signaling
WNT16_FZD9_LRP5	WNT	Wnt16	FZD9_LRP5	WNT agonist	WNT antagonist	WNT activation receptor	WNT inhibition receptor	Secreted Signaling
WNT2_FZD1_LRP5	WNT	Wnt2	FZD1_LRP5	WNT agonist	WNT antagonist	WNT activation receptor	WNT inhibition receptor	Secreted Signaling
WNT2_FZD10_LRP5	WNT	Wnt2	FZD10_LRP5	WNT agonist	WNT antagonist	WNT activation receptor	WNT inhibition receptor	Secreted Signaling
WNT2_FZD2_LRP5	WNT	Wnt2	FZD2_LRP5	WNT agonist	WNT antagonist	WNT activation receptor	WNT inhibition receptor	Secreted Signaling
WNT2_FZD3_LRP5	WNT	Wnt2	FZD3_LRP5	WNT agonist	WNT antagonist	WNT activation receptor	WNT inhibition receptor	Secreted Signaling
WNT2_FZD4_LRP5	WNT	Wnt2	FZD4_LRP5	WNT agonist	WNT antagonist	WNT activation receptor	WNT inhibition receptor	Secreted Signaling
WNT2_FZD5_LRP5	WNT	Wnt2	FZD5_LRP5	WNT agonist	WNT antagonist	WNT activation receptor	WNT inhibition receptor	Secreted Signaling
WNT2_FZD6_LRP5	WNT	Wnt2	FZD6_LRP5	WNT agonist	WNT antagonist	WNT activation receptor	WNT inhibition receptor	Secreted Signaling
WNT2_FZD7_LRP5	WNT	Wnt2	FZD7_LRP5	WNT agonist	WNT antagonist	WNT activation receptor	WNT inhibition receptor	Secreted Signaling
WNT2_FZD8_LRP5	WNT	Wnt2	FZD8_LRP5	WNT agonist	WNT antagonist	WNT activation receptor	WNT inhibition receptor	Secreted Signaling
WNT2_FZD9_LRP5	WNT	Wnt2	FZD9_LRP5	WNT agonist	WNT antagonist	WNT activation receptor	WNT inhibition receptor	Secreted Signaling
WNT2B_FZD1_LRP5	WNT	Wnt2b	FZD1_LRP5	WNT agonist	WNT antagonist	WNT activation receptor	WNT inhibition receptor	Secreted Signaling
WNT2B_FZD10_LRP5	WNT	Wnt2b	FZD10_LRP5	WNT agonist	WNT antagonist	WNT activation receptor	WNT inhibition receptor	Secreted Signaling
WNT2B_FZD2_LRP5	WNT	Wnt2b	FZD2_LRP5	WNT agonist	WNT antagonist	WNT activation receptor	WNT inhibition receptor	Secreted Signaling
WNT2B_FZD3_LRP5	WNT	Wnt2b	FZD3_LRP5	WNT agonist	WNT antagonist	WNT activation receptor	WNT inhibition receptor	Secreted Signaling
WNT2B_FZD4_LRP5	WNT	Wnt2b	FZD4_LRP5	WNT agonist	WNT antagonist	WNT activation receptor	WNT inhibition receptor	Secreted Signaling
WNT2B_FZD5_LRP5	WNT	Wnt2b	FZD5_LRP5	WNT agonist	WNT antagonist	WNT activation receptor	WNT inhibition receptor	Secreted Signaling
WNT2B_FZD6_LRP5	WNT	Wnt2b	FZD6_LRP5	WNT agonist	WNT antagonist	WNT activation receptor	WNT inhibition receptor	Secreted Signaling
WNT2B_FZD7_LRP5	WNT	Wnt2b	FZD7_LRP5	WNT agonist	WNT antagonist	WNT activation receptor	WNT inhibition receptor	Secreted Signaling
WNT2B_FZD8_LRP5	WNT	Wnt2b	FZD8_LRP5	WNT agonist	WNT antagonist	WNT activation receptor	WNT inhibition receptor	Secreted Signaling
WNT2B_FZD9_LRP5	WNT	Wnt2b	FZD9_LRP5	WNT agonist	WNT antagonist	WNT activation receptor	WNT inhibition receptor	Secreted Signaling
WNT3_FZD1_LRP5	WNT	Wnt3	FZD1_LRP5	WNT agonist	WNT antagonist	WNT activation receptor	WNT inhibition receptor	Secreted Signaling
WNT3_FZD10_LRP5	WNT	Wnt3	FZD10_LRP5	WNT agonist	WNT antagonist	WNT activation receptor	WNT inhibition receptor	Secreted Signaling
WNT3_FZD2_LRP5	WNT	Wnt3	FZD2_LRP5	WNT agonist	WNT antagonist	WNT activation receptor	WNT inhibition receptor	Secreted Signaling
WNT3_FZD3_LRP5	WNT	Wnt3	FZD3_LRP5	WNT agonist	WNT antagonist	WNT activation receptor	WNT inhibition receptor	Secreted Signaling
WNT3_FZD4_LRP5	WNT	Wnt3	FZD4_LRP5	WNT agonist	WNT antagonist	WNT activation receptor	WNT inhibition receptor	Secreted Signaling
WNT3_FZD5_LRP5	WNT	Wnt3	FZD5_LRP5	WNT agonist	WNT antagonist	WNT activation receptor	WNT inhibition receptor	Secreted Signaling
WNT3_FZD6_LRP5	WNT	Wnt3	FZD6_LRP5	WNT agonist	WNT antagonist	WNT activation receptor	WNT inhibition receptor	Secreted Signaling
WNT3_FZD7_LRP5	WNT	Wnt3	FZD7_LRP5	WNT agonist	WNT antagonist	WNT activation receptor	WNT inhibition receptor	Secreted Signaling
WNT3_FZD8_LRP5	WNT	Wnt3	FZD8_LRP5	WNT agonist	WNT antagonist	WNT activation receptor	WNT inhibition receptor	Secreted Signaling
WNT3_FZD9_LRP5	WNT	Wnt3	FZD9_LRP5	WNT agonist	WNT antagonist	WNT activation receptor	WNT inhibition receptor	Secreted Signaling
WNT3A_FZD1_LRP5	WNT	Wnt3a	FZD1_LRP5	WNT agonist	WNT antagonist	WNT activation receptor	WNT inhibition receptor	Secreted Signaling
WNT3A_FZD10_LRP5	WNT	Wnt3a	FZD10_LRP5	WNT agonist	WNT antagonist	WNT activation receptor	WNT inhibition receptor	Secreted Signaling
WNT3A_FZD2_LRP5	WNT	Wnt3a	FZD2_LRP5	WNT agonist	WNT antagonist	WNT activation receptor	WNT inhibition receptor	Secreted Signaling
WNT3A_FZD3_LRP5	WNT	Wnt3a	FZD3_LRP5	WNT agonist	WNT antagonist	WNT activation receptor	WNT inhibition receptor	Secreted Signaling
WNT3A_FZD4_LRP5	WNT	Wnt3a	FZD4_LRP5	WNT agonist	WNT antagonist	WNT activation receptor	WNT inhibition receptor	Secreted Signaling
WNT3A_FZD5_LRP5	WNT	Wnt3a	FZD5_LRP5	WNT agonist	WNT antagonist	WNT activation receptor	WNT inhibition receptor	Secreted Signaling
WNT3A_FZD6_LRP5	WNT	Wnt3a	FZD6_LRP5	WNT agonist	WNT antagonist	WNT activation receptor	WNT inhibition receptor	Secreted Signaling
WNT3A_FZD7_LRP5	WNT	Wnt3a	FZD7_LRP5	WNT agonist	WNT antagonist	WNT activation receptor	WNT inhibition receptor	Secreted Signaling
WNT3A_FZD8_LRP5	WNT	Wnt3a	FZD8_LRP5	WNT agonist	WNT antagonist	WNT activation receptor	WNT inhibition receptor	Secreted Signaling
WNT3A_FZD9_LRP5	WNT	Wnt3a	FZD9_LRP5	WNT agonist	WNT antagonist	WNT activation receptor	WNT inhibition receptor	Secreted Signaling
WNT4_FZD1_LRP5	WNT	Wnt4	FZD1_LRP5	WNT agonist	WNT antagonist	WNT activation receptor	WNT inhibition receptor	Secreted Signaling
WNT4_FZD10_LRP5	WNT	Wnt4	FZD10_LRP5	WNT agonist	WNT antagonist	WNT activation receptor	WNT inhibition receptor	Secreted Signaling
WNT4_FZD2_LRP5	WNT	Wnt4	FZD2_LRP5	WNT agonist	WNT antagonist	WNT activation receptor	WNT inhibition receptor	Secreted Signaling
WNT4_FZD3_LRP5	WNT	Wnt4	FZD3_LRP5	WNT agonist	WNT antagonist	WNT activation receptor	WNT inhibition receptor	Secreted Signaling
WNT4_FZD4_LRP5	WNT	Wnt4	FZD4_LRP5	WNT agonist	WNT antagonist	WNT activation receptor	WNT inhibition receptor	Secreted Signaling
WNT4_FZD5_LRP5	WNT	Wnt4	FZD5_LRP5	WNT agonist	WNT antagonist	WNT activation receptor	WNT inhibition receptor	Secreted Signaling
WNT4_FZD6_LRP5	WNT	Wnt4	FZD6_LRP5	WNT agonist	WNT antagonist	WNT activation receptor	WNT inhibition receptor	Secreted Signaling
WNT4_FZD7_LRP5	WNT	Wnt4	FZD7_LRP5	WNT agonist	WNT antagonist	WNT activation receptor	WNT inhibition receptor	Secreted Signaling
WNT4_FZD8_LRP5	WNT	Wnt4	FZD8_LRP5	WNT agonist	WNT antagonist	WNT activation receptor	WNT inhibition receptor	Secreted Signaling
WNT4_FZD9_LRP5	WNT	Wnt4	FZD9_LRP5	WNT agonist	WNT antagonist	WNT activation receptor	WNT inhibition receptor	Secreted Signaling
WNT6_FZD1_LRP5	WNT	Wnt6	FZD1_LRP5	WNT agonist	WNT antagonist	WNT activation receptor	WNT inhibition receptor	Secreted Signaling
WNT6_FZD10_LRP5	WNT	Wnt6	FZD10_LRP5	WNT agonist	WNT antagonist	WNT activation receptor	WNT inhibition receptor	Secreted Signaling
WNT6_FZD2_LRP5	WNT	Wnt6	FZD2_LRP5	WNT agonist	WNT antagonist	WNT activation receptor	WNT inhibition receptor	Secreted Signaling
WNT6_FZD3_LRP5	WNT	Wnt6	FZD3_LRP5	WNT agonist	WNT antagonist	WNT activation receptor	WNT inhibition receptor	Secreted Signaling
WNT6_FZD4_LRP5	WNT	Wnt6	FZD4_LRP5	WNT agonist	WNT antagonist	WNT activation receptor	WNT inhibition receptor	Secreted Signaling
WNT6_FZD5_LRP5	WNT	Wnt6	FZD5_LRP5	WNT agonist	WNT antagonist	WNT activation receptor	WNT inhibition receptor	Secreted Signaling
WNT6_FZD6_LRP5	WNT	Wnt6	FZD6_LRP5	WNT agonist	WNT antagonist	WNT activation receptor	WNT inhibition receptor	Secreted Signaling
WNT6_FZD7_LRP5	WNT	Wnt6	FZD7_LRP5	WNT agonist	WNT antagonist	WNT activation receptor	WNT inhibition receptor	Secreted Signaling
WNT6_FZD8_LRP5	WNT	Wnt6	FZD8_LRP5	WNT agonist	WNT antagonist	WNT activation receptor	WNT inhibition receptor	Secreted Signaling
WNT6_FZD9_LRP5	WNT	Wnt6	FZD9_LRP5	WNT agonist	WNT antagonist	WNT activation receptor	WNT inhibition receptor	Secreted Signaling
WNT7A_FZD1_LRP5	WNT	Wnt7a	FZD1_LRP5	WNT agonist	WNT antagonist	WNT activation receptor	WNT inhibition receptor	Secreted Signaling
WNT7A_FZD10_LRP5	WNT	Wnt7a	FZD10_LRP5	WNT agonist	WNT antagonist	WNT activation receptor	WNT inhibition receptor	Secreted Signaling
WNT7A_FZD2_LRP5	WNT	Wnt7a	FZD2_LRP5	WNT agonist	WNT antagonist	WNT activation receptor	WNT inhibition receptor	Secreted Signaling
WNT7A_FZD3_LRP5	WNT	Wnt7a	FZD3_LRP5	WNT agonist	WNT antagonist	WNT activation receptor	WNT inhibition receptor	Secreted Signaling
WNT7A_FZD4_LRP5	WNT	Wnt7a	FZD4_LRP5	WNT agonist	WNT antagonist	WNT activation receptor	WNT inhibition receptor	Secreted Signaling
WNT7A_FZD5_LRP5	WNT	Wnt7a	FZD5_LRP5	WNT agonist	WNT antagonist	WNT activation receptor	WNT inhibition receptor	Secreted Signaling
WNT7A_FZD6_LRP5	WNT	Wnt7a	FZD6_LRP5	WNT agonist	WNT antagonist	WNT activation receptor	WNT inhibition receptor	Secreted Signaling
WNT7A_FZD7_LRP5	WNT	Wnt7a	FZD7_LRP5	WNT agonist	WNT antagonist	WNT activation receptor	WNT inhibition receptor	Secreted Signaling
WNT7A_FZD8_LRP5	WNT	Wnt7a	FZD8_LRP5	WNT agonist	WNT antagonist	WNT activation receptor	WNT inhibition receptor	Secreted Signaling
WNT7A_FZD9_LRP5	WNT	Wnt7a	FZD9_LRP5	WNT agonist	WNT antagonist	WNT activation receptor	WNT inhibition receptor	Secreted Signaling
WNT7B_FZD1_LRP5	WNT	Wnt7b	FZD1_LRP5	WNT agonist	WNT antagonist	WNT activation receptor	WNT inhibition receptor	Secreted Signaling
WNT7B_FZD10_LRP5	WNT	Wnt7b	FZD10_LRP5	WNT agonist	WNT antagonist	WNT activation receptor	WNT inhibition receptor	Secreted Signaling
WNT7B_FZD2_LRP5	WNT	Wnt7b	FZD2_LRP5	WNT agonist	WNT antagonist	WNT activation receptor	WNT inhibition receptor	Secreted Signaling
WNT7B_FZD3_LRP5	WNT	Wnt7b	FZD3_LRP5	WNT agonist	WNT antagonist	WNT activation receptor	WNT inhibition receptor	Secreted Signaling
WNT7B_FZD4_LRP5	WNT	Wnt7b	FZD4_LRP5	WNT agonist	WNT antagonist	WNT activation receptor	WNT inhibition receptor	Secreted Signaling
WNT7B_FZD5_LRP5	WNT	Wnt7b	FZD5_LRP5	WNT agonist	WNT antagonist	WNT activation receptor	WNT inhibition receptor	Secreted Signaling
WNT7B_FZD6_LRP5	WNT	Wnt7b	FZD6_LRP5	WNT agonist	WNT antagonist	WNT activation receptor	WNT inhibition receptor	Secreted Signaling
WNT7B_FZD7_LRP5	WNT	Wnt7b	FZD7_LRP5	WNT agonist	WNT antagonist	WNT activation receptor	WNT inhibition receptor	Secreted Signaling
WNT7B_FZD8_LRP5	WNT	Wnt7b	FZD8_LRP5	WNT agonist	WNT antagonist	WNT activation receptor	WNT inhibition receptor	Secreted Signaling
WNT7B_FZD9_LRP5	WNT	Wnt7b	FZD9_LRP5	WNT agonist	WNT antagonist	WNT activation receptor	WNT inhibition receptor	Secreted Signaling
WNT8A_FZD1_LRP5	WNT	Wnt8a	FZD1_LRP5	WNT agonist	WNT antagonist	WNT activation receptor	WNT inhibition receptor	Secreted Signaling
WNT8A_FZD10_LRP5	WNT	Wnt8a	FZD10_LRP5	WNT agonist	WNT antagonist	WNT activation receptor	WNT inhibition receptor	Secreted Signaling
WNT8A_FZD2_LRP5	WNT	Wnt8a	FZD2_LRP5	WNT agonist	WNT antagonist	WNT activation receptor	WNT inhibition receptor	Secreted Signaling
WNT8A_FZD3_LRP5	WNT	Wnt8a	FZD3_LRP5	WNT agonist	WNT antagonist	WNT activation receptor	WNT inhibition receptor	Secreted Signaling
WNT8A_FZD4_LRP5	WNT	Wnt8a	FZD4_LRP5	WNT agonist	WNT antagonist	WNT activation receptor	WNT inhibition receptor	Secreted Signaling
WNT8A_FZD5_LRP5	WNT	Wnt8a	FZD5_LRP5	WNT agonist	WNT antagonist	WNT activation receptor	WNT inhibition receptor	Secreted Signaling
WNT8A_FZD6_LRP5	WNT	Wnt8a	FZD6_LRP5	WNT agonist	WNT antagonist	WNT activation receptor	WNT inhibition receptor	Secreted Signaling
WNT8A_FZD7_LRP5	WNT	Wnt8a	FZD7_LRP5	WNT agonist	WNT antagonist	WNT activation receptor	WNT inhibition receptor	Secreted Signaling
WNT8A_FZD8_LRP5	WNT	Wnt8a	FZD8_LRP5	WNT agonist	WNT antagonist	WNT activation receptor	WNT inhibition receptor	Secreted Signaling
WNT8A_FZD9_LRP5	WNT	Wnt8a	FZD9_LRP5	WNT agonist	WNT antagonist	WNT activation receptor	WNT inhibition receptor	Secreted Signaling
WNT8B_FZD1_LRP5	WNT	Wnt8b	FZD1_LRP5	WNT agonist	WNT antagonist	WNT activation receptor	WNT inhibition receptor	Secreted Signaling
WNT8B_FZD10_LRP5	WNT	Wnt8b	FZD10_LRP5	WNT agonist	WNT antagonist	WNT activation receptor	WNT inhibition receptor	Secreted Signaling
WNT8B_FZD2_LRP5	WNT	Wnt8b	FZD2_LRP5	WNT agonist	WNT antagonist	WNT activation receptor	WNT inhibition receptor	Secreted Signaling
WNT8B_FZD3_LRP5	WNT	Wnt8b	FZD3_LRP5	WNT agonist	WNT antagonist	WNT activation receptor	WNT inhibition receptor	Secreted Signaling
WNT8B_FZD4_LRP5	WNT	Wnt8b	FZD4_LRP5	WNT agonist	WNT antagonist	WNT activation receptor	WNT inhibition receptor	Secreted Signaling
WNT8B_FZD5_LRP5	WNT	Wnt8b	FZD5_LRP5	WNT agonist	WNT antagonist	WNT activation receptor	WNT inhibition receptor	Secreted Signaling
WNT8B_FZD6_LRP5	WNT	Wnt8b	FZD6_LRP5	WNT agonist	WNT antagonist	WNT activation receptor	WNT inhibition receptor	Secreted Signaling
WNT8B_FZD7_LRP5	WNT	Wnt8b	FZD7_LRP5	WNT agonist	WNT antagonist	WNT activation receptor	WNT inhibition receptor	Secreted Signaling
WNT8B_FZD8_LRP5	WNT	Wnt8b	FZD8_LRP5	WNT agonist	WNT antagonist	WNT activation receptor	WNT inhibition receptor	Secreted Signaling
WNT8B_FZD9_LRP5	WNT	Wnt8b	FZD9_LRP5	WNT agonist	WNT antagonist	WNT activation receptor	WNT inhibition receptor	Secreted Signaling
WNT9A_FZD1_LRP5	WNT	Wnt9a	FZD1_LRP5	WNT agonist	WNT antagonist	WNT activation receptor	WNT inhibition receptor	Secreted Signaling
WNT9A_FZD10_LRP5	WNT	Wnt9a	FZD10_LRP5	WNT agonist	WNT antagonist	WNT activation receptor	WNT inhibition receptor	Secreted Signaling
WNT9A_FZD2_LRP5	WNT	Wnt9a	FZD2_LRP5	WNT agonist	WNT antagonist	WNT activation receptor	WNT inhibition receptor	Secreted Signaling
WNT9A_FZD3_LRP5	WNT	Wnt9a	FZD3_LRP5	WNT agonist	WNT antagonist	WNT activation receptor	WNT inhibition receptor	Secreted Signaling
WNT9A_FZD4_LRP5	WNT	Wnt9a	FZD4_LRP5	WNT agonist	WNT antagonist	WNT activation receptor	WNT inhibition receptor	Secreted Signaling
WNT9A_FZD5_LRP5	WNT	Wnt9a	FZD5_LRP5	WNT agonist	WNT antagonist	WNT activation receptor	WNT inhibition receptor	Secreted Signaling
WNT9A_FZD6_LRP5	WNT	Wnt9a	FZD6_LRP5	WNT agonist	WNT antagonist	WNT activation receptor	WNT inhibition receptor	Secreted Signaling
WNT9A_FZD7_LRP5	WNT	Wnt9a	FZD7_LRP5	WNT agonist	WNT antagonist	WNT activation receptor	WNT inhibition receptor	Secreted Signaling
WNT9A_FZD8_LRP5	WNT	Wnt9a	FZD8_LRP5	WNT agonist	WNT antagonist	WNT activation receptor	WNT inhibition receptor	Secreted Signaling
WNT9A_FZD9_LRP5	WNT	Wnt9a	FZD9_LRP5	WNT agonist	WNT antagonist	WNT activation receptor	WNT inhibition receptor	Secreted Signaling
WNT9B_FZD1_LRP5	WNT	Wnt9b	FZD1_LRP5	WNT agonist	WNT antagonist	WNT activation receptor	WNT inhibition receptor	Secreted Signaling
WNT9B_FZD10_LRP5	WNT	Wnt9b	FZD10_LRP5	WNT agonist	WNT antagonist	WNT activation receptor	WNT inhibition receptor	Secreted Signaling
WNT9B_FZD2_LRP5	WNT	Wnt9b	FZD2_LRP5	WNT agonist	WNT antagonist	WNT activation receptor	WNT inhibition receptor	Secreted Signaling
WNT9B_FZD3_LRP5	WNT	Wnt9b	FZD3_LRP5	WNT agonist	WNT antagonist	WNT activation receptor	WNT inhibition receptor	Secreted Signaling
WNT9B_FZD4_LRP5	WNT	Wnt9b	FZD4_LRP5	WNT agonist	WNT antagonist	WNT activation receptor	WNT inhibition receptor	Secreted Signaling
WNT9B_FZD5_LRP5	WNT	Wnt9b	FZD5_LRP5	WNT agonist	WNT antagonist	WNT activation receptor	WNT inhibition receptor	Secreted Signaling
WNT9B_FZD6_LRP5	WNT	Wnt9b	FZD6_LRP5	WNT agonist	WNT antagonist	WNT activation receptor	WNT inhibition receptor	Secreted Signaling
WNT9B_FZD7_LRP5	WNT	Wnt9b	FZD7_LRP5	WNT agonist	WNT antagonist	WNT activation receptor	WNT inhibition receptor	Secreted Signaling
WNT9B_FZD8_LRP5	WNT	Wnt9b	FZD8_LRP5	WNT agonist	WNT antagonist	WNT activation receptor	WNT inhibition receptor	Secreted Signaling
WNT9B_FZD9_LRP5	WNT	Wnt9b	FZD9_LRP5	WNT agonist	WNT antagonist	WNT activation receptor	WNT inhibition receptor	Secreted Signaling
WNT1_FZD1_LRP6	WNT	Wnt1	FZD1_LRP6	WNT agonist	WNT antagonist	WNT activation receptor	WNT inhibition receptor	Secreted Signaling
WNT1_FZD10_LRP6	WNT	Wnt1	FZD10_LRP6	WNT agonist	WNT antagonist	WNT activation receptor	WNT inhibition receptor	Secreted Signaling
WNT1_FZD2_LRP6	WNT	Wnt1	FZD2_LRP6	WNT agonist	WNT antagonist	WNT activation receptor	WNT inhibition receptor	Secreted Signaling
WNT1_FZD3_LRP6	WNT	Wnt1	FZD3_LRP6	WNT agonist	WNT antagonist	WNT activation receptor	WNT inhibition receptor	Secreted Signaling
WNT1_FZD4_LRP6	WNT	Wnt1	FZD4_LRP6	WNT agonist	WNT antagonist	WNT activation receptor	WNT inhibition receptor	Secreted Signaling
WNT1_FZD5_LRP6	WNT	Wnt1	FZD5_LRP6	WNT agonist	WNT antagonist	WNT activation receptor	WNT inhibition receptor	Secreted Signaling
WNT1_FZD6_LRP6	WNT	Wnt1	FZD6_LRP6	WNT agonist	WNT antagonist	WNT activation receptor	WNT inhibition receptor	Secreted Signaling
WNT1_FZD7_LRP6	WNT	Wnt1	FZD7_LRP6	WNT agonist	WNT antagonist	WNT activation receptor	WNT inhibition receptor	Secreted Signaling
WNT1_FZD8_LRP6	WNT	Wnt1	FZD8_LRP6	WNT agonist	WNT antagonist	WNT activation receptor	WNT inhibition receptor	Secreted Signaling
WNT1_FZD9_LRP6	WNT	Wnt1	FZD9_LRP6	WNT agonist	WNT antagonist	WNT activation receptor	WNT inhibition receptor	Secreted Signaling
WNT10A_FZD1_LRP6	WNT	Wnt10a	FZD1_LRP6	WNT agonist	WNT antagonist	WNT activation receptor	WNT inhibition receptor	Secreted Signaling
WNT10A_FZD10_LRP6	WNT	Wnt10a	FZD10_LRP6	WNT agonist	WNT antagonist	WNT activation receptor	WNT inhibition receptor	Secreted Signaling
WNT10A_FZD2_LRP6	WNT	Wnt10a	FZD2_LRP6	WNT agonist	WNT antagonist	WNT activation receptor	WNT inhibition receptor	Secreted Signaling
WNT10A_FZD3_LRP6	WNT	Wnt10a	FZD3_LRP6	WNT agonist	WNT antagonist	WNT activation receptor	WNT inhibition receptor	Secreted Signaling
WNT10A_FZD4_LRP6	WNT	Wnt10a	FZD4_LRP6	WNT agonist	WNT antagonist	WNT activation receptor	WNT inhibition receptor	Secreted Signaling
WNT10A_FZD5_LRP6	WNT	Wnt10a	FZD5_LRP6	WNT agonist	WNT antagonist	WNT activation receptor	WNT inhibition receptor	Secreted Signaling
WNT10A_FZD6_LRP6	WNT	Wnt10a	FZD6_LRP6	WNT agonist	WNT antagonist	WNT activation receptor	WNT inhibition receptor	Secreted Signaling
WNT10A_FZD7_LRP6	WNT	Wnt10a	FZD7_LRP6	WNT agonist	WNT antagonist	WNT activation receptor	WNT inhibition receptor	Secreted Signaling
WNT10A_FZD8_LRP6	WNT	Wnt10a	FZD8_LRP6	WNT agonist	WNT antagonist	WNT activation receptor	WNT inhibition receptor	Secreted Signaling
WNT10A_FZD9_LRP6	WNT	Wnt10a	FZD9_LRP6	WNT agonist	WNT antagonist	WNT activation receptor	WNT inhibition receptor	Secreted Signaling
WNT10B_FZD1_LRP6	WNT	Wnt10b	FZD1_LRP6	WNT agonist	WNT antagonist	WNT activation receptor	WNT inhibition receptor	Secreted Signaling
WNT10B_FZD10_LRP6	WNT	Wnt10b	FZD10_LRP6	WNT agonist	WNT antagonist	WNT activation receptor	WNT inhibition receptor	Secreted Signaling
WNT10B_FZD2_LRP6	WNT	Wnt10b	FZD2_LRP6	WNT agonist	WNT antagonist	WNT activation receptor	WNT inhibition receptor	Secreted Signaling
WNT10B_FZD3_LRP6	WNT	Wnt10b	FZD3_LRP6	WNT agonist	WNT antagonist	WNT activation receptor	WNT inhibition receptor	Secreted Signaling
WNT10B_FZD4_LRP6	WNT	Wnt10b	FZD4_LRP6	WNT agonist	WNT antagonist	WNT activation receptor	WNT inhibition receptor	Secreted Signaling
WNT10B_FZD5_LRP6	WNT	Wnt10b	FZD5_LRP6	WNT agonist	WNT antagonist	WNT activation receptor	WNT inhibition receptor	Secreted Signaling
WNT10B_FZD6_LRP6	WNT	Wnt10b	FZD6_LRP6	WNT agonist	WNT antagonist	WNT activation receptor	WNT inhibition receptor	Secreted Signaling
WNT10B_FZD7_LRP6	WNT	Wnt10b	FZD7_LRP6	WNT agonist	WNT antagonist	WNT activation receptor	WNT inhibition receptor	Secreted Signaling
WNT10B_FZD8_LRP6	WNT	Wnt10b	FZD8_LRP6	WNT agonist	WNT antagonist	WNT activation receptor	WNT inhibition receptor	Secreted Signaling
WNT10B_FZD9_LRP6	WNT	Wnt10b	FZD9_LRP6	WNT agonist	WNT antagonist	WNT activation receptor	WNT inhibition receptor	Secreted Signaling
WNT16_FZD1_LRP6	WNT	Wnt16	FZD1_LRP6	WNT agonist	WNT antagonist	WNT activation receptor	WNT inhibition receptor	Secreted Signaling
WNT16_FZD10_LRP6	WNT	Wnt16	FZD10_LRP6	WNT agonist	WNT antagonist	WNT activation receptor	WNT inhibition receptor	Secreted Signaling
WNT16_FZD2_LRP6	WNT	Wnt16	FZD2_LRP6	WNT agonist	WNT antagonist	WNT activation receptor	WNT inhibition receptor	Secreted Signaling
WNT16_FZD3_LRP6	WNT	Wnt16	FZD3_LRP6	WNT agonist	WNT antagonist	WNT activation receptor	WNT inhibition receptor	Secreted Signaling
WNT16_FZD4_LRP6	WNT	Wnt16	FZD4_LRP6	WNT agonist	WNT antagonist	WNT activation receptor	WNT inhibition receptor	Secreted Signaling
WNT16_FZD5_LRP6	WNT	Wnt16	FZD5_LRP6	WNT agonist	WNT antagonist	WNT activation receptor	WNT inhibition receptor	Secreted Signaling
WNT16_FZD6_LRP6	WNT	Wnt16	FZD6_LRP6	WNT agonist	WNT antagonist	WNT activation receptor	WNT inhibition receptor	Secreted Signaling
WNT16_FZD7_LRP6	WNT	Wnt16	FZD7_LRP6	WNT agonist	WNT antagonist	WNT activation receptor	WNT inhibition receptor	Secreted Signaling
WNT16_FZD8_LRP6	WNT	Wnt16	FZD8_LRP6	WNT agonist	WNT antagonist	WNT activation receptor	WNT inhibition receptor	Secreted Signaling
WNT16_FZD9_LRP6	WNT	Wnt16	FZD9_LRP6	WNT agonist	WNT antagonist	WNT activation receptor	WNT inhibition receptor	Secreted Signaling
WNT2_FZD1_LRP6	WNT	Wnt2	FZD1_LRP6	WNT agonist	WNT antagonist	WNT activation receptor	WNT inhibition receptor	Secreted Signaling
WNT2_FZD10_LRP6	WNT	Wnt2	FZD10_LRP6	WNT agonist	WNT antagonist	WNT activation receptor	WNT inhibition receptor	Secreted Signaling
WNT2_FZD2_LRP6	WNT	Wnt2	FZD2_LRP6	WNT agonist	WNT antagonist	WNT activation receptor	WNT inhibition receptor	Secreted Signaling
WNT2_FZD3_LRP6	WNT	Wnt2	FZD3_LRP6	WNT agonist	WNT antagonist	WNT activation receptor	WNT inhibition receptor	Secreted Signaling
WNT2_FZD4_LRP6	WNT	Wnt2	FZD4_LRP6	WNT agonist	WNT antagonist	WNT activation receptor	WNT inhibition receptor	Secreted Signaling
WNT2_FZD5_LRP6	WNT	Wnt2	FZD5_LRP6	WNT agonist	WNT antagonist	WNT activation receptor	WNT inhibition receptor	Secreted Signaling
WNT2_FZD6_LRP6	WNT	Wnt2	FZD6_LRP6	WNT agonist	WNT antagonist	WNT activation receptor	WNT inhibition receptor	Secreted Signaling
WNT2_FZD7_LRP6	WNT	Wnt2	FZD7_LRP6	WNT agonist	WNT antagonist	WNT activation receptor	WNT inhibition receptor	Secreted Signaling
WNT2_FZD8_LRP6	WNT	Wnt2	FZD8_LRP6	WNT agonist	WNT antagonist	WNT activation receptor	WNT inhibition receptor	Secreted Signaling
WNT2_FZD9_LRP6	WNT	Wnt2	FZD9_LRP6	WNT agonist	WNT antagonist	WNT activation receptor	WNT inhibition receptor	Secreted Signaling
WNT2B_FZD1_LRP6	WNT	Wnt2b	FZD1_LRP6	WNT agonist	WNT antagonist	WNT activation receptor	WNT inhibition receptor	Secreted Signaling
WNT2B_FZD10_LRP6	WNT	Wnt2b	FZD10_LRP6	WNT agonist	WNT antagonist	WNT activation receptor	WNT inhibition receptor	Secreted Signaling
WNT2B_FZD2_LRP6	WNT	Wnt2b	FZD2_LRP6	WNT agonist	WNT antagonist	WNT activation receptor	WNT inhibition receptor	Secreted Signaling
WNT2B_FZD3_LRP6	WNT	Wnt2b	FZD3_LRP6	WNT agonist	WNT antagonist	WNT activation receptor	WNT inhibition receptor	Secreted Signaling
WNT2B_FZD4_LRP6	WNT	Wnt2b	FZD4_LRP6	WNT agonist	WNT antagonist	WNT activation receptor	WNT inhibition receptor	Secreted Signaling
WNT2B_FZD5_LRP6	WNT	Wnt2b	FZD5_LRP6	WNT agonist	WNT antagonist	WNT activation receptor	WNT inhibition receptor	Secreted Signaling
WNT2B_FZD6_LRP6	WNT	Wnt2b	FZD6_LRP6	WNT agonist	WNT antagonist	WNT activation receptor	WNT inhibition receptor	Secreted Signaling
WNT2B_FZD7_LRP6	WNT	Wnt2b	FZD7_LRP6	WNT agonist	WNT antagonist	WNT activation receptor	WNT inhibition receptor	Secreted Signaling
WNT2B_FZD8_LRP6	WNT	Wnt2b	FZD8_LRP6	WNT agonist	WNT antagonist	WNT activation receptor	WNT inhibition receptor	Secreted Signaling
WNT2B_FZD9_LRP6	WNT	Wnt2b	FZD9_LRP6	WNT agonist	WNT antagonist	WNT activation receptor	WNT inhibition receptor	Secreted Signaling
WNT3_FZD1_LRP6	WNT	Wnt3	FZD1_LRP6	WNT agonist	WNT antagonist	WNT activation receptor	WNT inhibition receptor	Secreted Signaling
WNT3_FZD10_LRP6	WNT	Wnt3	FZD10_LRP6	WNT agonist	WNT antagonist	WNT activation receptor	WNT inhibition receptor	Secreted Signaling
WNT3_FZD2_LRP6	WNT	Wnt3	FZD2_LRP6	WNT agonist	WNT antagonist	WNT activation receptor	WNT inhibition receptor	Secreted Signaling
WNT3_FZD3_LRP6	WNT	Wnt3	FZD3_LRP6	WNT agonist	WNT antagonist	WNT activation receptor	WNT inhibition receptor	Secreted Signaling
WNT3_FZD4_LRP6	WNT	Wnt3	FZD4_LRP6	WNT agonist	WNT antagonist	WNT activation receptor	WNT inhibition receptor	Secreted Signaling
WNT3_FZD5_LRP6	WNT	Wnt3	FZD5_LRP6	WNT agonist	WNT antagonist	WNT activation receptor	WNT inhibition receptor	Secreted Signaling
WNT3_FZD6_LRP6	WNT	Wnt3	FZD6_LRP6	WNT agonist	WNT antagonist	WNT activation receptor	WNT inhibition receptor	Secreted Signaling
WNT3_FZD7_LRP6	WNT	Wnt3	FZD7_LRP6	WNT agonist	WNT antagonist	WNT activation receptor	WNT inhibition receptor	Secreted Signaling
WNT3_FZD8_LRP6	WNT	Wnt3	FZD8_LRP6	WNT agonist	WNT antagonist	WNT activation receptor	WNT inhibition receptor	Secreted Signaling
WNT3_FZD9_LRP6	WNT	Wnt3	FZD9_LRP6	WNT agonist	WNT antagonist	WNT activation receptor	WNT inhibition receptor	Secreted Signaling
WNT3A_FZD1_LRP6	WNT	Wnt3a	FZD1_LRP6	WNT agonist	WNT antagonist	WNT activation receptor	WNT inhibition receptor	Secreted Signaling
WNT3A_FZD10_LRP6	WNT	Wnt3a	FZD10_LRP6	WNT agonist	WNT antagonist	WNT activation receptor	WNT inhibition receptor	Secreted Signaling
WNT3A_FZD2_LRP6	WNT	Wnt3a	FZD2_LRP6	WNT agonist	WNT antagonist	WNT activation receptor	WNT inhibition receptor	Secreted Signaling
WNT3A_FZD3_LRP6	WNT	Wnt3a	FZD3_LRP6	WNT agonist	WNT antagonist	WNT activation receptor	WNT inhibition receptor	Secreted Signaling
WNT3A_FZD4_LRP6	WNT	Wnt3a	FZD4_LRP6	WNT agonist	WNT antagonist	WNT activation receptor	WNT inhibition receptor	Secreted Signaling
WNT3A_FZD5_LRP6	WNT	Wnt3a	FZD5_LRP6	WNT agonist	WNT antagonist	WNT activation receptor	WNT inhibition receptor	Secreted Signaling
WNT3A_FZD6_LRP6	WNT	Wnt3a	FZD6_LRP6	WNT agonist	WNT antagonist	WNT activation receptor	WNT inhibition receptor	Secreted Signaling
WNT3A_FZD7_LRP6	WNT	Wnt3a	FZD7_LRP6	WNT agonist	WNT antagonist	WNT activation receptor	WNT inhibition receptor	Secreted Signaling
WNT3A_FZD8_LRP6	WNT	Wnt3a	FZD8_LRP6	WNT agonist	WNT antagonist	WNT activation receptor	WNT inhibition receptor	Secreted Signaling
WNT3A_FZD9_LRP6	WNT	Wnt3a	FZD9_LRP6	WNT agonist	WNT antagonist	WNT activation receptor	WNT inhibition receptor	Secreted Signaling
WNT4_FZD1_LRP6	WNT	Wnt4	FZD1_LRP6	WNT agonist	WNT antagonist	WNT activation receptor	WNT inhibition receptor	Secreted Signaling
WNT4_FZD10_LRP6	WNT	Wnt4	FZD10_LRP6	WNT agonist	WNT antagonist	WNT activation receptor	WNT inhibition receptor	Secreted Signaling
WNT4_FZD2_LRP6	WNT	Wnt4	FZD2_LRP6	WNT agonist	WNT antagonist	WNT activation receptor	WNT inhibition receptor	Secreted Signaling
WNT4_FZD3_LRP6	WNT	Wnt4	FZD3_LRP6	WNT agonist	WNT antagonist	WNT activation receptor	WNT inhibition receptor	Secreted Signaling
WNT4_FZD4_LRP6	WNT	Wnt4	FZD4_LRP6	WNT agonist	WNT antagonist	WNT activation receptor	WNT inhibition receptor	Secreted Signaling
WNT4_FZD5_LRP6	WNT	Wnt4	FZD5_LRP6	WNT agonist	WNT antagonist	WNT activation receptor	WNT inhibition receptor	Secreted Signaling
WNT4_FZD6_LRP6	WNT	Wnt4	FZD6_LRP6	WNT agonist	WNT antagonist	WNT activation receptor	WNT inhibition receptor	Secreted Signaling
WNT4_FZD7_LRP6	WNT	Wnt4	FZD7_LRP6	WNT agonist	WNT antagonist	WNT activation receptor	WNT inhibition receptor	Secreted Signaling
WNT4_FZD8_LRP6	WNT	Wnt4	FZD8_LRP6	WNT agonist	WNT antagonist	WNT activation receptor	WNT inhibition receptor	Secreted Signaling
WNT4_FZD9_LRP6	WNT	Wnt4	FZD9_LRP6	WNT agonist	WNT antagonist	WNT activation receptor	WNT inhibition receptor	Secreted Signaling
WNT6_FZD1_LRP6	WNT	Wnt6	FZD1_LRP6	WNT agonist	WNT antagonist	WNT activation receptor	WNT inhibition receptor	Secreted Signaling
WNT6_FZD10_LRP6	WNT	Wnt6	FZD10_LRP6	WNT agonist	WNT antagonist	WNT activation receptor	WNT inhibition receptor	Secreted Signaling
WNT6_FZD2_LRP6	WNT	Wnt6	FZD2_LRP6	WNT agonist	WNT antagonist	WNT activation receptor	WNT inhibition receptor	Secreted Signaling
WNT6_FZD3_LRP6	WNT	Wnt6	FZD3_LRP6	WNT agonist	WNT antagonist	WNT activation receptor	WNT inhibition receptor	Secreted Signaling
WNT6_FZD4_LRP6	WNT	Wnt6	FZD4_LRP6	WNT agonist	WNT antagonist	WNT activation receptor	WNT inhibition receptor	Secreted Signaling
WNT6_FZD5_LRP6	WNT	Wnt6	FZD5_LRP6	WNT agonist	WNT antagonist	WNT activation receptor	WNT inhibition receptor	Secreted Signaling
WNT6_FZD6_LRP6	WNT	Wnt6	FZD6_LRP6	WNT agonist	WNT antagonist	WNT activation receptor	WNT inhibition receptor	Secreted Signaling
WNT6_FZD7_LRP6	WNT	Wnt6	FZD7_LRP6	WNT agonist	WNT antagonist	WNT activation receptor	WNT inhibition receptor	Secreted Signaling
WNT6_FZD8_LRP6	WNT	Wnt6	FZD8_LRP6	WNT agonist	WNT antagonist	WNT activation receptor	WNT inhibition receptor	Secreted Signaling
WNT6_FZD9_LRP6	WNT	Wnt6	FZD9_LRP6	WNT agonist	WNT antagonist	WNT activation receptor	WNT inhibition receptor	Secreted Signaling
WNT7A_FZD1_LRP6	WNT	Wnt7a	FZD1_LRP6	WNT agonist	WNT antagonist	WNT activation receptor	WNT inhibition receptor	Secreted Signaling
WNT7A_FZD10_LRP6	WNT	Wnt7a	FZD10_LRP6	WNT agonist	WNT antagonist	WNT activation receptor	WNT inhibition receptor	Secreted Signaling
WNT7A_FZD2_LRP6	WNT	Wnt7a	FZD2_LRP6	WNT agonist	WNT antagonist	WNT activation receptor	WNT inhibition receptor	Secreted Signaling
WNT7A_FZD3_LRP6	WNT	Wnt7a	FZD3_LRP6	WNT agonist	WNT antagonist	WNT activation receptor	WNT inhibition receptor	Secreted Signaling
WNT7A_FZD4_LRP6	WNT	Wnt7a	FZD4_LRP6	WNT agonist	WNT antagonist	WNT activation receptor	WNT inhibition receptor	Secreted Signaling
WNT7A_FZD5_LRP6	WNT	Wnt7a	FZD5_LRP6	WNT agonist	WNT antagonist	WNT activation receptor	WNT inhibition receptor	Secreted Signaling
WNT7A_FZD6_LRP6	WNT	Wnt7a	FZD6_LRP6	WNT agonist	WNT antagonist	WNT activation receptor	WNT inhibition receptor	Secreted Signaling
WNT7A_FZD7_LRP6	WNT	Wnt7a	FZD7_LRP6	WNT agonist	WNT antagonist	WNT activation receptor	WNT inhibition receptor	Secreted Signaling
WNT7A_FZD8_LRP6	WNT	Wnt7a	FZD8_LRP6	WNT agonist	WNT antagonist	WNT activation receptor	WNT inhibition receptor	Secreted Signaling
WNT7A_FZD9_LRP6	WNT	Wnt7a	FZD9_LRP6	WNT agonist	WNT antagonist	WNT activation receptor	WNT inhibition receptor	Secreted Signaling
WNT7B_FZD1_LRP6	WNT	Wnt7b	FZD1_LRP6	WNT agonist	WNT antagonist	WNT activation receptor	WNT inhibition receptor	Secreted Signaling
WNT7B_FZD10_LRP6	WNT	Wnt7b	FZD10_LRP6	WNT agonist	WNT antagonist	WNT activation receptor	WNT inhibition receptor	Secreted Signaling
WNT7B_FZD2_LRP6	WNT	Wnt7b	FZD2_LRP6	WNT agonist	WNT antagonist	WNT activation receptor	WNT inhibition receptor	Secreted Signaling
WNT7B_FZD3_LRP6	WNT	Wnt7b	FZD3_LRP6	WNT agonist	WNT antagonist	WNT activation receptor	WNT inhibition receptor	Secreted Signaling
WNT7B_FZD4_LRP6	WNT	Wnt7b	FZD4_LRP6	WNT agonist	WNT antagonist	WNT activation receptor	WNT inhibition receptor	Secreted Signaling
WNT7B_FZD5_LRP6	WNT	Wnt7b	FZD5_LRP6	WNT agonist	WNT antagonist	WNT activation receptor	WNT inhibition receptor	Secreted Signaling
WNT7B_FZD6_LRP6	WNT	Wnt7b	FZD6_LRP6	WNT agonist	WNT antagonist	WNT activation receptor	WNT inhibition receptor	Secreted Signaling
WNT7B_FZD7_LRP6	WNT	Wnt7b	FZD7_LRP6	WNT agonist	WNT antagonist	WNT activation receptor	WNT inhibition receptor	Secreted Signaling
WNT7B_FZD8_LRP6	WNT	Wnt7b	FZD8_LRP6	WNT agonist	WNT antagonist	WNT activation receptor	WNT inhibition receptor	Secreted Signaling
WNT7B_FZD9_LRP6	WNT	Wnt7b	FZD9_LRP6	WNT agonist	WNT antagonist	WNT activation receptor	WNT inhibition receptor	Secreted Signaling
WNT8A_FZD1_LRP6	WNT	Wnt8a	FZD1_LRP6	WNT agonist	WNT antagonist	WNT activation receptor	WNT inhibition receptor	Secreted Signaling
WNT8A_FZD10_LRP6	WNT	Wnt8a	FZD10_LRP6	WNT agonist	WNT antagonist	WNT activation receptor	WNT inhibition receptor	Secreted Signaling
WNT8A_FZD2_LRP6	WNT	Wnt8a	FZD2_LRP6	WNT agonist	WNT antagonist	WNT activation receptor	WNT inhibition receptor	Secreted Signaling
WNT8A_FZD3_LRP6	WNT	Wnt8a	FZD3_LRP6	WNT agonist	WNT antagonist	WNT activation receptor	WNT inhibition receptor	Secreted Signaling
WNT8A_FZD4_LRP6	WNT	Wnt8a	FZD4_LRP6	WNT agonist	WNT antagonist	WNT activation receptor	WNT inhibition receptor	Secreted Signaling
WNT8A_FZD5_LRP6	WNT	Wnt8a	FZD5_LRP6	WNT agonist	WNT antagonist	WNT activation receptor	WNT inhibition receptor	Secreted Signaling
WNT8A_FZD6_LRP6	WNT	Wnt8a	FZD6_LRP6	WNT agonist	WNT antagonist	WNT activation receptor	WNT inhibition receptor	Secreted Signaling
WNT8A_FZD7_LRP6	WNT	Wnt8a	FZD7_LRP6	WNT agonist	WNT antagonist	WNT activation receptor	WNT inhibition receptor	Secreted Signaling
WNT8A_FZD8_LRP6	WNT	Wnt8a	FZD8_LRP6	WNT agonist	WNT antagonist	WNT activation receptor	WNT inhibition receptor	Secreted Signaling
WNT8A_FZD9_LRP6	WNT	Wnt8a	FZD9_LRP6	WNT agonist	WNT antagonist	WNT activation receptor	WNT inhibition receptor	Secreted Signaling
WNT8B_FZD1_LRP6	WNT	Wnt8b	FZD1_LRP6	WNT agonist	WNT antagonist	WNT activation receptor	WNT inhibition receptor	Secreted Signaling
WNT8B_FZD10_LRP6	WNT	Wnt8b	FZD10_LRP6	WNT agonist	WNT antagonist	WNT activation receptor	WNT inhibition receptor	Secreted Signaling
WNT8B_FZD2_LRP6	WNT	Wnt8b	FZD2_LRP6	WNT agonist	WNT antagonist	WNT activation receptor	WNT inhibition receptor	Secreted Signaling
WNT8B_FZD3_LRP6	WNT	Wnt8b	FZD3_LRP6	WNT agonist	WNT antagonist	WNT activation receptor	WNT inhibition receptor	Secreted Signaling
WNT8B_FZD4_LRP6	WNT	Wnt8b	FZD4_LRP6	WNT agonist	WNT antagonist	WNT activation receptor	WNT inhibition receptor	Secreted Signaling
WNT8B_FZD5_LRP6	WNT	Wnt8b	FZD5_LRP6	WNT agonist	WNT antagonist	WNT activation receptor	WNT inhibition receptor	Secreted Signaling
WNT8B_FZD6_LRP6	WNT	Wnt8b	FZD6_LRP6	WNT agonist	WNT antagonist	WNT activation receptor	WNT inhibition receptor	Secreted Signaling
WNT8B_FZD7_LRP6	WNT	Wnt8b	FZD7_LRP6	WNT agonist	WNT antagonist	WNT activation receptor	WNT inhibition receptor	Secreted Signaling
WNT8B_FZD8_LRP6	WNT	Wnt8b	FZD8_LRP6	WNT agonist	WNT antagonist	WNT activation receptor	WNT inhibition receptor	Secreted Signaling
WNT8B_FZD9_LRP6	WNT	Wnt8b	FZD9_LRP6	WNT agonist	WNT antagonist	WNT activation receptor	WNT inhibition receptor	Secreted Signaling
WNT9A_FZD1_LRP6	WNT	Wnt9a	FZD1_LRP6	WNT agonist	WNT antagonist	WNT activation receptor	WNT inhibition receptor	Secreted Signaling
WNT9A_FZD10_LRP6	WNT	Wnt9a	FZD10_LRP6	WNT agonist	WNT antagonist	WNT activation receptor	WNT inhibition receptor	Secreted Signaling
WNT9A_FZD2_LRP6	WNT	Wnt9a	FZD2_LRP6	WNT agonist	WNT antagonist	WNT activation receptor	WNT inhibition receptor	Secreted Signaling
WNT9A_FZD3_LRP6	WNT	Wnt9a	FZD3_LRP6	WNT agonist	WNT antagonist	WNT activation receptor	WNT inhibition receptor	Secreted Signaling
WNT9A_FZD4_LRP6	WNT	Wnt9a	FZD4_LRP6	WNT agonist	WNT antagonist	WNT activation receptor	WNT inhibition receptor	Secreted Signaling
WNT9A_FZD5_LRP6	WNT	Wnt9a	FZD5_LRP6	WNT agonist	WNT antagonist	WNT activation receptor	WNT inhibition receptor	Secreted Signaling
WNT9A_FZD6_LRP6	WNT	Wnt9a	FZD6_LRP6	WNT agonist	WNT antagonist	WNT activation receptor	WNT inhibition receptor	Secreted Signaling
WNT9A_FZD7_LRP6	WNT	Wnt9a	FZD7_LRP6	WNT agonist	WNT antagonist	WNT activation receptor	WNT inhibition receptor	Secreted Signaling
WNT9A_FZD8_LRP6	WNT	Wnt9a	FZD8_LRP6	WNT agonist	WNT antagonist	WNT activation receptor	WNT inhibition receptor	Secreted Signaling
WNT9A_FZD9_LRP6	WNT	Wnt9a	FZD9_LRP6	WNT agonist	WNT antagonist	WNT activation receptor	WNT inhibition receptor	Secreted Signaling
WNT9B_FZD1_LRP6	WNT	Wnt9b	FZD1_LRP6	WNT agonist	WNT antagonist	WNT activation receptor	WNT inhibition receptor	Secreted Signaling
WNT9B_FZD10_LRP6	WNT	Wnt9b	FZD10_LRP6	WNT agonist	WNT antagonist	WNT activation receptor	WNT inhibition receptor	Secreted Signaling
WNT9B_FZD2_LRP6	WNT	Wnt9b	FZD2_LRP6	WNT agonist	WNT antagonist	WNT activation receptor	WNT inhibition receptor	Secreted Signaling
WNT9B_FZD3_LRP6	WNT	Wnt9b	FZD3_LRP6	WNT agonist	WNT antagonist	WNT activation receptor	WNT inhibition receptor	Secreted Signaling
WNT9B_FZD4_LRP6	WNT	Wnt9b	FZD4_LRP6	WNT agonist	WNT antagonist	WNT activation receptor	WNT inhibition receptor	Secreted Signaling
WNT9B_FZD5_LRP6	WNT	Wnt9b	FZD5_LRP6	WNT agonist	WNT antagonist	WNT activation receptor	WNT inhibition receptor	Secreted Signaling
WNT9B_FZD6_LRP6	WNT	Wnt9b	FZD6_LRP6	WNT agonist	WNT antagonist	WNT activation receptor	WNT inhibition receptor	Secreted Signaling
WNT9B_FZD7_LRP6	WNT	Wnt9b	FZD7_LRP6	WNT agonist	WNT antagonist	WNT activation receptor	WNT inhibition receptor	Secreted Signaling
WNT9B_FZD8_LRP6	WNT	Wnt9b	FZD8_LRP6	WNT agonist	WNT antagonist	WNT activation receptor	WNT inhibition receptor	Secreted Signaling
WNT9B_FZD9_LRP6	WNT	Wnt9b	FZD9_LRP6	WNT agonist	WNT antagonist	WNT activation receptor	WNT inhibition receptor	Secreted Signaling
WNT5A_FZD1	ncWNT	Wnt5a	Fzd1			ncWNT activation receptor		Secreted Signaling
WNT5A_FZD10	ncWNT	Wnt5a	Fzd10			ncWNT activation receptor		Secreted Signaling
WNT5A_FZD2	ncWNT	Wnt5a	Fzd2			ncWNT activation receptor		Secreted Signaling
WNT5A_FZD3	ncWNT	Wnt5a	Fzd3			ncWNT activation receptor		Secreted Signaling
WNT5A_FZD4	ncWNT	Wnt5a	Fzd4			ncWNT activation receptor		Secreted Signaling
WNT5A_FZD5	ncWNT	Wnt5a	Fzd5			ncWNT activation receptor		Secreted Signaling
WNT5A_FZD6	ncWNT	Wnt5a	Fzd6			ncWNT activation receptor		Secreted Signaling
WNT5A_FZD7	ncWNT	Wnt5a	Fzd7			ncWNT activation receptor		Secreted Signaling
WNT5A_FZD8	ncWNT	Wnt5a	Fzd8			ncWNT activation receptor		Secreted Signaling
WNT5A_FZD9	ncWNT	Wnt5a	Fzd9			ncWNT activation receptor		Secreted Signaling
WNT5A_MCAM	ncWNT	Wnt5a	Mcam					Secreted Signaling
WNT5B_FZD1	ncWNT	Wnt5b	Fzd1			ncWNT activation receptor		Secreted Signaling
WNT5B_FZD10	ncWNT	Wnt5b	Fzd10			ncWNT activation receptor		Secreted Signaling
WNT5B_FZD2	ncWNT	Wnt5b	Fzd2			ncWNT activation receptor		Secreted Signaling
WNT5B_FZD3	ncWNT	Wnt5b	Fzd3			ncWNT activation receptor		Secreted Signaling
WNT5B_FZD4	ncWNT	Wnt5b	Fzd4			ncWNT activation receptor		Secreted Signaling
WNT5B_FZD5	ncWNT	Wnt5b	Fzd5			ncWNT activation receptor		Secreted Signaling
WNT5B_FZD6	ncWNT	Wnt5b	Fzd6			ncWNT activation receptor		Secreted Signaling
WNT5B_FZD7	ncWNT	Wnt5b	Fzd7			ncWNT activation receptor		Secreted Signaling
WNT5B_FZD8	ncWNT	Wnt5b	Fzd8			ncWNT activation receptor		Secreted Signaling
WNT5B_FZD9	ncWNT	Wnt5b	Fzd9			ncWNT activation receptor		Secreted Signaling
WNT11_FZD1	ncWNT	Wnt11	Fzd1			ncWNT activation receptor		Secreted Signaling
WNT11_FZD10	ncWNT	Wnt11	Fzd10			ncWNT activation receptor		Secreted Signaling
WNT11_FZD2	ncWNT	Wnt11	Fzd2			ncWNT activation receptor		Secreted Signaling
WNT11_FZD3	ncWNT	Wnt11	Fzd3			ncWNT activation receptor		Secreted Signaling
WNT11_FZD4	ncWNT	Wnt11	Fzd4			ncWNT activation receptor		Secreted Signaling
WNT11_FZD5	ncWNT	Wnt11	Fzd5			ncWNT activation receptor		Secreted Signaling
WNT11_FZD6	ncWNT	Wnt11	Fzd6			ncWNT activation receptor		Secreted Signaling
WNT11_FZD7	ncWNT	Wnt11	Fzd7			ncWNT activation receptor		Secreted Signaling
WNT11_FZD8	ncWNT	Wnt11	Fzd8			ncWNT activation receptor		Secreted Signaling
WNT11_FZD9	ncWNT	Wnt11	Fzd9			ncWNT activation receptor		Secreted Signaling
EGF_EGFR	EGF	Egf	Egfr					Secreted Signaling
EGF_EGFR_ERBB2	EGF	Egf	EGFR_ERBB2					Secreted Signaling
TGFA_EGFR	EGF	Tgfa	Egfr					Secreted Signaling
TGFA_EGFR_ERBB2	EGF	Tgfa	EGFR_ERBB2					Secreted Signaling
AREG_EGFR	EGF	Areg	Egfr					Secreted Signaling
AREG_EGFR_ERBB2	EGF	Areg	EGFR_ERBB2					Secreted Signaling
BTC_EGFR	EGF	Btc	Egfr					Secreted Signaling
BTC_EGFR_ERBB2	EGF	Btc	EGFR_ERBB2					Secreted Signaling
BTC_ERBB4	EGF	Btc	Erbb4					Secreted Signaling
BTC_ERBB2_ERBB4	EGF	Btc	ERBB2_ERBB4					Secreted Signaling
HBEGF_EGFR	EGF	Hbegf	Egfr					Secreted Signaling
HBEGF_EGFR_ERBB2	EGF	Hbegf	EGFR_ERBB2					Secreted Signaling
HBEGF_ERBB4	EGF	Hbegf	Erbb4					Secreted Signaling
HBEGF_ERBB2_ERBB4	EGF	Hbegf	ERBB2_ERBB4					Secreted Signaling
EREG_EGFR	EGF	Ereg	Egfr					Secreted Signaling
EREG_EGFR_ERBB2	EGF	Ereg	EGFR_ERBB2					Secreted Signaling
EREG_ERBB4	EGF	Ereg	Erbb4					Secreted Signaling
EREG_ERBB2_ERBB4	EGF	Ereg	ERBB2_ERBB4					Secreted Signaling
NRG1_ERBB3	NRG	Nrg1	Erbb3					Secreted Signaling
NRG1_ERBB2_ERBB3	NRG	Nrg1	ERBB2_ERBB3					Secreted Signaling
NRG1_ERBB4	NRG	Nrg1	Erbb4					Secreted Signaling
NRG1_ERBB2_ERBB4	NRG	Nrg1	ERBB2_ERBB4					Secreted Signaling
NRG2_ERBB3	NRG	Nrg2	Erbb3					Secreted Signaling
NRG2_ERBB2_ERBB3	NRG	Nrg2	ERBB2_ERBB3					Secreted Signaling
NRG2_ERBB4	NRG	Nrg2	Erbb4					Secreted Signaling
NRG2_ERBB2_ERBB4	NRG	Nrg2	ERBB2_ERBB4					Secreted Signaling
NRG3_ERBB4	NRG	Nrg3	Erbb4					Secreted Signaling
NRG3_ERBB2_ERBB4	NRG	Nrg3	ERBB2_ERBB4					Secreted Signaling
NRG4_ERBB4	NRG	Nrg4	Erbb4					Secreted Signaling
NRG4_ERBB2_ERBB4	NRG	Nrg4	ERBB2_ERBB4					Secreted Signaling
NRG1_ITGAV_ITGB3	NRG	Nrg1	ITGAV_ITGB3					Secreted Signaling
FGF1_FGFR1	FGF	Fgf1	Fgfr1				FGF inhibition receptor	Secreted Signaling
FGF1_FGFR2	FGF	Fgf1	Fgfr2				FGF inhibition receptor	Secreted Signaling
FGF1_FGFR3	FGF	Fgf1	Fgfr3				FGF inhibition receptor	Secreted Signaling
FGF1_FGFR4	FGF	Fgf1	Fgfr4				FGF inhibition receptor	Secreted Signaling
FGF2_FGFR1	FGF	Fgf2	Fgfr1				FGF inhibition receptor	Secreted Signaling
FGF2_FGFR2	FGF	Fgf2	Fgfr2				FGF inhibition receptor	Secreted Signaling
FGF2_FGFR3	FGF	Fgf2	Fgfr3				FGF inhibition receptor	Secreted Signaling
FGF2_FGFR4	FGF	Fgf2	Fgfr4				FGF inhibition receptor	Secreted Signaling
FGF4_FGFR1	FGF	Fgf4	Fgfr1				FGF inhibition receptor	Secreted Signaling
FGF4_FGFR2	FGF	Fgf4	Fgfr2				FGF inhibition receptor	Secreted Signaling
FGF4_FGFR3	FGF	Fgf4	Fgfr3				FGF inhibition receptor	Secreted Signaling
FGF4_FGFR4	FGF	Fgf4	Fgfr4				FGF inhibition receptor	Secreted Signaling
FGF5_FGFR1	FGF	Fgf5	Fgfr1				FGF inhibition receptor	Secreted Signaling
FGF5_FGFR2	FGF	Fgf5	Fgfr2				FGF inhibition receptor	Secreted Signaling
FGF5_FGFR3	FGF	Fgf5	Fgfr3				FGF inhibition receptor	Secreted Signaling
FGF5_FGFR4	FGF	Fgf5	Fgfr4				FGF inhibition receptor	Secreted Signaling
FGF6_FGFR1	FGF	Fgf6	Fgfr1				FGF inhibition receptor	Secreted Signaling
FGF6_FGFR2	FGF	Fgf6	Fgfr2				FGF inhibition receptor	Secreted Signaling
FGF6_FGFR3	FGF	Fgf6	Fgfr3				FGF inhibition receptor	Secreted Signaling
FGF6_FGFR4	FGF	Fgf6	Fgfr4				FGF inhibition receptor	Secreted Signaling
FGF7_FGFR1	FGF	Fgf7	Fgfr1				FGF inhibition receptor	Secreted Signaling
FGF7_FGFR2	FGF	Fgf7	Fgfr2				FGF inhibition receptor	Secreted Signaling
FGF3_FGFR1	FGF	Fgf3	Fgfr1				FGF inhibition receptor	Secreted Signaling
FGF3_FGFR2	FGF	Fgf3	Fgfr2				FGF inhibition receptor	Secreted Signaling
FGF10_FGFR1	FGF	Fgf10	Fgfr1				FGF inhibition receptor	Secreted Signaling
FGF10_FGFR2	FGF	Fgf10	Fgfr2				FGF inhibition receptor	Secreted Signaling
FGF22_FGFR2	FGF	Fgf22	Fgfr2				FGF inhibition receptor	Secreted Signaling
FGF8_FGFR1	FGF	Fgf8	Fgfr1				FGF inhibition receptor	Secreted Signaling
FGF8_FGFR2	FGF	Fgf8	Fgfr2				FGF inhibition receptor	Secreted Signaling
FGF8_FGFR3	FGF	Fgf8	Fgfr3				FGF inhibition receptor	Secreted Signaling
FGF8_FGFR4	FGF	Fgf8	Fgfr4				FGF inhibition receptor	Secreted Signaling
FGF17_FGFR1	FGF	Fgf17	Fgfr1				FGF inhibition receptor	Secreted Signaling
FGF17_FGFR2	FGF	Fgf17	Fgfr2				FGF inhibition receptor	Secreted Signaling
FGF17_FGFR3	FGF	Fgf17	Fgfr3				FGF inhibition receptor	Secreted Signaling
FGF17_FGFR4	FGF	Fgf17	Fgfr4				FGF inhibition receptor	Secreted Signaling
FGF18_FGFR1	FGF	Fgf18	Fgfr1				FGF inhibition receptor	Secreted Signaling
FGF18_FGFR2	FGF	Fgf18	Fgfr2				FGF inhibition receptor	Secreted Signaling
FGF18_FGFR3	FGF	Fgf18	Fgfr3				FGF inhibition receptor	Secreted Signaling
FGF18_FGFR4	FGF	Fgf18	Fgfr4				FGF inhibition receptor	Secreted Signaling
FGF9_FGFR1	FGF	Fgf9	Fgfr1				FGF inhibition receptor	Secreted Signaling
FGF9_FGFR2	FGF	Fgf9	Fgfr2				FGF inhibition receptor	Secreted Signaling
FGF9_FGFR3	FGF	Fgf9	Fgfr3				FGF inhibition receptor	Secreted Signaling
FGF9_FGFR4	FGF	Fgf9	Fgfr4				FGF inhibition receptor	Secreted Signaling
FGF20_FGFR1	FGF	Fgf20	Fgfr1				FGF inhibition receptor	Secreted Signaling
FGF20_FGFR2	FGF	Fgf20	Fgfr2				FGF inhibition receptor	Secreted Signaling
FGF20_FGFR3	FGF	Fgf20	Fgfr3				FGF inhibition receptor	Secreted Signaling
FGF20_FGFR4	FGF	Fgf20	Fgfr4				FGF inhibition receptor	Secreted Signaling
FGF16_FGFR1	FGF	Fgf16	Fgfr1				FGF inhibition receptor	Secreted Signaling
FGF16_FGFR2	FGF	Fgf16	Fgfr2				FGF inhibition receptor	Secreted Signaling
FGF16_FGFR3	FGF	Fgf16	Fgfr3				FGF inhibition receptor	Secreted Signaling
FGF16_FGFR4	FGF	Fgf16	Fgfr4				FGF inhibition receptor	Secreted Signaling
FGF15_FGFR1	FGF	Fgf15	Fgfr1			FGF activation receptor 2		Secreted Signaling
FGF15_FGFR2	FGF	Fgf15	Fgfr2			FGF activation receptor 2		Secreted Signaling
FGF15_FGFR3	FGF	Fgf15	Fgfr3			FGF activation receptor 2		Secreted Signaling
FGF15_FGFR4	FGF	Fgf15	Fgfr4			FGF activation receptor 2		Secreted Signaling
FGF21_FGFR1	FGF	Fgf21	Fgfr1			FGF activation receptor 2		Secreted Signaling
FGF21_FGFR3	FGF	Fgf21	Fgfr3			FGF activation receptor 2		Secreted Signaling
FGF23_FGFR1	FGF	Fgf23	Fgfr1			FGF activation receptor 3		Secreted Signaling
FGF23_FGFR3	FGF	Fgf23	Fgfr3			FGF activation receptor 3		Secreted Signaling
FGF23_FGFR4	FGF	Fgf23	Fgfr4			FGF activation receptor 3		Secreted Signaling
PDGFA_PDGFRA	PDGF	Pdgfa	Pdgfra		PDGF antagonist			Secreted Signaling
PDGFA_PDGFRB	PDGF	Pdgfa	Pdgfrb		PDGF antagonist			Secreted Signaling
PDGFB_PDGFRA	PDGF	Pdgfb	Pdgfra		PDGF antagonist			Secreted Signaling
PDGFB_PDGFRB	PDGF	Pdgfb	Pdgfrb		PDGF antagonist			Secreted Signaling
PDGFC_PDGFRA	PDGF	Pdgfc	Pdgfra		PDGF antagonist			Secreted Signaling
PDGFD_PDGFRB	PDGF	Pdgfd	Pdgfrb		PDGF antagonist			Secreted Signaling
VEGFA_VEGFR1	VEGF	Vegfa	Flt1					Secreted Signaling
VEGFA_VEGFR2	VEGF	Vegfa	Kdr			VEGF activation receptor		Secreted Signaling
VEGFB_VEGFR1	VEGF	Vegfb	Flt1					Secreted Signaling
VEGFC_VEGFR3	VEGF	Vegfc	Flt4					Secreted Signaling
VEGFC_VEGFR2	VEGF	Vegfc	Kdr			VEGF activation receptor		Secreted Signaling
VEGFD_VEGFR3	VEGF	Vegfd	Flt4					Secreted Signaling
VEGFD_VEGFR2	VEGF	Vegfd	Kdr			VEGF activation receptor		Secreted Signaling
PGF_VEGFR1	VEGF	Pgf	Flt1					Secreted Signaling
VEGFA_VEGFR1R2	VEGF	Vegfa	FLT1_KDR			VEGF activation receptor		Secreted Signaling
VEGFC_VEGFR2R3	VEGF	Vegfc	FLT4_KDR			VEGF activation receptor		Secreted Signaling
VEGFD_VEGFR2R3	VEGF	Vegfd	FLT4_KDR			VEGF activation receptor		Secreted Signaling
IGF1_IGF1R	IGF	Igf1	Igf1r		IGF antagonist			Secreted Signaling
IGF2_IGF1R	IGF	Igf2	Igf1r		IGF antagonist			Secreted Signaling
IGF2_IGF2R	IGF	Igf2	Igf2r		IGF antagonist			Secreted Signaling
IGF1_ITGAV_ITGB3	IGF	Igf1	ITGAV_ITGB3		IGF antagonist			Secreted Signaling
IGF1_ITGA6_ITGB4	IGF	Igf1	ITGA6_ITGB4		IGF antagonist			Secreted Signaling
IGF2_ITGAV_ITGB3	IGF	Igf2	ITGAV_ITGB3		IGF antagonist			Secreted Signaling
IGF2_ITGA6_ITGB4	IGF	Igf2	ITGA6_ITGB4		IGF antagonist			Secreted Signaling
IGFL3_IGFLR1	IGF	Igfl3	Igflr1		IGF antagonist			Secreted Signaling
INS1_INSSR	INSULIN	Ins1	Insr	INSULIN agonist			INSULIN inhibition receptor	Secreted Signaling
INS2_INSSR	INSULIN	Ins2	Insr	INSULIN agonist			INSULIN inhibition receptor	Secreted Signaling
APLN_APLNR	APELIN	Apln	Aplnr					Secreted Signaling
DHH_PTCH1	HH	Dhh	PTCH1_SMO			HH activation receptor	HH inhibition receptor	Secreted Signaling
IHH_PTCH1	HH	Ihh	PTCH1_SMO			HH activation receptor	HH inhibition receptor	Secreted Signaling
SHH_PTCH1	HH	Shh	PTCH1_SMO			HH activation receptor	HH inhibition receptor	Secreted Signaling
DHH_PTCH2	HH	Dhh	PTCH2_SMO			HH activation receptor	HH inhibition receptor	Secreted Signaling
IHH_PTCH2	HH	Ihh	PTCH2_SMO			HH activation receptor	HH inhibition receptor	Secreted Signaling
SHH_PTCH2	HH	Shh	PTCH2_SMO			HH activation receptor	HH inhibition receptor	Secreted Signaling
CCL5_CCR1	CCL	Ccl5	Ccr1					Secreted Signaling
CCL3_CCR1	CCL	Ccl3	Ccr1					Secreted Signaling
CCL8_CCR1	CCL	Ccl8	Ccr1					Secreted Signaling
CCL9_CCR1	CCL	Ccl9	Ccr1					Secreted Signaling
CCL6_CCR1	CCL	Ccl6	Ccr1					Secreted Signaling
CCL7_CCR1	CCL	Ccl7	Ccr1					Secreted Signaling
CCL5_CCR1L1	CCL	Ccl5	Ccr1l1					Secreted Signaling
CCL3_CCR1L1	CCL	Ccl3	Ccr1l1					Secreted Signaling
CCL8_CCR1L1	CCL	Ccl8	Ccr1l1					Secreted Signaling
CCL9_CCR1L1	CCL	Ccl9	Ccr1l1					Secreted Signaling
CCL6_CCR1L1	CCL	Ccl6	Ccr1l1					Secreted Signaling
CCL7_CCR1L1	CCL	Ccl7	Ccr1l1					Secreted Signaling
CCL8_CCR2	CCL	Ccl8	Ccr2					Secreted Signaling
CCL6_CCR2	CCL	Ccl6	Ccr2					Secreted Signaling
CCL7_CCR2	CCL	Ccl7	Ccr2					Secreted Signaling
CCL2_CCR2	CCL	Ccl2	Ccr2					Secreted Signaling
CCL12_CCR2	CCL	Ccl12	Ccr2					Secreted Signaling
CCL27A_CCR2	CCL	Ccl27a	Ccr2					Secreted Signaling
CCL27B_CCR2	CCL	Ccl27b	Ccr2					Secreted Signaling
CCL5_CCR3	CCL	Ccl5	Ccr3					Secreted Signaling
CCL6_CCR3	CCL	Ccl6	Ccr3					Secreted Signaling
CCL7_CCR3	CCL	Ccl7	Ccr3					Secreted Signaling
CCL11_CCR3	CCL	Ccl11	Ccr3					Secreted Signaling
CCL24_CCR3	CCL	Ccl24	Ccr3					Secreted Signaling
CCL26_CCR3	CCL	Ccl26	Ccr3					Secreted Signaling
CCL28_CCR3	CCL	Ccl28	Ccr3					Secreted Signaling
CCL27A_CCR3	CCL	Ccl27a	Ccr3					Secreted Signaling
CCL27B_CCR3	CCL	Ccl27b	Ccr3					Secreted Signaling
CCL17_CCR4	CCL	Ccl17	Ccr4					Secreted Signaling
CCL22_CCR4	CCL	Ccl22	Ccr4					Secreted Signaling
CCL5_CCR4	CCL	Ccl5	Ccr4					Secreted Signaling
CCL4_CCR5	CCL	Ccl4	Ccr5					Secreted Signaling
CCL5_CCR5	CCL	Ccl5	Ccr5					Secreted Signaling
CCL3_CCR5	CCL	Ccl3	Ccr5					Secreted Signaling
CCL8_CCR5	CCL	Ccl8	Ccr5					Secreted Signaling
CCL20_CCR6	CCL	Ccl20	Ccr6					Secreted Signaling
CCL19_CCR7	CCL	Ccl19	Ccr7					Secreted Signaling
CCL21_CCR7	CCL	Ccl21	Ccr7					Secreted Signaling
CCL21A_CCR7	CCL	Ccl21a	Ccr7					Secreted Signaling
CCL21B_CCR7	CCL	Ccl21b	Ccr7					Secreted Signaling
CCL21D_CCR7	CCL	Ccl21d	Ccr7					Secreted Signaling
CCL21F_CCR7	CCL	Ccl21f	Ccr7					Secreted Signaling
CCL21E_CCR7	CCL	Ccl21e	Ccr7					Secreted Signaling
CCL19_ACKR4	CCL	Ccl19	Ackr4					Secreted Signaling
CCL21_ACKR4	CCL	Ccl21	Ackr4					Secreted Signaling
CCL21A_ACKR4	CCL	Ccl21a	Ackr4					Secreted Signaling
CCL21B_ACKR4	CCL	Ccl21b	Ackr4					Secreted Signaling
CCL21D_ACKR4	CCL	Ccl21d	Ackr4					Secreted Signaling
CCL21F_ACKR4	CCL	Ccl21f	Ackr4					Secreted Signaling
CCL21E_ACKR4	CCL	Ccl21e	Ackr4					Secreted Signaling
CCL1_CCR8	CCL	Ccl1	Ccr8					Secreted Signaling
CCL25_CCR9	CCL	Ccl25	Ccr9					Secreted Signaling
CCL25_ACKR4	CCL	Ccl25	Ackr4					Secreted Signaling
CCL28_CCR10	CCL	Ccl28	Ccr10					Secreted Signaling
CCL27A_CCR10	CCL	Ccl27a	Ccr10					Secreted Signaling
CCL27B_CCR10	CCL	Ccl27b	Ccr10					Secreted Signaling
CCL1_ACKR4	CCL	Ccl1	Ackr4					Secreted Signaling
CCL8_ACKR4	CCL	Ccl8	Ackr4					Secreted Signaling
CCL1_ACKR1	CCL	Ccl1	Ackr1					Secreted Signaling
CCL2_ACKR1	CCL	Ccl2	Ackr1					Secreted Signaling
CCL2_ACKR2	CCL	Ccl2	Ackr2					Secreted Signaling
CCL3_ACKR2	CCL	Ccl3	Ackr2					Secreted Signaling
CCL4_ACKR2	CCL	Ccl4	Ackr2					Secreted Signaling
CCL5_ACKR1	CCL	Ccl5	Ackr1					Secreted Signaling
CCL5_ACKR2	CCL	Ccl5	Ackr2					Secreted Signaling
CCL7_ACKR1	CCL	Ccl7	Ackr1					Secreted Signaling
CCL8_ACKR1	CCL	Ccl8	Ackr1					Secreted Signaling
CCL11_ACKR1	CCL	Ccl11	Ackr1					Secreted Signaling
CCL11_ACKR2	CCL	Ccl11	Ackr2					Secreted Signaling
CCL22_ACKR2	CCL	Ccl22	Ackr2					Secreted Signaling
CCL24_ACKR2	CCL	Ccl24	Ackr2					Secreted Signaling
CCL26_ACKR2	CCL	Ccl26	Ackr2					Secreted Signaling
CCL17_ACKR1	CCL	Ccl17	Ackr1					Secreted Signaling
CCL17_ACKR2	CCL	Ccl17	Ackr2					Secreted Signaling
CXCL1_CXCR1	CXCL	Cxcl1	Cxcr1					Secreted Signaling
CXCL5_CXCR1	CXCL	Cxcl5	Cxcr1					Secreted Signaling
CXCL2_CXCR1	CXCL	Cxcl2	Cxcr1					Secreted Signaling
CXCL3_CXCR1	CXCL	Cxcl3	Cxcr1					Secreted Signaling
CXCL1_CXCR2	CXCL	Cxcl1	Cxcr2					Secreted Signaling
CXCL5_CXCR2	CXCL	Cxcl5	Cxcr2					Secreted Signaling
CXCL2_CXCR2	CXCL	Cxcl2	Cxcr2					Secreted Signaling
CXCL3_CXCR2	CXCL	Cxcl3	Cxcr2					Secreted Signaling
PPBP_CXCR2	CXCL	Ppbp	Cxcr2					Secreted Signaling
CXCL4_CXCR3	CXCL	Pf4	Cxcr3					Secreted Signaling
CXCL9_CXCR3	CXCL	Cxcl9	Cxcr3					Secreted Signaling
CXCL10_CXCR3	CXCL	Cxcl10	Cxcr3					Secreted Signaling
CXCL11_CXCR3	CXCL	Cxcl11	Cxcr3					Secreted Signaling
CXCL13_CXCR3	CXCL	Cxcl13	Cxcr3					Secreted Signaling
CXCL12_CXCR4	CXCL	Cxcl12	Cxcr4					Secreted Signaling
CXCL12_ACKR3	CXCL	Cxcl12	Ackr3					Secreted Signaling
CXCL13_CXCR5	CXCL	Cxcl13	Cxcr5					Secreted Signaling
CXCL16_CXCR6	CXCL	Cxcl16	Cxcr6					Secreted Signaling
CXCL1_ACKR1	CXCL	Cxcl1	Ackr1					Secreted Signaling
CXCL2_ACKR1	CXCL	Cxcl2	Ackr1					Secreted Signaling
CXCL3_ACKR1	CXCL	Cxcl3	Ackr1					Secreted Signaling
CXCL5_ACKR1	CXCL	Cxcl5	Ackr1					Secreted Signaling
CXCL9_ACKR1	CXCL	Cxcl9	Ackr1					Secreted Signaling
CXCL10_ACKR1	CXCL	Cxcl10	Ackr1					Secreted Signaling
CXCL11_ACKR1	CXCL	Cxcl11	Ackr1					Secreted Signaling
CXCL11_ACKR3	CXCL	Cxcl11	Ackr3					Secreted Signaling
CXCL13_ACKR1	CXCL	Cxcl13	Ackr1					Secreted Signaling
MIF_CD74_CXCR4	MIF	Mif	CD74_CXCR4					Secreted Signaling
MIF_CD74_CD44	MIF	Mif	CD74_CD44					Secreted Signaling
MIF_CD74_CXCR2	MIF	Mif	CD74_CXCR2					Secreted Signaling
MIF_ACKR3	MIF	Mif	Ackr3					Secreted Signaling
CX3CL1_CX3CR1	CX3C	Cx3cl1	Cx3cr1					Secreted Signaling
XCL1_XCR1	XCR	Xcl1	Xcr1					Secreted Signaling
IL2_IL2RA_IL2RB	IL2	Il2	IL2RA_IL2RB					Secreted Signaling
IL2_IL2RB_IL2RG	IL2	Il2	IL2RB_IL2RG					Secreted Signaling
IL4_IL4R_IL2RG	IL2	Il4	IL4R_IL2RG					Secreted Signaling
IL7_IL7R_IL2RG	IL2	Il7	IL7R_IL2RG					Secreted Signaling
IL9_IL9R_IL2RG	IL2	Il9	IL9R_IL2RG					Secreted Signaling
IL15_IL15RA_IL2RB	IL2	Il15	IL15RA_IL2RB					Secreted Signaling
IL21_IL21R_IL2RG	IL2	Il21	IL21R_IL2RG					Secreted Signaling
TSLP_IL7R_CRLF2	IL2	Tslp	IL7R_CRLF2					Secreted Signaling
IL3_IL3RA_CSF2RB	IL4	Il3	IL3RA_CSF2RB					Secreted Signaling
IL5_IL5RA_CSF2RB	IL4	Il5	IL5RA_CSF2RB					Secreted Signaling
CSF2_CSF2RA_CSF2RB	IL4	Csf2	CSF2RA_CSF2RB					Secreted Signaling
IL4_IL4R	IL4	Il4	Il4ra					Secreted Signaling
IL4_IL4R_IL13RA1	IL4	Il4	IL4R_IL13RA1					Secreted Signaling
IL4_IL4R_IL13RA2	IL4	Il4	IL4R_IL13RA2					Secreted Signaling
IL13_IL4R_IL13RA1	IL4	Il13	IL4R_IL13RA1					Secreted Signaling
IL13_IL4R_IL13RA2	IL4	Il13	IL4R_IL13RA2					Secreted Signaling
IL13_IL13RA1	IL4	Il13	Il13ra1					Secreted Signaling
IL13_IL13RA2	IL4	Il13	Il13ra2					Secreted Signaling
IL6_IL6R_IL6ST	IL6	Il6	IL6R_IL6ST					Secreted Signaling
IL11_IL11RA1_IL6ST	IL6	Il11	IL11R complex 1					Secreted Signaling
IL11_IL11RA2_IL6ST	IL6	Il11	IL11R complex 2					Secreted Signaling
IL12B_IL12RB1_IL12RB2	IL12	IL12AB	IL12RB1_IL12RB2					Secreted Signaling
IL23A_IL23R_IL12RB1	IL12	IL23 complex	IL23R_IL12RB1					Secreted Signaling
EBI3_IL27RA_IL6ST	IL12	IL27 complex	IL27RA_IL6ST					Secreted Signaling
IL31_IL31RA_OSMR	IL6	Il31	IL31RA_OSMR					Secreted Signaling
CNTF_CNTFR_LIFR	LIFR	Cntf	CNTFR_LIFR					Secreted Signaling
CLCF1_CNTFR_LIFR	LIFR	Clcf1	CNTFR_LIFR					Secreted Signaling
CTF1_LIFR_IL6ST	LIFR	Ctf1	LIFR_IL6ST					Secreted Signaling
LIF_LIFR_IL6ST	LIFR	Lif	LIFR_IL6ST					Secreted Signaling
OSM_LIFR_IL6ST	OSM	Osm	LIFR_IL6ST					Secreted Signaling
OSM_OSMR_IL6ST	OSM	Osm	OSMR_IL6ST					Secreted Signaling
IL10_IL10RA_IL10RB	IL10	Il10	IL10RA_IL10RB					Secreted Signaling
IL19_IL20RA_IL20RB	IL10	Il19	IL20RA_IL20RB					Secreted Signaling
IL20_IL20RA_IL20RB	IL10	Il20	IL20RA_IL20RB					Secreted Signaling
IL24_IL20RA_IL20RB	IL10	Il24	IL20RA_IL20RB					Secreted Signaling
IL20_IL22RA1_IL20RB	IL10	Il20	IL22RA1_IL20RB					Secreted Signaling
IL24_IL22RA1_IL20RB	IL10	Il24	IL22RA1_IL20RB					Secreted Signaling
IL22_IL22RA1_IL10RB	IL10	Il22	IL22RA1_IL10RB					Secreted Signaling
IL1A_IL1R1_IL1RAP	IL1	Il1a	IL1R1_IL1RAP		IL antagonist		IL1 inhibition receptor	Secreted Signaling
IL1B_IL1R1_IL1RAP	IL1	Il1b	IL1R1_IL1RAP		IL antagonist		IL1 inhibition receptor	Secreted Signaling
IL36A_IL1RL2_IL1RAP	IL1	Il36a	IL1RL2_IL1RAP		IL36 antagonist			Secreted Signaling
IL36B_IL1RL2_IL1RAP	IL1	Il36b	IL1RL2_IL1RAP		IL36 antagonist			Secreted Signaling
IL36G_IL1RL2_IL1RAP	IL1	Il36g	IL1RL2_IL1RAP		IL36 antagonist			Secreted Signaling
IL1F10_IL1RL2_IL1RAP	IL1	Il1f10	IL1RL2_IL1RAP					Secreted Signaling
IL18_IL18R1_IL18RAP	IL1	Il18	IL18R1_IL18RAP					Secreted Signaling
IL33_IL1RL1_IL1RAP	IL1	Il33	IL1RL1_IL1RAP					Secreted Signaling
IL17A_IL17RA_IL17RC	IL17	Il17a	IL17RA_IL17RC					Secreted Signaling
IL17F_IL17RA_IL17RC	IL17	Il17f	IL17RA_IL17RC					Secreted Signaling
IL17AF_IL17RA_IL17RC	IL17	IL17AF	IL17RA_IL17RC					Secreted Signaling
IL17B_IL17RB	IL17	Il17b	Il17rb					Secreted Signaling
IL17C_IL17RA_IL17RE	IL17	Il17c	IL17RA_IL17RE					Secreted Signaling
IL25_IL17RA_IL17RB	IL17	Il25	IL17RA_IL17RB					Secreted Signaling
IL34_CSF1R	CSF	Il34	Csf1r					Secreted Signaling
CSF1_CSF1R	CSF	Csf1	Csf1r					Secreted Signaling
IL16_CD4	IL16	Il16	Cd4					Secreted Signaling
EPO_EPOR	EPO	Epo	Epor					Secreted Signaling
GH1_GHR	GH	Gh	Ghr					Secreted Signaling
PRL_PRLR	PRL	Prl	Prlr					Secreted Signaling
THPO_MPL	THPO	Thpo	Mpl					Secreted Signaling
CSF3_CSF3R	CSF3	Csf3	Csf3r					Secreted Signaling
IFNB1_IFNAR1_IFNAR2	IFN-I	Ifnb1	IFNAR1_IFNAR2					Secreted Signaling
IFNK_IFNAR1_IFNAR2	IFN-I	Ifnk	IFNAR1_IFNAR2					Secreted Signaling
IFNE_IFNAR1_IFNAR2	IFN-I	Ifne	IFNAR1_IFNAR2					Secreted Signaling
IFNA11_IFNAR1_IFNAR2	IFN-I	Ifna11	IFNAR1_IFNAR2					Secreted Signaling
IFNA1_IFNAR1_IFNAR2	IFN-I	Ifna1	IFNAR1_IFNAR2					Secreted Signaling
IFNA2_IFNAR1_IFNAR2	IFN-I	Ifna2	IFNAR1_IFNAR2					Secreted Signaling
IFNA4_IFNAR1_IFNAR2	IFN-I	Ifna4	IFNAR1_IFNAR2					Secreted Signaling
IFNA5_IFNAR1_IFNAR2	IFN-I	Ifna5	IFNAR1_IFNAR2					Secreted Signaling
IFNA6_IFNAR1_IFNAR2	IFN-I	Ifna6	IFNAR1_IFNAR2					Secreted Signaling
IFNA7_IFNAR1_IFNAR2	IFN-I	Ifna7	IFNAR1_IFNAR2					Secreted Signaling
IFNA9_IFNAR1_IFNAR2	IFN-I	Ifna9	IFNAR1_IFNAR2					Secreted Signaling
IFNAB_IFNAR1_IFNAR2	IFN-I	Ifnab	IFNAR1_IFNAR2					Secreted Signaling
IFNA12_IFNAR1_IFNAR2	IFN-I	Ifna12	IFNAR1_IFNAR2					Secreted Signaling
IFNA13_IFNAR1_IFNAR2	IFN-I	Ifna13	IFNAR1_IFNAR2					Secreted Signaling
IFNA14_IFNAR1_IFNAR2	IFN-I	Ifna14	IFNAR1_IFNAR2					Secreted Signaling
IFNA15_IFNAR1_IFNAR2	IFN-I	Ifna15	IFNAR1_IFNAR2					Secreted Signaling
IFNG_IFNGR1_IFNGR2	IFN-II	Ifng	IFNGR1_IFNGR2					Secreted Signaling
IFNL2_IFNLR1_IL10RB	IFN-lII	Ifnl2	IFNLR1_IL10RB					Secreted Signaling
IFNL3_IFNLR1_IL10RB	IFN-lII	Ifnl3	IFNLR1_IL10RB					Secreted Signaling
TNF_TNFRSF1A	TNF	Tnf	Tnfrsf1a					Secreted Signaling
TNF_TNFRSF1B	TNF	Tnf	Tnfrsf1b					Secreted Signaling
LTA_TNFRSF1A	LT	Lta	Tnfrsf1a					Secreted Signaling
LTA_TNFRSF1B	LT	Lta	Tnfrsf1b					Secreted Signaling
LTA_TNFRSF14	LT	Lta	Tnfrsf14					Secreted Signaling
LTA_LTB_LTBR	LT	LTa1b2	Ltbr					Secreted Signaling
TNFSF14_LTBR	LIGHT	Tnfsf14	Ltbr					Secreted Signaling
TNFSF14_TNFRSF14	LIGHT	Tnfsf14	Tnfrsf14					Secreted Signaling
FASL_FAS	FASLG	Fasl	Fas					Secreted Signaling
TNFSF15_TNFRSF25	VEGI	Tnfsf15	Tnfrsf25					Secreted Signaling
TNFSF10_TNFRSF10B	TRAIL	Tnfsf10	Tnfrsf10b					Secreted Signaling
EDA_EDAR	EDA	Eda	Edar					Secreted Signaling
EDA_EDA2R	EDA	Eda	Eda2r					Secreted Signaling
NGF_NGFR	NGF	Ngf	Ngfr					Secreted Signaling
KLK1B4_NGFR	NGF	Klk1b4	Ngfr					Secreted Signaling
TNFSF11_TNFRSF11A	RANKL	Tnfsf11	Tnfrsf11a					Secreted Signaling
TNFSF11_TNFRSF11B	RANKL	Tnfsf11	Tnfrsf11b					Secreted Signaling
TNFSF12_TNFRSF12A	TWEAK	Tnfsf12	Tnfrsf12a					Secreted Signaling
CD70_CD27	CD70	Cd70	Cd27					Secreted Signaling
TNFSF8_TNFRSF8	CD30	Tnfsf8	Tnfrsf8					Secreted Signaling
TNFSF9_TNFRSF9	CD137	Tnfsf9	Tnfrsf9					Secreted Signaling
TNFSF4_TNFRSF4	OX40	Tnfsf4	Tnfrsf4					Secreted Signaling
TNFSF18_TNFRSF18	GITRL	Tnfsf18	Tnfrsf18					Secreted Signaling
TNFSF13_TNFRSF17	APRIL	Tnfsf13	Tnfrsf17					Secreted Signaling
TNFSF13_TNFRSF13B	APRIL	Tnfsf13	Tnfrsf13b					Secreted Signaling
TNFSF13B_TNFRSF17	BAFF	Tnfsf13b	Tnfrsf17					Secreted Signaling
TNFSF13B_TNFRSF13B	BAFF	Tnfsf13b	Tnfrsf13b					Secreted Signaling
TNFSF13B_TNFRSF13C	BAFF	Tnfsf13b	Tnfrsf13c					Secreted Signaling
CD40LG_ITGA2B_ITGB3	CD40	Cd40lg	ITGA2B_ITGB3					Secreted Signaling
CD40LG_ITGA5_ITGB1	CD40	Cd40lg	ITGA5_ITGB1					Secreted Signaling
CD40LG_ITGAM_ITGB2	CD40	Cd40lg	ITGAM_ITGB2					Secreted Signaling
SPP1_CD44	SPP1	Spp1	Cd44					Secreted Signaling
SPP1_ITGAV_ITGB3	SPP1	Spp1	ITGAV_ITGB3					Secreted Signaling
SPP1_ITGAV_ITGB1	SPP1	Spp1	ITGAV_ITGB1					Secreted Signaling
SPP1_ITGAV_ITGB5	SPP1	Spp1	ITGAV_ITGB5					Secreted Signaling
SPP1_ITGAV_ITGB6	SPP1	Spp1	ITGAV_ITGB6					Secreted Signaling
SPP1_ITGA4_ITGB1	SPP1	Spp1	ITGA4_ITGB1					Secreted Signaling
SPP1_ITGA9_ITGB1	SPP1	Spp1	ITGA9_ITGB1					Secreted Signaling
SPP1_ITGA8_ITGB1	SPP1	Spp1	ITGA8_ITGB1					Secreted Signaling
SPP1_ITGA5_ITGB1	SPP1	Spp1	ITGA5_ITGB1					Secreted Signaling
ADIPOQ_ADIPOR1	ADIPONECTIN	Adipoq	Adipor1					Secreted Signaling
ADIPOQ_ADIPOR2	ADIPONECTIN	Adipoq	Adipor2					Secreted Signaling
RETN_TLR4	RESISTIN	Retn	Tlr4					Secreted Signaling
RETN_CAP1	RESISTIN	Retn	Cap1					Secreted Signaling
NAMPT_ITGA5_ITGB1	VISFATIN	Nampt	ITGA5_ITGB1					Secreted Signaling
ANGPTL1_ITGA1_ITGB1	ANGPTL	Angptl1	ITGA1_ITGB1					Secreted Signaling
ANGPTL2_ITGA5_ITGB1	ANGPTL	Angptl2	ITGA5_ITGB1					Secreted Signaling
ANGPTL2_TLR4	ANGPTL	Angptl2	Tlr4					Secreted Signaling
ANGPTL2_PIRB	ANGPTL	Angptl2	Pirb					Secreted Signaling
ANGPTL1_PIRB	ANGPTL	Angptl1	Pirb					Secreted Signaling
ANGPTL7_PIRB	ANGPTL	Angptl7	Pirb					Secreted Signaling
ANGPTL4_ITGA5_ITGB1	ANGPTL	Angptl4	ITGA5_ITGB1					Secreted Signaling
ANGPTL4_ITGAV_ITGB3	ANGPTL	Angptl4	ITGAV_ITGB3					Secreted Signaling
ANGPTL4_CDH5	ANGPTL	Angptl4	Cdh5					Secreted Signaling
ANGPTL4_CDH11	ANGPTL	Angptl4	Cdh11					Secreted Signaling
ANGPTL4_SDC1	ANGPTL	Angptl4	Sdc1					Secreted Signaling
ANGPTL4_SDC2	ANGPTL	Angptl4	Sdc2					Secreted Signaling
ANGPTL4_SDC3	ANGPTL	Angptl4	Sdc3					Secreted Signaling
ANGPTL4_SDC4	ANGPTL	Angptl4	Sdc4					Secreted Signaling
ANGPTL3_ITGAV_ITGB3	ANGPTL	Angptl3	ITGAV_ITGB3					Secreted Signaling
ANGPT1_TEK	ANGPT	Angpt1	Tek				ANGPT inhibition receptor 1	Secreted Signaling
ANGPT2_TEK	ANGPT	Angpt2	Tek				ANGPT inhibition receptor 1	Secreted Signaling
ANGPT2_ITGA5_ITGB1	ANGPT	Angpt2	ITGA5_ITGB1				ANGPT inhibition receptor 2	Secreted Signaling
MDK_SDC1	MK	Mdk	Sdc1					Secreted Signaling
MDK_SDC2	MK	Mdk	Sdc2					Secreted Signaling
MDK_SDC4	MK	Mdk	Sdc4					Secreted Signaling
MDK_PTPRZ1	MK	Mdk	Ptprz1					Secreted Signaling
MDK_ITGA4_ITGB1	MK	Mdk	ITGA4_ITGB1					Secreted Signaling
MDK_ITGA6_ITGB1	MK	Mdk	ITGA6_ITGB1					Secreted Signaling
MDK_LRP1	MK	Mdk	Lrp1					Secreted Signaling
MDK_NCL	MK	Mdk	Ncl					Secreted Signaling
MDK_ALK	MK	Mdk	Alk					Secreted Signaling
PTN_PTPRZ1	PTN	Ptn	Ptprz1					Secreted Signaling
PTN_SDC1	PTN	Ptn	Sdc1					Secreted Signaling
PTN_SDC2	PTN	Ptn	Sdc2					Secreted Signaling
PTN_SDC3	PTN	Ptn	Sdc3					Secreted Signaling
PTN_SDC4	PTN	Ptn	Sdc4					Secreted Signaling
PTN_ITGAV_ITGB3	PTN	Ptn	ITGAV_ITGB3					Secreted Signaling
PTN_NCL	PTN	Ptn	Ncl					Secreted Signaling
PTN_ALK	PTN	Ptn	Alk					Secreted Signaling
POSTN_ITGAV_ITGB3	PERIOSTIN	Postn	ITGAV_ITGB3					Secreted Signaling
POSTN_ITGAV_ITGB5	PERIOSTIN	Postn	ITGAV_ITGB5					Secreted Signaling
AGT_AGTR1A	AGT	Agt	Agtr1a					Secreted Signaling
AGT_AGTR1B	AGT	Agt	Agtr1b					Secreted Signaling
GRP_GRPR	GPR	Grp	Grpr					Secreted Signaling
NMB_NMBR	GPR	Nmb	Nmbr					Secreted Signaling
KNG1_BDKRB1	BRADYKININ	Kng1	Bdkrb1					Secreted Signaling
KNG1_BDKRB2	BRADYKININ	Kng1	Bdkrb2					Secreted Signaling
KNG2_BDKRB1	BRADYKININ	Kng2	Bdkrb1					Secreted Signaling
KNG2_BDKRB2	BRADYKININ	Kng2	Bdkrb2					Secreted Signaling
C3_C3AR1	COMPLEMENT	C3	C3ar1					Secreted Signaling
C3_CR2	COMPLEMENT	C3	Cr2					Secreted Signaling
C3_ITGAM_ITGB2	COMPLEMENT	C3	ITGAM_ITGB2					Secreted Signaling
C3_ITGAX_ITGB2	COMPLEMENT	C3	ITGAX_ITGB2					Secreted Signaling
C4A_C3AR1	COMPLEMENT	C4a	C3ar1					Secreted Signaling
C4B_CR2	COMPLEMENT	C4b	Cr2					Secreted Signaling
HC_C5AR1	COMPLEMENT	Hc	C5ar1					Secreted Signaling
CCK_CCKAR	CCK	Cck	Cckar					Secreted Signaling
CCK_CCKBR	CCK	Cck	Cckbr					Secreted Signaling
EDN1_EDNRA	EDN	Edn1	Ednra					Secreted Signaling
EDN2_EDNRA	EDN	Edn2	Ednra					Secreted Signaling
EDN3_EDNRA	EDN	Edn3	Ednra					Secreted Signaling
EDN1_EDNRB	EDN	Edn1	Ednrb					Secreted Signaling
EDN2_EDNRB	EDN	Edn2	Ednrb					Secreted Signaling
EDN3_EDNRB	EDN	Edn3	Ednrb					Secreted Signaling
GAL_GALR1	GALANIN	Gal	Galr1					Secreted Signaling
GAL_GALR2	GALANIN	Gal	Galr2					Secreted Signaling
GAL_GALR3	GALANIN	Gal	Galr3					Secreted Signaling
GALP_GALR1	GALANIN	Galp	Galr1					Secreted Signaling
GALP_GALR2	GALANIN	Galp	Galr2					Secreted Signaling
GHRL_GHSR	GHRELIN	Ghrl	Ghsr		GHRL antagonist			Secreted Signaling
KISS1_KISS1R	KISS1	Kiss1	Kiss1r					Secreted Signaling
POMC_MC1R	MELANOCORTIN	Pomc	Mc1r					Secreted Signaling
POMC_MC2R	MELANOCORTIN	Pomc	Mc2r					Secreted Signaling
POMC_MC3R	MELANOCORTIN	Pomc	Mc3r		POMC antagonist			Secreted Signaling
POMC_MC4R	MELANOCORTIN	Pomc	Mc4r		POMC antagonist			Secreted Signaling
POMC_MC5R	MELANOCORTIN	Pomc	Mc5r					Secreted Signaling
NMU_NMUR1	NMU	Nmu	Nmur1					Secreted Signaling
NMU_NMUR2	NMU	Nmu	Nmur2					Secreted Signaling
NMS_NMUR1	NMU	Nms	Nmur1					Secreted Signaling
NMS_NMUR2	NMU	Nms	Nmur2					Secreted Signaling
NPFF_NPFFR1	NPFF	Npff	Npffr1					Secreted Signaling
NPFF_NPFFR2	NPFF	Npff	Npffr2					Secreted Signaling
NPY_NPY1R	NPY	Npy	Npy1r					Secreted Signaling
NPY_NPY2R	NPY	Npy	Npy2r					Secreted Signaling
NPY_NPY4R	NPY	Npy	Npy4r					Secreted Signaling
NPY_NPY5R	NPY	Npy	Npy5r					Secreted Signaling
NPY_NPY6R	NPY	Npy	Npy6r					Secreted Signaling
NPY_GPR83	NPY	Npy	Gpr83					Secreted Signaling
NPY_PGR15L	NPY	Npy	Pgr15l					Secreted Signaling
PPY_NPY1R	NPY	Ppy	Npy1r					Secreted Signaling
PPY_NPY2R	NPY	Ppy	Npy2r					Secreted Signaling
PPY_NPY4R	NPY	Ppy	Npy4r					Secreted Signaling
PPY_NPY5R	NPY	Ppy	Npy5r					Secreted Signaling
PPY_NPY6R	NPY	Ppy	Npy6r					Secreted Signaling
PPY_GPR83	NPY	Ppy	Gpr83					Secreted Signaling
PPY_PGR15L	NPY	Ppy	Pgr15l					Secreted Signaling
PYY_NPY1R	NPY	Pyy	Npy1r					Secreted Signaling
PYY_NPY2R	NPY	Pyy	Npy2r					Secreted Signaling
PYY_NPY4R	NPY	Pyy	Npy4r					Secreted Signaling
PYY_NPY5R	NPY	Pyy	Npy5r					Secreted Signaling
PYY_NPY6R	NPY	Pyy	Npy6r					Secreted Signaling
PYY_GPR83	NPY	Pyy	Gpr83					Secreted Signaling
PYY_PGR15L	NPY	Pyy	Pgr15l					Secreted Signaling
NPB_NPBWR1	NPW-B	Npb	Npbwr1					Secreted Signaling
NPW_NPBWR1	NPW-B	Npw	Npbwr1					Secreted Signaling
NTS_NTSR1	NTS	Nts	Ntsr1					Secreted Signaling
NTS_NTSR2	NTS	Nts	Ntsr2					Secreted Signaling
PDYN_OPRD1	OPIOID	Pdyn	Oprd1					Secreted Signaling
PDYN_OPRK1	OPIOID	Pdyn	Oprk1					Secreted Signaling
PDYN_OPRL1	OPIOID	Pdyn	Oprl1					Secreted Signaling
PDYN_OPRM1	OPIOID	Pdyn	Oprm1					Secreted Signaling
PENK_OPRD1	OPIOID	Penk	Oprd1					Secreted Signaling
PENK_OPRK1	OPIOID	Penk	Oprk1					Secreted Signaling
PENK_OPRL1	OPIOID	Penk	Oprl1					Secreted Signaling
PENK_OPRM1	OPIOID	Penk	Oprm1					Secreted Signaling
POMC_OPRD1	OPIOID	Pomc	Oprd1					Secreted Signaling
POMC_OPRK1	OPIOID	Pomc	Oprk1					Secreted Signaling
POMC_OPRL1	OPIOID	Pomc	Oprl1					Secreted Signaling
POMC_OPRM1	OPIOID	Pomc	Oprm1					Secreted Signaling
HCRT_HCRTR1	HCRT	Hcrt	Hcrtr1					Secreted Signaling
HCRT_HCRTR2	HCRT	Hcrt	Hcrtr2					Secreted Signaling
OXT_OXTR	OXT	Oxt	Oxtr					Secreted Signaling
SST_SSTR1	SOMATOSTATIN	Sst	Sstr1					Secreted Signaling
SST_SSTR2	SOMATOSTATIN	Sst	Sstr2					Secreted Signaling
SST_SSTR3	SOMATOSTATIN	Sst	Sstr3					Secreted Signaling
SST_SSTR4	SOMATOSTATIN	Sst	Sstr4					Secreted Signaling
SST_SSTR5	SOMATOSTATIN	Sst	Sstr5					Secreted Signaling
CORT_SSTR1	SOMATOSTATIN	Cort	Sstr1					Secreted Signaling
CORT_SSTR2	SOMATOSTATIN	Cort	Sstr2					Secreted Signaling
CORT_SSTR3	SOMATOSTATIN	Cort	Sstr3					Secreted Signaling
CORT_SSTR4	SOMATOSTATIN	Cort	Sstr4					Secreted Signaling
CORT_SSTR5	SOMATOSTATIN	Cort	Sstr5					Secreted Signaling
TAC1_TACR1	TAC	Tac1	Tacr1					Secreted Signaling
TAC4_TACR1	TAC	Tac4	Tacr1					Secreted Signaling
TAC1_TACR2	TAC	Tac1	Tacr2					Secreted Signaling
TAC2_TACR3	TAC	Tac2	Tacr3					Secreted Signaling
UTS2_UTS2R	UTS2	Uts2	Uts2r					Secreted Signaling
AVP_AVPR2	AVP	Avp	Avpr2					Secreted Signaling
AVP_AVPR1A	AVP	Avp	Avpr1a					Secreted Signaling
AVP_AVPR1B	AVP	Avp	Avpr1b					Secreted Signaling
PRLH_PRLHR	PRLH	Prlh	Prlhr					Secreted Signaling
GM10334_F2R	PARs	Prss3l	F2r					Secreted Signaling
TRY5_F2R	PARs	Try5	F2r					Secreted Signaling
CTSG_F2R	PARs	Ctsg	F2r					Secreted Signaling
F2_F2R	PARs	F2	F2r					Secreted Signaling
GZMA_F2R	PARs	Gzma	F2r					Secreted Signaling
PRSS2_F2R	PARs	Prss2	F2r					Secreted Signaling
TRY4_F2R	PARs	Try4	F2r					Secreted Signaling
TRY10_F2R	PARs	Try10	F2r					Secreted Signaling
GM10334_F2RL1	PARs	Prss3l	F2rl1					Secreted Signaling
TRY5_F2RL1	PARs	Try5	F2rl1					Secreted Signaling
CTSG_F2RL1	PARs	Ctsg	F2rl1					Secreted Signaling
F2_F2RL1	PARs	F2	F2rl1					Secreted Signaling
GZMA_F2RL1	PARs	Gzma	F2rl1					Secreted Signaling
PRSS2_F2RL1	PARs	Prss2	F2rl1					Secreted Signaling
TRY4_F2RL1	PARs	Try4	F2rl1					Secreted Signaling
TRY10_F2RL1	PARs	Try10	F2rl1					Secreted Signaling
GM10334_F2RL2	PARs	Prss3l	F2rl2					Secreted Signaling
TRY5_F2RL2	PARs	Try5	F2rl2					Secreted Signaling
CTSG_F2RL2	PARs	Ctsg	F2rl2					Secreted Signaling
F2_F2RL2	PARs	F2	F2rl2					Secreted Signaling
GZMA_F2RL2	PARs	Gzma	F2rl2					Secreted Signaling
PRSS2_F2RL2	PARs	Prss2	F2rl2					Secreted Signaling
TRY4_F2RL2	PARs	Try4	F2rl2					Secreted Signaling
TRY10_F2RL2	PARs	Try10	F2rl2					Secreted Signaling
GM10334_F2RL3	PARs	Prss3l	F2rl3					Secreted Signaling
TRY5_F2RL3	PARs	Try5	F2rl3					Secreted Signaling
CTSG_F2RL3	PARs	Ctsg	F2rl3					Secreted Signaling
F2_F2RL3	PARs	F2	F2rl3					Secreted Signaling
GZMA_F2RL3	PARs	Gzma	F2rl3					Secreted Signaling
PLG_F2RL3	PARs	Plg	F2rl3					Secreted Signaling
PRSS2_F2RL3	PARs	Prss2	F2rl3					Secreted Signaling
TRY4_F2RL3	PARs	Try4	F2rl3					Secreted Signaling
TRY10_F2RL3	PARs	Try10	F2rl3					Secreted Signaling
GM10334_PARD3	PARs	Prss3l	Pard3					Secreted Signaling
TRY5_PARD3	PARs	Try5	Pard3					Secreted Signaling
CTSG_PARD3	PARs	Ctsg	Pard3					Secreted Signaling
F2_PARD3	PARs	F2	Pard3					Secreted Signaling
GZMA_PARD3	PARs	Gzma	Pard3					Secreted Signaling
PLG_PARD3	PARs	Plg	Pard3					Secreted Signaling
PRSS2_PARD3	PARs	Prss2	Pard3					Secreted Signaling
TRY4_PARD3	PARs	Try4	Pard3					Secreted Signaling
TRY10_PARD3	PARs	Try10	Pard3					Secreted Signaling
PMCH_MCHR1	PMCH	Pmch	Mchr1					Secreted Signaling
PROK1_PROKR2	PROK	Prok1	Prokr2					Secreted Signaling
PROK1_PROKR1	PROK	Prok1	Prokr1					Secreted Signaling
PROK2_PROKR1	PROK	Prok2	Prokr1					Secreted Signaling
PROK2_PROKR2	PROK	Prok2	Prokr2					Secreted Signaling
ADCYAP1_ADCYAP1R1	PACAP	Adcyap1	Adcyap1r1					Secreted Signaling
VIP_VIPR1	VIP	Vip	Vipr1					Secreted Signaling
VIP_VIPR2	VIP	Vip	Vipr2					Secreted Signaling
NPPA_NPR1	NPR1	Nppa	Npr1					Secreted Signaling
NPPB_NPR1	NPR1	Nppb	Npr1					Secreted Signaling
NPPC_NPR2	NPR2	Nppc	Npr2					Secreted Signaling
KITL_KIT	KIT	Kitl	Kit					Secreted Signaling
GCG_GIPR	GIPR	Gcg	Gipr					Secreted Signaling
GIP_GIPR	GIPR	Gip	Gipr					Secreted Signaling
FSHB_FSHR	FSH	Fshb	Fshr					Secreted Signaling
CGA_FSHR	FSH	Cga	Fshr					Secreted Signaling
LHB_LHCGR	LHB	Lhb	Lhcgr					Secreted Signaling
CGA_LHCGR	LHB	Cga	Lhcgr					Secreted Signaling
TSHB_TSHR	TSH	Tshb	Tshr					Secreted Signaling
CGA_TSHR	TSH	Cga	Tshr					Secreted Signaling
BDNF_NTRK2	NT	Bdnf	Ntrk2			NGFR activation receptor		Secreted Signaling
NGF_NTRK1	NT	Ngf	Ntrk1			NGFR activation receptor		Secreted Signaling
FLT3L_FLT3	FLT3	Flt3l	Flt3					Secreted Signaling
HGF_MET	HGF	Hgf	Met					Secreted Signaling
NGFA_NTRK1	NT	Klk1b4	Ntrk1			NGFR activation receptor		Secreted Signaling
NTF3_NTRK1	NT	Ntf3	Ntrk1			NGFR activation receptor		Secreted Signaling
NTF3_NTRK2	NT	Ntf3	Ntrk2			NGFR activation receptor		Secreted Signaling
NTF3_NTRK3	NT	Ntf3	Ntrk3			NGFR activation receptor		Secreted Signaling
NTF5_NTRK2	NT	Ntf5	Ntrk2			NGFR activation receptor		Secreted Signaling
SEMA3A_NRP1_PLXNA1	SEMA3	Sema3a	NRP1_PLXNA1					Secreted Signaling
SEMA3A_NRP1_PLXNA2	SEMA3	Sema3a	NRP1_PLXNA2					Secreted Signaling
SEMA3A_NRP1_PLXNA3	SEMA3	Sema3a	NRP1_PLXNA3					Secreted Signaling
SEMA3A_NRP1_PLXNA4	SEMA3	Sema3a	NRP1_PLXNA4					Secreted Signaling
SEMA3B_NRP1_PLXNA1	SEMA3	Sema3b	NRP1_PLXNA1					Secreted Signaling
SEMA3B_NRP1_PLXNA2	SEMA3	Sema3b	NRP1_PLXNA2					Secreted Signaling
SEMA3B_NRP1_PLXNA3	SEMA3	Sema3b	NRP1_PLXNA3					Secreted Signaling
SEMA3B_NRP1_PLXNA4	SEMA3	Sema3b	NRP1_PLXNA4					Secreted Signaling
SEMA3C_NRP1_PLXNA1	SEMA3	Sema3c	NRP1_PLXNA1					Secreted Signaling
SEMA3C_NRP1_PLXNA2	SEMA3	Sema3c	NRP1_PLXNA2					Secreted Signaling
SEMA3C_NRP1_PLXNA3	SEMA3	Sema3c	NRP1_PLXNA3					Secreted Signaling
SEMA3C_NRP1_PLXNA4	SEMA3	Sema3c	NRP1_PLXNA4					Secreted Signaling
SEMA3D_NRP1_PLXNA1	SEMA3	Sema3d	NRP1_PLXNA1					Secreted Signaling
SEMA3D_NRP1_PLXNA2	SEMA3	Sema3d	NRP1_PLXNA2					Secreted Signaling
SEMA3D_NRP1_PLXNA3	SEMA3	Sema3d	NRP1_PLXNA3					Secreted Signaling
SEMA3D_NRP1_PLXNA4	SEMA3	Sema3d	NRP1_PLXNA4					Secreted Signaling
SEMA3B_NRP2_PLXNA1	SEMA3	Sema3b	NRP2_PLXNA1					Secreted Signaling
SEMA3B_NRP2_PLXNA2	SEMA3	Sema3b	NRP2_PLXNA2					Secreted Signaling
SEMA3B_NRP2_PLXNA3	SEMA3	Sema3b	NRP2_PLXNA3					Secreted Signaling
SEMA3B_NRP2_PLXNA4	SEMA3	Sema3b	NRP2_PLXNA4					Secreted Signaling
SEMA3C_NRP2_PLXNA1	SEMA3	Sema3c	NRP2_PLXNA1					Secreted Signaling
SEMA3C_NRP2_PLXNA2	SEMA3	Sema3c	NRP2_PLXNA2					Secreted Signaling
SEMA3C_NRP2_PLXNA3	SEMA3	Sema3c	NRP2_PLXNA3					Secreted Signaling
SEMA3C_NRP2_PLXNA4	SEMA3	Sema3c	NRP2_PLXNA4					Secreted Signaling
SEMA3D_NRP2_PLXNA1	SEMA3	Sema3d	NRP2_PLXNA1					Secreted Signaling
SEMA3D_NRP2_PLXNA2	SEMA3	Sema3d	NRP2_PLXNA2					Secreted Signaling
SEMA3D_NRP2_PLXNA3	SEMA3	Sema3d	NRP2_PLXNA3					Secreted Signaling
SEMA3D_NRP2_PLXNA4	SEMA3	Sema3d	NRP2_PLXNA4					Secreted Signaling
SEMA3F_NRP2_PLXNA1	SEMA3	Sema3f	NRP2_PLXNA1					Secreted Signaling
SEMA3F_NRP2_PLXNA2	SEMA3	Sema3f	NRP2_PLXNA2					Secreted Signaling
SEMA3F_NRP2_PLXNA3	SEMA3	Sema3f	NRP2_PLXNA3					Secreted Signaling
SEMA3F_NRP2_PLXNA4	SEMA3	Sema3f	NRP2_PLXNA4					Secreted Signaling
SEMA3G_NRP2_PLXNA1	SEMA3	Sema3g	NRP2_PLXNA1					Secreted Signaling
SEMA3G_NRP2_PLXNA2	SEMA3	Sema3g	NRP2_PLXNA2					Secreted Signaling
SEMA3G_NRP2_PLXNA3	SEMA3	Sema3g	NRP2_PLXNA3					Secreted Signaling
SEMA3G_NRP2_PLXNA4	SEMA3	Sema3g	NRP2_PLXNA4					Secreted Signaling
SEMA3C_NRP1_NRP2	SEMA3	Sema3c	NRP1_NRP2					Secreted Signaling
SEMA3C_PLXND1	SEMA3	Sema3c	Plxnd1					Secreted Signaling
SEMA3E_PLXND1	SEMA3	Sema3e	Plxnd1					Secreted Signaling
AGT_MAS1	AGT	Agt	Mas1					Secreted Signaling
ANXA1_FPR2	ANNEXIN	Anxa1	Fpr2					Secreted Signaling
ANXA1_FPR1	ANNEXIN	Anxa1	Fpr1					Secreted Signaling
APELA_APLNR	APJ	Apela	Aplnr					Secreted Signaling
CRH_CRHR1	CRH	Crh	Crhr1					Secreted Signaling
CRH_CRHR2	CRH	Crh	Crhr2					Secreted Signaling
ENHO_GPR19	ENHO	Enho	Gpr19					Secreted Signaling
GAS6_AXL	GAS	Gas6	Axl					Secreted Signaling
GAS6_MERTK	GAS	Gas6	Mertk					Secreted Signaling
GAS6_TYRO3	GAS	Gas6	Tyro3					Secreted Signaling
GCG_GCGR	GCG	Gcg	Gcgr					Secreted Signaling
GCG_GLP1R	GCG	Gcg	Glp1r					Secreted Signaling
GCG_GLP2R	GCG	Gcg	Glp2r					Secreted Signaling
GH_PRLR	GH	Gh	Prlr					Secreted Signaling
GHRH_VIPR1	GHRH	Ghrh	Vipr1					Secreted Signaling
GHRH_VIPR2	GHRH	Ghrh	Vipr2					Secreted Signaling
GHRH_GHSR	GHRH	Ghrh	Ghsr					Secreted Signaling
GHRH_GHRHR	GHRH	Ghrh	Ghrhr					Secreted Signaling
GNRH1_GNRHR	GNRH	Gnrh1	Gnrhr					Secreted Signaling
GRN_SORT1	GRN	Grn	Sort1					Secreted Signaling
GUCA2A_GUCY2C	GUCA	Guca2a	Gucy2c					Secreted Signaling
GUCA2B_GUCY2C	GUCA	Guca2b	Gucy2c					Secreted Signaling
INSL3_RXFP2	RLN	Insl3	Rxfp2					Secreted Signaling
INSL3_RXFP1	RLN	Insl3	Rxfp1					Secreted Signaling
INSL3_RXFP4	RLN	Insl3	Rxfp4					Secreted Signaling
INSL3_RXFP3	RLN	Insl3	Rxfp3					Secreted Signaling
INSL5_RXFP4	RLN	Insl5	Rxfp4					Secreted Signaling
INSL5_RXFP3	RLN	Insl5	Rxfp3					Secreted Signaling
INSL5_RXFP2	RLN	Insl5	Rxfp2					Secreted Signaling
INSL5_RXFP1	RLN	Insl5	Rxfp1					Secreted Signaling
LEP_LEPR	LEP	Lep	Lepr					Secreted Signaling
LGALS9_CD45	GALECTIN	Lgals9	Ptprc					Secreted Signaling
LGALS9_IGHM	GALECTIN	Lgals9	Ighm					Secreted Signaling
NPS_NPSR1	NPS	Nps	Npsr1					Secreted Signaling
NPVF_NPFFR1	NPVF	Npvf	Npffr1					Secreted Signaling
NPVF_NPFFR2	NPVF	Npvf	Npffr2					Secreted Signaling
OSTN_NPR3	OSTN	Ostn	Npr3					Secreted Signaling
PMCH_MERTK	PMCH	Pmch	Mertk					Secreted Signaling
PROS1_AXL	PROS	Pros1	Axl					Secreted Signaling
PROS1_TYRO3	PROS	Pros1	Tyro3					Secreted Signaling
PSAP_GPR37L1	PSAP	Psap	Gpr37l1					Secreted Signaling
PSAP_GPR37	PSAP	Psap	Gpr37					Secreted Signaling
PTH_PTH1R	PTH	Pth	Pth1r					Secreted Signaling
PTH_PTH2R	PTH	Pth	Pth2r					Secreted Signaling
PTH2_PTH1R	PTH	Pth2	Pth1r					Secreted Signaling
PTH2_PTH2R	PTH	Pth2	Pth2r					Secreted Signaling
PTHLH_PTH1R	PTH	Pthlh	Pth1r					Secreted Signaling
QRFP_QRFPR	QRFP	Qrfp	Qrfpr					Secreted Signaling
RARRES2_GPR1	CHEMERIN	Rarres2	Cmklr2					Secreted Signaling
RARRES2_CMKLR1	CHEMERIN	Rarres2	Cmklr1					Secreted Signaling
RLN1_RXFP2	RLN	Rln1	Rxfp2					Secreted Signaling
RLN1_RXFP1	RLN	Rln1	Rxfp1					Secreted Signaling
RLN1_RXFP3	RLN	Rln1	Rxfp3					Secreted Signaling
RLN1_RXFP4	RLN	Rln1	Rxfp4					Secreted Signaling
RLN3_RXFP3	RLN	Rln3	Rxfp3					Secreted Signaling
RLN3_RXFP1	RLN	Rln3	Rxfp1					Secreted Signaling
RLN3_RXFP4	RLN	Rln3	Rxfp4					Secreted Signaling
RLN3_RXFP2	RLN	Rln3	Rxfp2					Secreted Signaling
SAA2_FPR2	SAA	Saa2	Fpr2					Secreted Signaling
SCGB3A2_MARCO	UGRP1	Scgb3a2	Marco					Secreted Signaling
SCT_SCTR	SCT	Sct	Sctr					Secreted Signaling
SLURP1_CHRNB1	SLURP	Slurp1	Chrnb1					Secreted Signaling
SLURP1_CHRNB2	SLURP	Slurp1	Chrnb2					Secreted Signaling
SLURP1_CHRNB3	SLURP	Slurp1	Chrnb3					Secreted Signaling
SLURP1_CHRNB4	SLURP	Slurp1	Chrnb4					Secreted Signaling
SLURP1_CHRNA1	SLURP	Slurp1	Chrna1					Secreted Signaling
SLURP1_CHRNA2	SLURP	Slurp1	Chrna2					Secreted Signaling
SLURP1_CHRNA3	SLURP	Slurp1	Chrna3					Secreted Signaling
SLURP1_CHRNA4	SLURP	Slurp1	Chrna4					Secreted Signaling
SLURP1_CHRNA5	SLURP	Slurp1	Chrna5					Secreted Signaling
SLURP1_CHRNA6	SLURP	Slurp1	Chrna6					Secreted Signaling
SLURP1_CHRNA9	SLURP	Slurp1	Chrna9					Secreted Signaling
SLURP1_CHRNA10	SLURP	Slurp1	Chrna10					Secreted Signaling
SLURP1_CHRND	SLURP	Slurp1	Chrnd					Secreted Signaling
SLURP1_CHRNE	SLURP	Slurp1	Chrne					Secreted Signaling
SLURP1_CHRNG	SLURP	Slurp1	Chrng					Secreted Signaling
SLURP1_CHRNA7	SLURP	Slurp1	Chrna7					Secreted Signaling
SLURP2_CHRNB1	SLURP	Slurp2	Chrnb1					Secreted Signaling
SLURP2_CHRNB2	SLURP	Slurp2	Chrnb2					Secreted Signaling
SLURP2_CHRNB3	SLURP	Slurp2	Chrnb3					Secreted Signaling
SLURP2_CHRNB4	SLURP	Slurp2	Chrnb4					Secreted Signaling
SLURP2_CHRNA1	SLURP	Slurp2	Chrna1					Secreted Signaling
SLURP2_CHRNA2	SLURP	Slurp2	Chrna2					Secreted Signaling
SLURP2_CHRNA3	SLURP	Slurp2	Chrna3					Secreted Signaling
SLURP2_CHRNA4	SLURP	Slurp2	Chrna4					Secreted Signaling
SLURP2_CHRNA5	SLURP	Slurp2	Chrna5					Secreted Signaling
SLURP2_CHRNA6	SLURP	Slurp2	Chrna6					Secreted Signaling
SLURP2_CHRNA7	SLURP	Slurp2	Chrna7					Secreted Signaling
SLURP2_CHRNA9	SLURP	Slurp2	Chrna9					Secreted Signaling
SLURP2_CHRNA10	SLURP	Slurp2	Chrna10					Secreted Signaling
SLURP2_CHRND	SLURP	Slurp2	Chrnd					Secreted Signaling
SLURP2_CHRNE	SLURP	Slurp2	Chrne					Secreted Signaling
SLURP2_CHRNG	SLURP	Slurp2	Chrng					Secreted Signaling
BTLA_TNFRSF14	BTLA	Btla	Tnfrsf14					Secreted Signaling
TRH_TRHR	TRH	Trh	Trhr					Secreted Signaling
TRH_TRHR2	TRH	Trh	Trhr2					Secreted Signaling
UCN_CRHR1	UCN	Ucn	Crhr1					Secreted Signaling
UCN_CRHR2	UCN	Ucn	Crhr2					Secreted Signaling
UCN2_CRHR1	UCN	Ucn2	Crhr1					Secreted Signaling
UCN2_CRHR2	UCN	Ucn2	Crhr2					Secreted Signaling
UCN3_CRHR1	UCN	Ucn3	Crhr1					Secreted Signaling
UCN3_CRHR2	UCN	Ucn3	Crhr2					Secreted Signaling
UTS2B_UTS2R	UROTENSIN	Uts2b	Uts2r					Secreted Signaling
UTS2B_SSTR5	UROTENSIN	Uts2b	Sstr5					Secreted Signaling
BAG6_NCR3-PS	BAG	Bag6	Ncr3-ps					Secreted Signaling
LGALS9_HAVCR2	GALECTIN	Lgals9	Havcr2					Secreted Signaling
LGALS9_CD44	GALECTIN	Lgals9	Cd44					Secreted Signaling
ANXA1_FPR2_LXA4	ANNEXIN	Anxa1	FPR2_LXA4					Secreted Signaling
KLK6_F2R	KLK	Klk6	F2r					Secreted Signaling
KLK6_F2RL1	KLK	Klk6	F2rl1					Secreted Signaling
KLK5_F2RL1	KLK	Klk5	F2rl1					Secreted Signaling
KLK4_F2R	KLK	Klk4	F2r					Secreted Signaling
KLK1_F2R	KLK	Klk1	F2r					Secreted Signaling
KLK14_F2R	KLK	Klk14	F2r					Secreted Signaling
KLK4_F2RL1	KLK	Klk4	F2rl1					Secreted Signaling
KLK14_F2RL1	KLK	Klk14	F2rl1					Secreted Signaling
KLK7_F2RL1	KLK	Klk7	F2rl1					Secreted Signaling
KLK8_F2R	KLK	Klk8	F2r					Secreted Signaling
ADM_CALCR_RAMP1	ADM	Adm	CALCR_RAMP1					Secreted Signaling
ADM_CALCR_RAMP2	ADM	Adm	CALCR_RAMP2					Secreted Signaling
ADM_CALCR_RAMP3	ADM	Adm	CALCR_RAMP3					Secreted Signaling
ADM_CALCRL_RAMP1	ADM	Adm	CALCRL_RAMP1					Secreted Signaling
ADM_CALCRL_RAMP2	ADM	Adm	CALCRL_RAMP2					Secreted Signaling
ADM_CALCRL_RAMP3	ADM	Adm	CALCRL_RAMP3					Secreted Signaling
CALCA_CALCR_RAMP1	CALC	Calca	CALCR_RAMP1					Secreted Signaling
CALCA_CALCR_RAMP2	CALC	Calca	CALCR_RAMP2					Secreted Signaling
CALCA_CALCR_RAMP3	CALC	Calca	CALCR_RAMP3					Secreted Signaling
CALCA_CALCRL_RAMP1	CALC	Calca	CALCRL_RAMP1					Secreted Signaling
CALCA_CALCRL_RAMP2	CALC	Calca	CALCRL_RAMP2					Secreted Signaling
CALCA_CALCRL_RAMP3	CALC	Calca	CALCRL_RAMP3					Secreted Signaling
CALCB_CALCR_RAMP1	CALC	Calcb	CALCR_RAMP1					Secreted Signaling
CALCB_CALCR_RAMP2	CALC	Calcb	CALCR_RAMP2					Secreted Signaling
CALCB_CALCR_RAMP3	CALC	Calcb	CALCR_RAMP3					Secreted Signaling
CALCB_CALCRL_RAMP1	CALC	Calcb	CALCRL_RAMP1					Secreted Signaling
CALCB_CALCRL_RAMP2	CALC	Calcb	CALCRL_RAMP2					Secreted Signaling
CALCB_CALCRL_RAMP3	CALC	Calcb	CALCRL_RAMP3					Secreted Signaling
IAPP_CALCR_RAMP1	IAPP	Iapp	CALCR_RAMP1					Secreted Signaling
IAPP_CALCR_RAMP2	IAPP	Iapp	CALCR_RAMP2					Secreted Signaling
IAPP_CALCR_RAMP3	IAPP	Iapp	CALCR_RAMP3					Secreted Signaling
IAPP_CALCRL_RAMP1	IAPP	Iapp	CALCRL_RAMP1					Secreted Signaling
IAPP_CALCRL_RAMP2	IAPP	Iapp	CALCRL_RAMP2					Secreted Signaling
IAPP_CALCRL_RAMP3	IAPP	Iapp	CALCRL_RAMP3					Secreted Signaling
PROC_PROCR_HSP90AA1	PROCR	Proc	PROCR_HSP90AA1					Secreted Signaling
PROC_PROCR_F2R	PROCR	Proc	PROCR_F2R					Secreted Signaling
AGT_AGTR2	AGT	Agt	Agtr2					Secreted Signaling
TAFA4_FPR1	TAFA	Tafa4	Fpr1					Secreted Signaling
CTSG_FPR1	CTSG	Ctsg	Fpr1					Secreted Signaling
ANXA1_FPR-RS7	ANNEXIN	Anxa1	Fpr-rs7					Secreted Signaling
ANXA1_FPR-RS6	ANNEXIN	Anxa1	Fpr-rs6					Secreted Signaling
ANXA1_FPR3	ANNEXIN	Anxa1	Fpr3					Secreted Signaling
ANXA1_FPR-RS4	ANNEXIN	Anxa1	Fpr-rs4					Secreted Signaling
ANXA1_FPR-RS3	ANNEXIN	Anxa1	Fpr-rs3					Secreted Signaling
GALP_GALR3	GALANIN	Galp	Galr3					Secreted Signaling
GRP_NMBR	GRP	Grp	Nmbr					Secreted Signaling
PTPRS_NTRK3	PTPR	Ptprs	Ntrk3					Secreted Signaling
VIP_SCTR	VIP	Vip	Sctr					Secreted Signaling
SLITRK1_PTPRD	SLITRK	Slitrk1	Ptprd					Secreted Signaling
SLITRK1_PTPRS	SLITRK	Slitrk1	Ptprs					Secreted Signaling
SLITRK2_PTPRD	SLITRK	Slitrk2	Ptprd					Secreted Signaling
SLITRK2_PTPRS	SLITRK	Slitrk2	Ptprs					Secreted Signaling
SLITRK3_PTPRD	SLITRK	Slitrk3	Ptprd					Secreted Signaling
SLITRK4_PTPRS	SLITRK	Slitrk4	Ptprs					Secreted Signaling
SLITRK5_PTPRS	SLITRK	Slitrk5	Ptprs					Secreted Signaling
SLITRK6_PTPRS	SLITRK	Slitrk6	Ptprs					Secreted Signaling
BDNF_SORT1	NT	Bdnf	Sort1					Secreted Signaling
BDNF_NGFR	NT	Bdnf	Ngfr					Secreted Signaling
IGFBP3_TMEM219	IGFBP	Igfbp3	Tmem219					Secreted Signaling
LGALS9_BCR_CD45_CD22	GALECTIN	Lgals9	BCR_CD45_CD22					Secreted Signaling
LGALS9_P4HB	GALECTIN	Lgals9	P4hb					Secreted Signaling
AMH_AMHR2_BMPR1B	AMH	Amh	AMHR2_BMPR1B					Secreted Signaling
NTS_SORT1	NTS	Nts	Sort1					Secreted Signaling
NRG1_ITGA6_ITGB4	NRG	Nrg1	ITGA6_ITGB4					Secreted Signaling
NTF3_NGFR	NT	Ntf3	Ngfr					Secreted Signaling
NTF5_NGFR	NT	Ntf5	Ngfr					Secreted Signaling
RBP4_STRA6	RBP4	Rbp4	Stra6					Secreted Signaling
SLIT1_ROBO1	SLIT	Slit1	Robo1					Secreted Signaling
SLIT2_ROBO1	SLIT	Slit2	Robo1					Secreted Signaling
SLIT2_ROBO2	SLIT	Slit2	Robo2					Secreted Signaling
TULP1_TYRO3	TULP	Tulp1	Tyro3					Secreted Signaling
TULP2_TYRO3	TULP	Tulp2	Tyro3					Secreted Signaling
TULP1_AXL	TULP	Tulp1	Axl					Secreted Signaling
TULP1_MERTK	TULP	Tulp1	Mertk					Secreted Signaling
TUB_MERTK	TULP	Tub	Mertk					Secreted Signaling
PROS1_MERTK	PROS	Pros1	Mertk					Secreted Signaling
PLAU_PLAUR	PLAU	Plau	Plaur					Secreted Signaling
COL1A1_ITGA1_ITGB1	COLLAGEN	Col1a1	ITGA1_ITGB1					ECM-Receptor
COL1A2_ITGA1_ITGB1	COLLAGEN	Col1a2	ITGA1_ITGB1					ECM-Receptor
COL2A1_ITGA1_ITGB1	COLLAGEN	Col2a1	ITGA1_ITGB1					ECM-Receptor
COL4A1_ITGA1_ITGB1	COLLAGEN	Col4a1	ITGA1_ITGB1					ECM-Receptor
COL4A2_ITGA1_ITGB1	COLLAGEN	Col4a2	ITGA1_ITGB1					ECM-Receptor
COL4A3_ITGA1_ITGB1	COLLAGEN	Col4a3	ITGA1_ITGB1					ECM-Receptor
COL4A4_ITGA1_ITGB1	COLLAGEN	Col4a4	ITGA1_ITGB1					ECM-Receptor
COL4A5_ITGA1_ITGB1	COLLAGEN	Col4a5	ITGA1_ITGB1					ECM-Receptor
COL4A6_ITGA1_ITGB1	COLLAGEN	Col4a6	ITGA1_ITGB1					ECM-Receptor
COL6A1_ITGA1_ITGB1	COLLAGEN	Col6a1	ITGA1_ITGB1					ECM-Receptor
COL6A2_ITGA1_ITGB1	COLLAGEN	Col6a2	ITGA1_ITGB1					ECM-Receptor
COL6A3_ITGA1_ITGB1	COLLAGEN	Col6a3	ITGA1_ITGB1					ECM-Receptor
COL6A4_ITGA1_ITGB1	COLLAGEN	Col6a4	ITGA1_ITGB1					ECM-Receptor
COL6A5_ITGA1_ITGB1	COLLAGEN	Col6a5	ITGA1_ITGB1					ECM-Receptor
COL6A6_ITGA1_ITGB1	COLLAGEN	Col6a6	ITGA1_ITGB1					ECM-Receptor
COL9A1_ITGA1_ITGB1	COLLAGEN	Col9a1	ITGA1_ITGB1					ECM-Receptor
COL9A2_ITGA1_ITGB1	COLLAGEN	Col9a2	ITGA1_ITGB1					ECM-Receptor
COL9A3_ITGA1_ITGB1	COLLAGEN	Col9a3	ITGA1_ITGB1					ECM-Receptor
COL1A1_ITGA2_ITGB1	COLLAGEN	Col1a1	ITGA2_ITGB1					ECM-Receptor
COL1A2_ITGA2_ITGB1	COLLAGEN	Col1a2	ITGA2_ITGB1					ECM-Receptor
COL2A1_ITGA2_ITGB1	COLLAGEN	Col2a1	ITGA2_ITGB1					ECM-Receptor
COL4A1_ITGA2_ITGB1	COLLAGEN	Col4a1	ITGA2_ITGB1					ECM-Receptor
COL4A2_ITGA2_ITGB1	COLLAGEN	Col4a2	ITGA2_ITGB1					ECM-Receptor
COL4A3_ITGA2_ITGB1	COLLAGEN	Col4a3	ITGA2_ITGB1					ECM-Receptor
COL4A4_ITGA2_ITGB1	COLLAGEN	Col4a4	ITGA2_ITGB1					ECM-Receptor
COL4A5_ITGA2_ITGB1	COLLAGEN	Col4a5	ITGA2_ITGB1					ECM-Receptor
COL4A6_ITGA2_ITGB1	COLLAGEN	Col4a6	ITGA2_ITGB1					ECM-Receptor
COL6A1_ITGA2_ITGB1	COLLAGEN	Col6a1	ITGA2_ITGB1					ECM-Receptor
COL6A2_ITGA2_ITGB1	COLLAGEN	Col6a2	ITGA2_ITGB1					ECM-Receptor
COL6A3_ITGA2_ITGB1	COLLAGEN	Col6a3	ITGA2_ITGB1					ECM-Receptor
COL6A4_ITGA2_ITGB1	COLLAGEN	Col6a4	ITGA2_ITGB1					ECM-Receptor
COL6A5_ITGA2_ITGB1	COLLAGEN	Col6a5	ITGA2_ITGB1					ECM-Receptor
COL6A6_ITGA2_ITGB1	COLLAGEN	Col6a6	ITGA2_ITGB1					ECM-Receptor
COL9A1_ITGA2_ITGB1	COLLAGEN	Col9a1	ITGA2_ITGB1					ECM-Receptor
COL9A2_ITGA2_ITGB1	COLLAGEN	Col9a2	ITGA2_ITGB1					ECM-Receptor
COL9A3_ITGA2_ITGB1	COLLAGEN	Col9a3	ITGA2_ITGB1					ECM-Receptor
FN1_ITGA3_ITGB1	FN1	Fn1	ITGA3_ITGB1					ECM-Receptor
FN1_ITGA4_ITGB1	FN1	Fn1	ITGA4_ITGB1					ECM-Receptor
FN1_ITGA5_ITGB1	FN1	Fn1	ITGA5_ITGB1					ECM-Receptor
FN1_ITGA8_ITGB1	FN1	Fn1	ITGA8_ITGB1					ECM-Receptor
LAMA1_ITGA1_ITGB1	LAMININ	Lama1	ITGA1_ITGB1					ECM-Receptor
LAMA2_ITGA1_ITGB1	LAMININ	Lama2	ITGA1_ITGB1					ECM-Receptor
LAMA3_ITGA1_ITGB1	LAMININ	Lama3	ITGA1_ITGB1					ECM-Receptor
LAMA4_ITGA1_ITGB1	LAMININ	Lama4	ITGA1_ITGB1					ECM-Receptor
LAMA5_ITGA1_ITGB1	LAMININ	Lama5	ITGA1_ITGB1					ECM-Receptor
LAMB1_ITGA1_ITGB1	LAMININ	Lamb1	ITGA1_ITGB1					ECM-Receptor
LAMB2_ITGA1_ITGB1	LAMININ	Lamb2	ITGA1_ITGB1					ECM-Receptor
LAMB3_ITGA1_ITGB1	LAMININ	Lamb3	ITGA1_ITGB1					ECM-Receptor
LAMC1_ITGA1_ITGB1	LAMININ	Lamc1	ITGA1_ITGB1					ECM-Receptor
LAMC2_ITGA1_ITGB1	LAMININ	Lamc2	ITGA1_ITGB1					ECM-Receptor
LAMC3_ITGA1_ITGB1	LAMININ	Lamc3	ITGA1_ITGB1					ECM-Receptor
LAMA1_ITGA2_ITGB1	LAMININ	Lama1	ITGA2_ITGB1					ECM-Receptor
LAMA2_ITGA2_ITGB1	LAMININ	Lama2	ITGA2_ITGB1					ECM-Receptor
LAMA3_ITGA2_ITGB1	LAMININ	Lama3	ITGA2_ITGB1					ECM-Receptor
LAMA4_ITGA2_ITGB1	LAMININ	Lama4	ITGA2_ITGB1					ECM-Receptor
LAMA5_ITGA2_ITGB1	LAMININ	Lama5	ITGA2_ITGB1					ECM-Receptor
LAMB1_ITGA2_ITGB1	LAMININ	Lamb1	ITGA2_ITGB1					ECM-Receptor
LAMB2_ITGA2_ITGB1	LAMININ	Lamb2	ITGA2_ITGB1					ECM-Receptor
LAMB3_ITGA2_ITGB1	LAMININ	Lamb3	ITGA2_ITGB1					ECM-Receptor
LAMC1_ITGA2_ITGB1	LAMININ	Lamc1	ITGA2_ITGB1					ECM-Receptor
LAMC2_ITGA2_ITGB1	LAMININ	Lamc2	ITGA2_ITGB1					ECM-Receptor
LAMC3_ITGA2_ITGB1	LAMININ	Lamc3	ITGA2_ITGB1					ECM-Receptor
CHAD_ITGA2_ITGB1	CHAD	Chad	ITGA2_ITGB1					ECM-Receptor
LAMA1_ITGA3_ITGB1	LAMININ	Lama1	ITGA3_ITGB1					ECM-Receptor
LAMA2_ITGA3_ITGB1	LAMININ	Lama2	ITGA3_ITGB1					ECM-Receptor
LAMA3_ITGA3_ITGB1	LAMININ	Lama3	ITGA3_ITGB1					ECM-Receptor
LAMA4_ITGA3_ITGB1	LAMININ	Lama4	ITGA3_ITGB1					ECM-Receptor
LAMA5_ITGA3_ITGB1	LAMININ	Lama5	ITGA3_ITGB1					ECM-Receptor
LAMB1_ITGA3_ITGB1	LAMININ	Lamb1	ITGA3_ITGB1					ECM-Receptor
LAMB2_ITGA3_ITGB1	LAMININ	Lamb2	ITGA3_ITGB1					ECM-Receptor
LAMB3_ITGA3_ITGB1	LAMININ	Lamb3	ITGA3_ITGB1					ECM-Receptor
LAMC1_ITGA3_ITGB1	LAMININ	Lamc1	ITGA3_ITGB1					ECM-Receptor
LAMC2_ITGA3_ITGB1	LAMININ	Lamc2	ITGA3_ITGB1					ECM-Receptor
LAMC3_ITGA3_ITGB1	LAMININ	Lamc3	ITGA3_ITGB1					ECM-Receptor
RELN_ITGA3_ITGB1	RELN	Reln	ITGA3_ITGB1					ECM-Receptor
THBS1_ITGA3_ITGB1	THBS	Thbs1	ITGA3_ITGB1					ECM-Receptor
THBS2_ITGA3_ITGB1	THBS	Thbs2	ITGA3_ITGB1					ECM-Receptor
THBS3_ITGA3_ITGB1	THBS	Thbs3	ITGA3_ITGB1					ECM-Receptor
THBS4_ITGA3_ITGB1	THBS	Thbs4	ITGA3_ITGB1					ECM-Receptor
COMP_ITGA3_ITGB1	THBS	Comp	ITGA3_ITGB1					ECM-Receptor
COL1A1_ITGA3_ITGB1	COLLAGEN	Col1a1	ITGA3_ITGB1					ECM-Receptor
COL1A2_ITGA3_ITGB1	COLLAGEN	Col1a2	ITGA3_ITGB1					ECM-Receptor
COL2A1_ITGA3_ITGB1	COLLAGEN	Col2a1	ITGA3_ITGB1					ECM-Receptor
COL4A1_ITGA3_ITGB1	COLLAGEN	Col4a1	ITGA3_ITGB1					ECM-Receptor
COL4A2_ITGA3_ITGB1	COLLAGEN	Col4a2	ITGA3_ITGB1					ECM-Receptor
COL4A3_ITGA3_ITGB1	COLLAGEN	Col4a3	ITGA3_ITGB1					ECM-Receptor
COL4A4_ITGA3_ITGB1	COLLAGEN	Col4a4	ITGA3_ITGB1					ECM-Receptor
COL4A5_ITGA3_ITGB1	COLLAGEN	Col4a5	ITGA3_ITGB1					ECM-Receptor
COL4A6_ITGA3_ITGB1	COLLAGEN	Col4a6	ITGA3_ITGB1					ECM-Receptor
COL6A1_ITGA3_ITGB1	COLLAGEN	Col6a1	ITGA3_ITGB1					ECM-Receptor
COL6A2_ITGA3_ITGB1	COLLAGEN	Col6a2	ITGA3_ITGB1					ECM-Receptor
COL6A3_ITGA3_ITGB1	COLLAGEN	Col6a3	ITGA3_ITGB1					ECM-Receptor
COL6A4_ITGA3_ITGB1	COLLAGEN	Col6a4	ITGA3_ITGB1					ECM-Receptor
COL6A5_ITGA3_ITGB1	COLLAGEN	Col6a5	ITGA3_ITGB1					ECM-Receptor
COL6A6_ITGA3_ITGB1	COLLAGEN	Col6a6	ITGA3_ITGB1					ECM-Receptor
COL9A1_ITGA3_ITGB1	COLLAGEN	Col9a1	ITGA3_ITGB1					ECM-Receptor
COL9A2_ITGA3_ITGB1	COLLAGEN	Col9a2	ITGA3_ITGB1					ECM-Receptor
COL9A3_ITGA3_ITGB1	COLLAGEN	Col9a3	ITGA3_ITGB1					ECM-Receptor
LAMA1_ITGA6_ITGB1	LAMININ	Lama1	ITGA6_ITGB1					ECM-Receptor
LAMA2_ITGA6_ITGB1	LAMININ	Lama2	ITGA6_ITGB1					ECM-Receptor
LAMA3_ITGA6_ITGB1	LAMININ	Lama3	ITGA6_ITGB1					ECM-Receptor
LAMA4_ITGA6_ITGB1	LAMININ	Lama4	ITGA6_ITGB1					ECM-Receptor
LAMA5_ITGA6_ITGB1	LAMININ	Lama5	ITGA6_ITGB1					ECM-Receptor
LAMB1_ITGA6_ITGB1	LAMININ	Lamb1	ITGA6_ITGB1					ECM-Receptor
LAMB2_ITGA6_ITGB1	LAMININ	Lamb2	ITGA6_ITGB1					ECM-Receptor
LAMB3_ITGA6_ITGB1	LAMININ	Lamb3	ITGA6_ITGB1					ECM-Receptor
LAMC1_ITGA6_ITGB1	LAMININ	Lamc1	ITGA6_ITGB1					ECM-Receptor
LAMC2_ITGA6_ITGB1	LAMININ	Lamc2	ITGA6_ITGB1					ECM-Receptor
LAMC3_ITGA6_ITGB1	LAMININ	Lamc3	ITGA6_ITGB1					ECM-Receptor
LAMA1_ITGA7_ITGB1	LAMININ	Lama1	ITGA7_ITGB1					ECM-Receptor
LAMA2_ITGA7_ITGB1	LAMININ	Lama2	ITGA7_ITGB1					ECM-Receptor
LAMA3_ITGA7_ITGB1	LAMININ	Lama3	ITGA7_ITGB1					ECM-Receptor
LAMA4_ITGA7_ITGB1	LAMININ	Lama4	ITGA7_ITGB1					ECM-Receptor
LAMA5_ITGA7_ITGB1	LAMININ	Lama5	ITGA7_ITGB1					ECM-Receptor
LAMB1_ITGA7_ITGB1	LAMININ	Lamb1	ITGA7_ITGB1					ECM-Receptor
LAMB2_ITGA7_ITGB1	LAMININ	Lamb2	ITGA7_ITGB1					ECM-Receptor
LAMB3_ITGA7_ITGB1	LAMININ	Lamb3	ITGA7_ITGB1					ECM-Receptor
LAMC1_ITGA7_ITGB1	LAMININ	Lamc1	ITGA7_ITGB1					ECM-Receptor
LAMC2_ITGA7_ITGB1	LAMININ	Lamc2	ITGA7_ITGB1					ECM-Receptor
LAMC3_ITGA7_ITGB1	LAMININ	Lamc3	ITGA7_ITGB1					ECM-Receptor
VTN_ITGA8_ITGB1	VTN	Vtn	ITGA8_ITGB1					ECM-Receptor
TNC_ITGA8_ITGB1	TENASCIN	Tnc	ITGA8_ITGB1					ECM-Receptor
TNR_ITGA8_ITGB1	TENASCIN	Tnr	ITGA8_ITGB1					ECM-Receptor
TNN_ITGA8_ITGB1	TENASCIN	Tnn	ITGA8_ITGB1					ECM-Receptor
TNXB_ITGA8_ITGB1	TENASCIN	Tnxb	ITGA8_ITGB1					ECM-Receptor
NPNT1_ITGA8_ITGB1	NPNT	Npnt complex 1	ITGA8_ITGB1					ECM-Receptor
NPNT2_ITGA8_ITGB1	NPNT	Npnt complex 2	ITGA8_ITGB1					ECM-Receptor
TNC_ITGA9_ITGB1	TENASCIN	Tnc	ITGA9_ITGB1					ECM-Receptor
TNR_ITGA9_ITGB1	TENASCIN	Tnr	ITGA9_ITGB1					ECM-Receptor
TNN_ITGA9_ITGB1	TENASCIN	Tnn	ITGA9_ITGB1					ECM-Receptor
TNXB_ITGA9_ITGB1	TENASCIN	Tnxb	ITGA9_ITGB1					ECM-Receptor
COL1A1_ITGA9_ITGB1	COLLAGEN	Col1a1	ITGA9_ITGB1					ECM-Receptor
COL1A2_ITGA9_ITGB1	COLLAGEN	Col1a2	ITGA9_ITGB1					ECM-Receptor
COL2A1_ITGA9_ITGB1	COLLAGEN	Col2a1	ITGA9_ITGB1					ECM-Receptor
COL4A1_ITGA9_ITGB1	COLLAGEN	Col4a1	ITGA9_ITGB1					ECM-Receptor
COL4A2_ITGA9_ITGB1	COLLAGEN	Col4a2	ITGA9_ITGB1					ECM-Receptor
COL4A3_ITGA9_ITGB1	COLLAGEN	Col4a3	ITGA9_ITGB1					ECM-Receptor
COL4A4_ITGA9_ITGB1	COLLAGEN	Col4a4	ITGA9_ITGB1					ECM-Receptor
COL4A5_ITGA9_ITGB1	COLLAGEN	Col4a5	ITGA9_ITGB1					ECM-Receptor
COL4A6_ITGA9_ITGB1	COLLAGEN	Col4a6	ITGA9_ITGB1					ECM-Receptor
COL6A1_ITGA9_ITGB1	COLLAGEN	Col6a1	ITGA9_ITGB1					ECM-Receptor
COL6A2_ITGA9_ITGB1	COLLAGEN	Col6a2	ITGA9_ITGB1					ECM-Receptor
COL6A3_ITGA9_ITGB1	COLLAGEN	Col6a3	ITGA9_ITGB1					ECM-Receptor
COL6A4_ITGA9_ITGB1	COLLAGEN	Col6a4	ITGA9_ITGB1					ECM-Receptor
COL6A5_ITGA9_ITGB1	COLLAGEN	Col6a5	ITGA9_ITGB1					ECM-Receptor
COL6A6_ITGA9_ITGB1	COLLAGEN	Col6a6	ITGA9_ITGB1					ECM-Receptor
COL9A1_ITGA9_ITGB1	COLLAGEN	Col9a1	ITGA9_ITGB1					ECM-Receptor
COL9A2_ITGA9_ITGB1	COLLAGEN	Col9a2	ITGA9_ITGB1					ECM-Receptor
COL9A3_ITGA9_ITGB1	COLLAGEN	Col9a3	ITGA9_ITGB1					ECM-Receptor
LAMA1_ITGA9_ITGB1	LAMININ	Lama1	ITGA9_ITGB1					ECM-Receptor
LAMA2_ITGA9_ITGB1	LAMININ	Lama2	ITGA9_ITGB1					ECM-Receptor
LAMA3_ITGA9_ITGB1	LAMININ	Lama3	ITGA9_ITGB1					ECM-Receptor
LAMA4_ITGA9_ITGB1	LAMININ	Lama4	ITGA9_ITGB1					ECM-Receptor
LAMA5_ITGA9_ITGB1	LAMININ	Lama5	ITGA9_ITGB1					ECM-Receptor
LAMB1_ITGA9_ITGB1	LAMININ	Lamb1	ITGA9_ITGB1					ECM-Receptor
LAMB2_ITGA9_ITGB1	LAMININ	Lamb2	ITGA9_ITGB1					ECM-Receptor
LAMB3_ITGA9_ITGB1	LAMININ	Lamb3	ITGA9_ITGB1					ECM-Receptor
LAMC1_ITGA9_ITGB1	LAMININ	Lamc1	ITGA9_ITGB1					ECM-Receptor
LAMC2_ITGA9_ITGB1	LAMININ	Lamc2	ITGA9_ITGB1					ECM-Receptor
LAMC3_ITGA9_ITGB1	LAMININ	Lamc3	ITGA9_ITGB1					ECM-Receptor
COL1A1_ITGA10_ITGB1	COLLAGEN	Col1a1	ITGA10_ITGB1					ECM-Receptor
COL1A2_ITGA10_ITGB1	COLLAGEN	Col1a2	ITGA10_ITGB1					ECM-Receptor
COL2A1_ITGA10_ITGB1	COLLAGEN	Col2a1	ITGA10_ITGB1					ECM-Receptor
COL4A1_ITGA10_ITGB1	COLLAGEN	Col4a1	ITGA10_ITGB1					ECM-Receptor
COL4A2_ITGA10_ITGB1	COLLAGEN	Col4a2	ITGA10_ITGB1					ECM-Receptor
COL4A3_ITGA10_ITGB1	COLLAGEN	Col4a3	ITGA10_ITGB1					ECM-Receptor
COL4A4_ITGA10_ITGB1	COLLAGEN	Col4a4	ITGA10_ITGB1					ECM-Receptor
COL4A5_ITGA10_ITGB1	COLLAGEN	Col4a5	ITGA10_ITGB1					ECM-Receptor
COL4A6_ITGA10_ITGB1	COLLAGEN	Col4a6	ITGA10_ITGB1					ECM-Receptor
COL6A1_ITGA10_ITGB1	COLLAGEN	Col6a1	ITGA10_ITGB1					ECM-Receptor
COL6A2_ITGA10_ITGB1	COLLAGEN	Col6a2	ITGA10_ITGB1					ECM-Receptor
COL6A3_ITGA10_ITGB1	COLLAGEN	Col6a3	ITGA10_ITGB1					ECM-Receptor
COL6A4_ITGA10_ITGB1	COLLAGEN	Col6a4	ITGA10_ITGB1					ECM-Receptor
COL6A5_ITGA10_ITGB1	COLLAGEN	Col6a5	ITGA10_ITGB1					ECM-Receptor
COL6A6_ITGA10_ITGB1	COLLAGEN	Col6a6	ITGA10_ITGB1					ECM-Receptor
COL9A1_ITGA10_ITGB1	COLLAGEN	Col9a1	ITGA10_ITGB1					ECM-Receptor
COL9A2_ITGA10_ITGB1	COLLAGEN	Col9a2	ITGA10_ITGB1					ECM-Receptor
COL9A3_ITGA10_ITGB1	COLLAGEN	Col9a3	ITGA10_ITGB1					ECM-Receptor
COL1A1_ITGA11_ITGB1	COLLAGEN	Col1a1	ITGA11_ITGB1					ECM-Receptor
COL1A2_ITGA11_ITGB1	COLLAGEN	Col1a2	ITGA11_ITGB1					ECM-Receptor
COL2A1_ITGA11_ITGB1	COLLAGEN	Col2a1	ITGA11_ITGB1					ECM-Receptor
COL4A1_ITGA11_ITGB1	COLLAGEN	Col4a1	ITGA11_ITGB1					ECM-Receptor
COL4A2_ITGA11_ITGB1	COLLAGEN	Col4a2	ITGA11_ITGB1					ECM-Receptor
COL4A3_ITGA11_ITGB1	COLLAGEN	Col4a3	ITGA11_ITGB1					ECM-Receptor
COL4A4_ITGA11_ITGB1	COLLAGEN	Col4a4	ITGA11_ITGB1					ECM-Receptor
COL4A5_ITGA11_ITGB1	COLLAGEN	Col4a5	ITGA11_ITGB1					ECM-Receptor
COL4A6_ITGA11_ITGB1	COLLAGEN	Col4a6	ITGA11_ITGB1					ECM-Receptor
COL6A1_ITGA11_ITGB1	COLLAGEN	Col6a1	ITGA11_ITGB1					ECM-Receptor
COL6A2_ITGA11_ITGB1	COLLAGEN	Col6a2	ITGA11_ITGB1					ECM-Receptor
COL6A3_ITGA11_ITGB1	COLLAGEN	Col6a3	ITGA11_ITGB1					ECM-Receptor
COL6A4_ITGA11_ITGB1	COLLAGEN	Col6a4	ITGA11_ITGB1					ECM-Receptor
COL6A5_ITGA11_ITGB1	COLLAGEN	Col6a5	ITGA11_ITGB1					ECM-Receptor
COL6A6_ITGA11_ITGB1	COLLAGEN	Col6a6	ITGA11_ITGB1					ECM-Receptor
COL9A1_ITGA11_ITGB1	COLLAGEN	Col9a1	ITGA11_ITGB1					ECM-Receptor
COL9A2_ITGA11_ITGB1	COLLAGEN	Col9a2	ITGA11_ITGB1					ECM-Receptor
COL9A3_ITGA11_ITGB1	COLLAGEN	Col9a3	ITGA11_ITGB1					ECM-Receptor
FN1_ITGAV_ITGB1	FN1	Fn1	ITGAV_ITGB1					ECM-Receptor
VTN_ITGAV_ITGB1	VTN	Vtn	ITGAV_ITGB1					ECM-Receptor
DSPP_ITGAV_ITGB1	DSPP	Dspp	ITGAV_ITGB1					ECM-Receptor
FN1_ITGA4_ITGB7	FN1	Fn1	ITGA4_ITGB7					ECM-Receptor
FN1_ITGAV_ITGB3	FN1	Fn1	ITGAV_ITGB3					ECM-Receptor
VTN_ITGAV_ITGB3	VTN	Vtn	ITGAV_ITGB3					ECM-Receptor
VWF_ITGAV_ITGB3	VWF	Vwf	ITGAV_ITGB3					ECM-Receptor
TNC_ITGAV_ITGB3	TENASCIN	Tnc	ITGAV_ITGB3					ECM-Receptor
TNR_ITGAV_ITGB3	TENASCIN	Tnr	ITGAV_ITGB3					ECM-Receptor
TNN_ITGAV_ITGB3	TENASCIN	Tnn	ITGAV_ITGB3					ECM-Receptor
TNXB_ITGAV_ITGB3	TENASCIN	Tnxb	ITGAV_ITGB3					ECM-Receptor
IBSP_ITGAV_ITGB3	BSP	Ibsp	ITGAV_ITGB3					ECM-Receptor
THBS1_ITGAV_ITGB3	THBS	Thbs1	ITGAV_ITGB3					ECM-Receptor
THBS2_ITGAV_ITGB3	THBS	Thbs2	ITGAV_ITGB3					ECM-Receptor
THBS3_ITGAV_ITGB3	THBS	Thbs3	ITGAV_ITGB3					ECM-Receptor
THBS4_ITGAV_ITGB3	THBS	Thbs4	ITGAV_ITGB3					ECM-Receptor
COMP_ITGAV_ITGB3	THBS	Comp	ITGAV_ITGB3					ECM-Receptor
DMP1_ITGAV_ITGB3	DMP1	Dmp1	ITGAV_ITGB3					ECM-Receptor
FN1_ITGA2B_ITGB3	FN1	Fn1	ITGA2B_ITGB3					ECM-Receptor
VTN_ITGA2B_ITGB3	VTN	Vtn	ITGA2B_ITGB3					ECM-Receptor
VWF_ITGA2B_ITGB3	VWF	Vwf	ITGA2B_ITGB3					ECM-Receptor
TNC_ITGA2B_ITGB3	TENASCIN	Tnc	ITGA2B_ITGB3					ECM-Receptor
TNR_ITGA2B_ITGB3	TENASCIN	Tnr	ITGA2B_ITGB3					ECM-Receptor
TNN_ITGA2B_ITGB3	TENASCIN	Tnn	ITGA2B_ITGB3					ECM-Receptor
TNXB_ITGA2B_ITGB3	TENASCIN	Tnxb	ITGA2B_ITGB3					ECM-Receptor
VTN_ITGAV_ITGB5	VTN	Vtn	ITGAV_ITGB5					ECM-Receptor
IBSP_ITGAV_ITGB5	BSP	Ibsp	ITGAV_ITGB5					ECM-Receptor
TNC_ITGAV_ITGB6	TENASCIN	Tnc	ITGAV_ITGB6					ECM-Receptor
TNR_ITGAV_ITGB6	TENASCIN	Tnr	ITGAV_ITGB6					ECM-Receptor
TNN_ITGAV_ITGB6	TENASCIN	Tnn	ITGAV_ITGB6					ECM-Receptor
TNXB_ITGAV_ITGB6	TENASCIN	Tnxb	ITGAV_ITGB6					ECM-Receptor
FN1_ITGAV_ITGB6	FN1	Fn1	ITGAV_ITGB6					ECM-Receptor
DSPP_ITGAV_ITGB6	DSPP	Dspp	ITGAV_ITGB6					ECM-Receptor
VTN_ITGAV_ITGB8	VTN	Vtn	ITGAV_ITGB8					ECM-Receptor
FN1_ITGAV_ITGB8	FN1	Fn1	ITGAV_ITGB8					ECM-Receptor
LAMA1_ITGAV_ITGB8	LAMININ	Lama1	ITGAV_ITGB8					ECM-Receptor
LAMA2_ITGAV_ITGB8	LAMININ	Lama2	ITGAV_ITGB8					ECM-Receptor
LAMA3_ITGAV_ITGB8	LAMININ	Lama3	ITGAV_ITGB8					ECM-Receptor
LAMA4_ITGAV_ITGB8	LAMININ	Lama4	ITGAV_ITGB8					ECM-Receptor
LAMA5_ITGAV_ITGB8	LAMININ	Lama5	ITGAV_ITGB8					ECM-Receptor
LAMB1_ITGAV_ITGB8	LAMININ	Lamb1	ITGAV_ITGB8					ECM-Receptor
LAMB2_ITGAV_ITGB8	LAMININ	Lamb2	ITGAV_ITGB8					ECM-Receptor
LAMB3_ITGAV_ITGB8	LAMININ	Lamb3	ITGAV_ITGB8					ECM-Receptor
LAMC1_ITGAV_ITGB8	LAMININ	Lamc1	ITGAV_ITGB8					ECM-Receptor
LAMC2_ITGAV_ITGB8	LAMININ	Lamc2	ITGAV_ITGB8					ECM-Receptor
LAMC3_ITGAV_ITGB8	LAMININ	Lamc3	ITGAV_ITGB8					ECM-Receptor
COL1A1_ITGAV_ITGB8	COLLAGEN	Col1a1	ITGAV_ITGB8					ECM-Receptor
COL1A2_ITGAV_ITGB8	COLLAGEN	Col1a2	ITGAV_ITGB8					ECM-Receptor
COL2A1_ITGAV_ITGB8	COLLAGEN	Col2a1	ITGAV_ITGB8					ECM-Receptor
COL4A1_ITGAV_ITGB8	COLLAGEN	Col4a1	ITGAV_ITGB8					ECM-Receptor
COL4A2_ITGAV_ITGB8	COLLAGEN	Col4a2	ITGAV_ITGB8					ECM-Receptor
COL4A3_ITGAV_ITGB8	COLLAGEN	Col4a3	ITGAV_ITGB8					ECM-Receptor
COL4A4_ITGAV_ITGB8	COLLAGEN	Col4a4	ITGAV_ITGB8					ECM-Receptor
COL4A5_ITGAV_ITGB8	COLLAGEN	Col4a5	ITGAV_ITGB8					ECM-Receptor
COL4A6_ITGAV_ITGB8	COLLAGEN	Col4a6	ITGAV_ITGB8					ECM-Receptor
COL6A1_ITGAV_ITGB8	COLLAGEN	Col6a1	ITGAV_ITGB8					ECM-Receptor
COL6A2_ITGAV_ITGB8	COLLAGEN	Col6a2	ITGAV_ITGB8					ECM-Receptor
COL6A3_ITGAV_ITGB8	COLLAGEN	Col6a3	ITGAV_ITGB8					ECM-Receptor
COL6A4_ITGAV_ITGB8	COLLAGEN	Col6a4	ITGAV_ITGB8					ECM-Receptor
COL6A5_ITGAV_ITGB8	COLLAGEN	Col6a5	ITGAV_ITGB8					ECM-Receptor
COL6A6_ITGAV_ITGB8	COLLAGEN	Col6a6	ITGAV_ITGB8					ECM-Receptor
COL9A1_ITGAV_ITGB8	COLLAGEN	Col9a1	ITGAV_ITGB8					ECM-Receptor
COL9A2_ITGAV_ITGB8	COLLAGEN	Col9a2	ITGAV_ITGB8					ECM-Receptor
COL9A3_ITGAV_ITGB8	COLLAGEN	Col9a3	ITGAV_ITGB8					ECM-Receptor
LAMA1_ITGA6_ITGB4	LAMININ	Lama1	ITGA6_ITGB4					ECM-Receptor
LAMA2_ITGA6_ITGB4	LAMININ	Lama2	ITGA6_ITGB4					ECM-Receptor
LAMA3_ITGA6_ITGB4	LAMININ	Lama3	ITGA6_ITGB4					ECM-Receptor
LAMA4_ITGA6_ITGB4	LAMININ	Lama4	ITGA6_ITGB4					ECM-Receptor
LAMA5_ITGA6_ITGB4	LAMININ	Lama5	ITGA6_ITGB4					ECM-Receptor
LAMB1_ITGA6_ITGB4	LAMININ	Lamb1	ITGA6_ITGB4					ECM-Receptor
LAMB2_ITGA6_ITGB4	LAMININ	Lamb2	ITGA6_ITGB4					ECM-Receptor
LAMB3_ITGA6_ITGB4	LAMININ	Lamb3	ITGA6_ITGB4					ECM-Receptor
LAMC1_ITGA6_ITGB4	LAMININ	Lamc1	ITGA6_ITGB4					ECM-Receptor
LAMC2_ITGA6_ITGB4	LAMININ	Lamc2	ITGA6_ITGB4					ECM-Receptor
LAMC3_ITGA6_ITGB4	LAMININ	Lamc3	ITGA6_ITGB4					ECM-Receptor
FN1_CD44	FN1	Fn1	Cd44					ECM-Receptor
COL1A1_CD44	COLLAGEN	Col1a1	Cd44					ECM-Receptor
COL1A2_CD44	COLLAGEN	Col1a2	Cd44					ECM-Receptor
COL2A1_CD44	COLLAGEN	Col2a1	Cd44					ECM-Receptor
COL4A1_CD44	COLLAGEN	Col4a1	Cd44					ECM-Receptor
COL4A2_CD44	COLLAGEN	Col4a2	Cd44					ECM-Receptor
COL4A3_CD44	COLLAGEN	Col4a3	Cd44					ECM-Receptor
COL4A4_CD44	COLLAGEN	Col4a4	Cd44					ECM-Receptor
COL4A5_CD44	COLLAGEN	Col4a5	Cd44					ECM-Receptor
COL4A6_CD44	COLLAGEN	Col4a6	Cd44					ECM-Receptor
COL6A1_CD44	COLLAGEN	Col6a1	Cd44					ECM-Receptor
COL6A2_CD44	COLLAGEN	Col6a2	Cd44					ECM-Receptor
COL6A3_CD44	COLLAGEN	Col6a3	Cd44					ECM-Receptor
COL6A4_CD44	COLLAGEN	Col6a4	Cd44					ECM-Receptor
COL6A5_CD44	COLLAGEN	Col6a5	Cd44					ECM-Receptor
COL6A6_CD44	COLLAGEN	Col6a6	Cd44					ECM-Receptor
COL9A1_CD44	COLLAGEN	Col9a1	Cd44					ECM-Receptor
COL9A2_CD44	COLLAGEN	Col9a2	Cd44					ECM-Receptor
COL9A3_CD44	COLLAGEN	Col9a3	Cd44					ECM-Receptor
LAMA1_CD44	LAMININ	Lama1	Cd44					ECM-Receptor
LAMA2_CD44	LAMININ	Lama2	Cd44					ECM-Receptor
LAMA3_CD44	LAMININ	Lama3	Cd44					ECM-Receptor
LAMA4_CD44	LAMININ	Lama4	Cd44					ECM-Receptor
LAMA5_CD44	LAMININ	Lama5	Cd44					ECM-Receptor
LAMB1_CD44	LAMININ	Lamb1	Cd44					ECM-Receptor
LAMB2_CD44	LAMININ	Lamb2	Cd44					ECM-Receptor
LAMB3_CD44	LAMININ	Lamb3	Cd44					ECM-Receptor
LAMC1_CD44	LAMININ	Lamc1	Cd44					ECM-Receptor
LAMC2_CD44	LAMININ	Lamc2	Cd44					ECM-Receptor
LAMC3_CD44	LAMININ	Lamc3	Cd44					ECM-Receptor
COL1A1_SDC1	COLLAGEN	Col1a1	Sdc1					ECM-Receptor
COL1A2_SDC1	COLLAGEN	Col1a2	Sdc1					ECM-Receptor
COL2A1_SDC1	COLLAGEN	Col2a1	Sdc1					ECM-Receptor
COL4A1_SDC1	COLLAGEN	Col4a1	Sdc1					ECM-Receptor
COL4A2_SDC1	COLLAGEN	Col4a2	Sdc1					ECM-Receptor
COL4A3_SDC1	COLLAGEN	Col4a3	Sdc1					ECM-Receptor
COL4A4_SDC1	COLLAGEN	Col4a4	Sdc1					ECM-Receptor
COL4A5_SDC1	COLLAGEN	Col4a5	Sdc1					ECM-Receptor
COL4A6_SDC1	COLLAGEN	Col4a6	Sdc1					ECM-Receptor
COL6A1_SDC1	COLLAGEN	Col6a1	Sdc1					ECM-Receptor
COL6A2_SDC1	COLLAGEN	Col6a2	Sdc1					ECM-Receptor
COL6A3_SDC1	COLLAGEN	Col6a3	Sdc1					ECM-Receptor
COL6A4_SDC1	COLLAGEN	Col6a4	Sdc1					ECM-Receptor
COL6A5_SDC1	COLLAGEN	Col6a5	Sdc1					ECM-Receptor
COL6A6_SDC1	COLLAGEN	Col6a6	Sdc1					ECM-Receptor
COL9A1_SDC1	COLLAGEN	Col9a1	Sdc1					ECM-Receptor
COL9A2_SDC1	COLLAGEN	Col9a2	Sdc1					ECM-Receptor
COL9A3_SDC1	COLLAGEN	Col9a3	Sdc1					ECM-Receptor
FN1_SDC1	FN1	Fn1	Sdc1					ECM-Receptor
TNC_SDC1	TENASCIN	Tnc	Sdc1					ECM-Receptor
TNR_SDC1	TENASCIN	Tnr	Sdc1					ECM-Receptor
TNN_SDC1	TENASCIN	Tnn	Sdc1					ECM-Receptor
TNXB_SDC1	TENASCIN	Tnxb	Sdc1					ECM-Receptor
THBS1_SDC1	THBS	Thbs1	Sdc1					ECM-Receptor
THBS2_SDC1	THBS	Thbs2	Sdc1					ECM-Receptor
THBS3_SDC1	THBS	Thbs3	Sdc1					ECM-Receptor
THBS4_SDC1	THBS	Thbs4	Sdc1					ECM-Receptor
COMP_SDC1	THBS	Comp	Sdc1					ECM-Receptor
COL1A1_SDC4	COLLAGEN	Col1a1	Sdc4					ECM-Receptor
COL1A2_SDC4	COLLAGEN	Col1a2	Sdc4					ECM-Receptor
COL2A1_SDC4	COLLAGEN	Col2a1	Sdc4					ECM-Receptor
COL4A1_SDC4	COLLAGEN	Col4a1	Sdc4					ECM-Receptor
COL4A2_SDC4	COLLAGEN	Col4a2	Sdc4					ECM-Receptor
COL4A3_SDC4	COLLAGEN	Col4a3	Sdc4					ECM-Receptor
COL4A4_SDC4	COLLAGEN	Col4a4	Sdc4					ECM-Receptor
COL4A5_SDC4	COLLAGEN	Col4a5	Sdc4					ECM-Receptor
COL4A6_SDC4	COLLAGEN	Col4a6	Sdc4					ECM-Receptor
COL6A1_SDC4	COLLAGEN	Col6a1	Sdc4					ECM-Receptor
COL6A2_SDC4	COLLAGEN	Col6a2	Sdc4					ECM-Receptor
COL6A3_SDC4	COLLAGEN	Col6a3	Sdc4					ECM-Receptor
COL6A4_SDC4	COLLAGEN	Col6a4	Sdc4					ECM-Receptor
COL6A5_SDC4	COLLAGEN	Col6a5	Sdc4					ECM-Receptor
COL6A6_SDC4	COLLAGEN	Col6a6	Sdc4					ECM-Receptor
COL9A1_SDC4	COLLAGEN	Col9a1	Sdc4					ECM-Receptor
COL9A2_SDC4	COLLAGEN	Col9a2	Sdc4					ECM-Receptor
COL9A3_SDC4	COLLAGEN	Col9a3	Sdc4					ECM-Receptor
FN1_SDC4	FN1	Fn1	Sdc4					ECM-Receptor
TNC_SDC4	TENASCIN	Tnc	Sdc4					ECM-Receptor
TNR_SDC4	TENASCIN	Tnr	Sdc4					ECM-Receptor
TNN_SDC4	TENASCIN	Tnn	Sdc4					ECM-Receptor
TNXB_SDC4	TENASCIN	Tnxb	Sdc4					ECM-Receptor
THBS1_SDC4	THBS	Thbs1	Sdc4					ECM-Receptor
THBS2_SDC4	THBS	Thbs2	Sdc4					ECM-Receptor
THBS3_SDC4	THBS	Thbs3	Sdc4					ECM-Receptor
THBS4_SDC4	THBS	Thbs4	Sdc4					ECM-Receptor
COMP_SDC4	THBS	Comp	Sdc4					ECM-Receptor
LAMA1_SV2A	LAMININ	Lama1	Sv2a					ECM-Receptor
LAMA2_SV2A	LAMININ	Lama2	Sv2a					ECM-Receptor
LAMA3_SV2A	LAMININ	Lama3	Sv2a					ECM-Receptor
LAMA4_SV2A	LAMININ	Lama4	Sv2a					ECM-Receptor
LAMA5_SV2A	LAMININ	Lama5	Sv2a					ECM-Receptor
LAMB1_SV2A	LAMININ	Lamb1	Sv2a					ECM-Receptor
LAMB2_SV2A	LAMININ	Lamb2	Sv2a					ECM-Receptor
LAMB3_SV2A	LAMININ	Lamb3	Sv2a					ECM-Receptor
LAMC1_SV2A	LAMININ	Lamc1	Sv2a					ECM-Receptor
LAMC2_SV2A	LAMININ	Lamc2	Sv2a					ECM-Receptor
LAMC3_SV2A	LAMININ	Lamc3	Sv2a					ECM-Receptor
LAMA1_SV2B	LAMININ	Lama1	Sv2b					ECM-Receptor
LAMA2_SV2B	LAMININ	Lama2	Sv2b					ECM-Receptor
LAMA3_SV2B	LAMININ	Lama3	Sv2b					ECM-Receptor
LAMA4_SV2B	LAMININ	Lama4	Sv2b					ECM-Receptor
LAMA5_SV2B	LAMININ	Lama5	Sv2b					ECM-Receptor
LAMB1_SV2B	LAMININ	Lamb1	Sv2b					ECM-Receptor
LAMB2_SV2B	LAMININ	Lamb2	Sv2b					ECM-Receptor
LAMB3_SV2B	LAMININ	Lamb3	Sv2b					ECM-Receptor
LAMC1_SV2B	LAMININ	Lamc1	Sv2b					ECM-Receptor
LAMC2_SV2B	LAMININ	Lamc2	Sv2b					ECM-Receptor
LAMC3_SV2B	LAMININ	Lamc3	Sv2b					ECM-Receptor
LAMA1_SV2C	LAMININ	Lama1	Sv2c					ECM-Receptor
LAMA2_SV2C	LAMININ	Lama2	Sv2c					ECM-Receptor
LAMA3_SV2C	LAMININ	Lama3	Sv2c					ECM-Receptor
LAMA4_SV2C	LAMININ	Lama4	Sv2c					ECM-Receptor
LAMA5_SV2C	LAMININ	Lama5	Sv2c					ECM-Receptor
LAMB1_SV2C	LAMININ	Lamb1	Sv2c					ECM-Receptor
LAMB2_SV2C	LAMININ	Lamb2	Sv2c					ECM-Receptor
LAMB3_SV2C	LAMININ	Lamb3	Sv2c					ECM-Receptor
LAMC1_SV2C	LAMININ	Lamc1	Sv2c					ECM-Receptor
LAMC2_SV2C	LAMININ	Lamc2	Sv2c					ECM-Receptor
LAMC3_SV2C	LAMININ	Lamc3	Sv2c					ECM-Receptor
THBS1_CD36	THBS	Thbs1	Cd36					ECM-Receptor
THBS2_CD36	THBS	Thbs2	Cd36					ECM-Receptor
THBS3_CD36	THBS	Thbs3	Cd36					ECM-Receptor
THBS4_CD36	THBS	Thbs4	Cd36					ECM-Receptor
COMP_CD36	THBS	Comp	Cd36					ECM-Receptor
VWF_GP1BA_GP1BB_GP5_GP9	VWF	Vwf	GP complex					ECM-Receptor
COL1A1_GP6	COLLAGEN	Col1a1	Gp6					ECM-Receptor
COL1A2_GP6	COLLAGEN	Col1a2	Gp6					ECM-Receptor
COL2A1_GP6	COLLAGEN	Col2a1	Gp6					ECM-Receptor
COL4A1_GP6	COLLAGEN	Col4a1	Gp6					ECM-Receptor
COL4A2_GP6	COLLAGEN	Col4a2	Gp6					ECM-Receptor
COL4A3_GP6	COLLAGEN	Col4a3	Gp6					ECM-Receptor
COL4A4_GP6	COLLAGEN	Col4a4	Gp6					ECM-Receptor
COL4A5_GP6	COLLAGEN	Col4a5	Gp6					ECM-Receptor
COL4A6_GP6	COLLAGEN	Col4a6	Gp6					ECM-Receptor
COL6A1_GP6	COLLAGEN	Col6a1	Gp6					ECM-Receptor
COL6A2_GP6	COLLAGEN	Col6a2	Gp6					ECM-Receptor
COL6A3_GP6	COLLAGEN	Col6a3	Gp6					ECM-Receptor
COL6A4_GP6	COLLAGEN	Col6a4	Gp6					ECM-Receptor
COL6A5_GP6	COLLAGEN	Col6a5	Gp6					ECM-Receptor
COL6A6_GP6	COLLAGEN	Col6a6	Gp6					ECM-Receptor
COL9A1_GP6	COLLAGEN	Col9a1	Gp6					ECM-Receptor
COL9A2_GP6	COLLAGEN	Col9a2	Gp6					ECM-Receptor
COL9A3_GP6	COLLAGEN	Col9a3	Gp6					ECM-Receptor
THBS1_CD47	THBS	Thbs1	Cd47					ECM-Receptor
THBS2_CD47	THBS	Thbs2	Cd47					ECM-Receptor
THBS3_CD47	THBS	Thbs3	Cd47					ECM-Receptor
THBS4_CD47	THBS	Thbs4	Cd47					ECM-Receptor
COMP_CD47	THBS	Comp	Cd47					ECM-Receptor
AGRN_DAG1	AGRN	Agrn	Dag1					ECM-Receptor
HSPG2_DAG1	HSPG	Hspg2	Dag1					ECM-Receptor
LAMA1_DAG1	LAMININ	Lama1	Dag1					ECM-Receptor
LAMA2_DAG1	LAMININ	Lama2	Dag1					ECM-Receptor
LAMA3_DAG1	LAMININ	Lama3	Dag1					ECM-Receptor
LAMA4_DAG1	LAMININ	Lama4	Dag1					ECM-Receptor
LAMA5_DAG1	LAMININ	Lama5	Dag1					ECM-Receptor
LAMB1_DAG1	LAMININ	Lamb1	Dag1					ECM-Receptor
LAMB2_DAG1	LAMININ	Lamb2	Dag1					ECM-Receptor
LAMB3_DAG1	LAMININ	Lamb3	Dag1					ECM-Receptor
LAMC1_DAG1	LAMININ	Lamc1	Dag1					ECM-Receptor
LAMC2_DAG1	LAMININ	Lamc2	Dag1					ECM-Receptor
LAMC3_DAG1	LAMININ	Lamc3	Dag1					ECM-Receptor
VTN_PLAUR	VTN	Vtn	Plaur					ECM-Receptor
RELN_LRP8	RELN	Reln	Lrp8					ECM-Receptor
RELN_VLDLR	RELN	Reln	Vldlr					ECM-Receptor
5-HT-TPH1_SLC18A1_HTR3_COMPLEX	5-HT	5-HT-TPH1_SLC18A1	HTR3_complex					Non-protein Signaling
5-HT-TPH1_SLC18A2_HTR3_COMPLEX	5-HT	5-HT-TPH1_SLC18A2	HTR3_complex					Non-protein Signaling
5-HT-TPH1_SLC6A4_HTR3_COMPLEX	5-HT	5-HT-TPH1_SLC6A4	HTR3_complex					Non-protein Signaling
5-HT-TPH2_SLC18A1_HTR3_COMPLEX	5-HT	5-HT-TPH2_SLC18A1	HTR3_complex					Non-protein Signaling
5-HT-TPH2_SLC18A2_HTR3_COMPLEX	5-HT	5-HT-TPH2_SLC18A2	HTR3_complex					Non-protein Signaling
5-HT-TPH2_SLC6A4_HTR3_COMPLEX	5-HT	5-HT-TPH2_SLC6A4	HTR3_complex					Non-protein Signaling
Acetylcholine-Ach-CHAT_SLC10A4_CHRN_A1_2B1DE	Ach	Ach-CHAT_SLC10A4	CHRN_A1_2B1DE					Non-protein Signaling
Acetylcholine-Ach-CHAT_SLC10A4_CHRN_A1_2B1DG	Ach	Ach-CHAT_SLC10A4	CHRN_A1_2B1DG					Non-protein Signaling
Acetylcholine-Ach-CHAT_SLC10A4_CHRN_A3B4	Ach	Ach-CHAT_SLC10A4	CHRN_A3B4					Non-protein Signaling
Acetylcholine-Ach-CHAT_SLC10A4_CHRN_A4B2	Ach	Ach-CHAT_SLC10A4	CHRN_A4B2					Non-protein Signaling
Acetylcholine-Ach-CHAT_SLC10A4_CHRNA7	Ach	Ach-CHAT_SLC10A4	Chrna7					Non-protein Signaling
Acetylcholine-Ach-CHAT_SLC18A3_CHRN_A1_2B1DE	Ach	Ach-CHAT_SLC18A3	CHRN_A1_2B1DE					Non-protein Signaling
Acetylcholine-Ach-CHAT_SLC18A3_CHRN_A1_2B1DG	Ach	Ach-CHAT_SLC18A3	CHRN_A1_2B1DG					Non-protein Signaling
Acetylcholine-Ach-CHAT_SLC18A3_CHRN_A3B4	Ach	Ach-CHAT_SLC18A3	CHRN_A3B4					Non-protein Signaling
Acetylcholine-Ach-CHAT_SLC18A3_CHRN_A4B2	Ach	Ach-CHAT_SLC18A3	CHRN_A4B2					Non-protein Signaling
Acetylcholine-Ach-CHAT_SLC18A3_CHRNA7	Ach	Ach-CHAT_SLC18A3	Chrna7					Non-protein Signaling
Acetylcholine-Ach-CHAT_SLC5A7_CHRN_A1_2B1DE	Ach	Ach-CHAT_SLC5A7	CHRN_A1_2B1DE					Non-protein Signaling
Acetylcholine-Ach-CHAT_SLC5A7_CHRN_A1_2B1DG	Ach	Ach-CHAT_SLC5A7	CHRN_A1_2B1DG					Non-protein Signaling
Acetylcholine-Ach-CHAT_SLC5A7_CHRN_A3B4	Ach	Ach-CHAT_SLC5A7	CHRN_A3B4					Non-protein Signaling
Acetylcholine-Ach-CHAT_SLC5A7_CHRN_A4B2	Ach	Ach-CHAT_SLC5A7	CHRN_A4B2					Non-protein Signaling
Acetylcholine-Ach-CHAT_SLC5A7_CHRNA7	Ach	Ach-CHAT_SLC5A7	Chrna7					Non-protein Signaling
GABA-A-GAD1_SLC32A1_GABR_A1B3G2	GABA-A	GABA-GAD1_SLC32A1	GABR_A1B3G2					Non-protein Signaling
GABA-A-GAD1_SLC32A1_GABR_A1B2G2	GABA-A	GABA-GAD1_SLC32A1	GABR_A1B2G2					Non-protein Signaling
GABA-A-GAD1_SLC32A1_GABR_A1B2	GABA-A	GABA-GAD1_SLC32A1	GABR_A1B2					Non-protein Signaling
GABA-A-GAD1_SLC32A1_GABR_A1B3	GABA-A	GABA-GAD1_SLC32A1	GABR_A1B3					Non-protein Signaling
GABA-A-GAD1_SLC32A1_GABR_A1B2D	GABA-A	GABA-GAD1_SLC32A1	GABR_A1B2D					Non-protein Signaling
GABA-A-GAD1_SLC32A1_GABR_A2B3G2	GABA-A	GABA-GAD1_SLC32A1	GABR_A2B3G2					Non-protein Signaling
GABA-A-GAD1_SLC32A1_GABR_A3B3G2	GABA-A	GABA-GAD1_SLC32A1	GABR_A3B3G2					Non-protein Signaling
GABA-A-GAD1_SLC32A1_GABR_A3B3Q	GABA-A	GABA-GAD1_SLC32A1	GABR_A3B3Q					Non-protein Signaling
GABA-A-GAD1_SLC32A1_GABR_A3B3E	GABA-A	GABA-GAD1_SLC32A1	GABR_A3B3E					Non-protein Signaling
GABA-A-GAD1_SLC32A1_GABR_A4B3G2	GABA-A	GABA-GAD1_SLC32A1	GABR_A4B3G2					Non-protein Signaling
GABA-A-GAD1_SLC32A1_GABR_A4B3D	GABA-A	GABA-GAD1_SLC32A1	GABR_A4B3D					Non-protein Signaling
GABA-A-GAD1_SLC32A1_GABR_A4B2D	GABA-A	GABA-GAD1_SLC32A1	GABR_A4B2D					Non-protein Signaling
GABA-A-GAD1_SLC32A1_GABR_A5B3G2	GABA-A	GABA-GAD1_SLC32A1	GABR_A5B3G2					Non-protein Signaling
GABA-A-GAD1_SLC32A1_GABR_A6B3G2	GABA-A	GABA-GAD1_SLC32A1	GABR_A6B3G2					Non-protein Signaling
GABA-A-GAD1_SLC32A1_GABR_A6B3D	GABA-A	GABA-GAD1_SLC32A1	GABR_A6B3D					Non-protein Signaling
GABA-A-GAD1_SLC6A1_GABR_A1B3G2	GABA-A	GABA-GAD1_SLC6A1	GABR_A1B3G2					Non-protein Signaling
GABA-A-GAD1_SLC6A1_GABR_A1B2G2	GABA-A	GABA-GAD1_SLC6A1	GABR_A1B2G2					Non-protein Signaling
GABA-A-GAD1_SLC6A1_GABR_A1B2	GABA-A	GABA-GAD1_SLC6A1	GABR_A1B2					Non-protein Signaling
GABA-A-GAD1_SLC6A1_GABR_A1B3	GABA-A	GABA-GAD1_SLC6A1	GABR_A1B3					Non-protein Signaling
GABA-A-GAD1_SLC6A1_GABR_A1B2D	GABA-A	GABA-GAD1_SLC6A1	GABR_A1B2D					Non-protein Signaling
GABA-A-GAD1_SLC6A1_GABR_A2B3G2	GABA-A	GABA-GAD1_SLC6A1	GABR_A2B3G2					Non-protein Signaling
GABA-A-GAD1_SLC6A1_GABR_A3B3G2	GABA-A	GABA-GAD1_SLC6A1	GABR_A3B3G2					Non-protein Signaling
GABA-A-GAD1_SLC6A1_GABR_A3B3Q	GABA-A	GABA-GAD1_SLC6A1	GABR_A3B3Q					Non-protein Signaling
GABA-A-GAD1_SLC6A1_GABR_A3B3E	GABA-A	GABA-GAD1_SLC6A1	GABR_A3B3E					Non-protein Signaling
GABA-A-GAD1_SLC6A1_GABR_A4B3G2	GABA-A	GABA-GAD1_SLC6A1	GABR_A4B3G2					Non-protein Signaling
GABA-A-GAD1_SLC6A1_GABR_A4B3D	GABA-A	GABA-GAD1_SLC6A1	GABR_A4B3D					Non-protein Signaling
GABA-A-GAD1_SLC6A1_GABR_A4B2D	GABA-A	GABA-GAD1_SLC6A1	GABR_A4B2D					Non-protein Signaling
GABA-A-GAD1_SLC6A1_GABR_A5B3G2	GABA-A	GABA-GAD1_SLC6A1	GABR_A5B3G2					Non-protein Signaling
GABA-A-GAD1_SLC6A1_GABR_A6B3G2	GABA-A	GABA-GAD1_SLC6A1	GABR_A6B3G2					Non-protein Signaling
GABA-A-GAD1_SLC6A1_GABR_A6B3D	GABA-A	GABA-GAD1_SLC6A1	GABR_A6B3D					Non-protein Signaling
GABA-A-GAD1_SLC6A11_GABR_A1B3G2	GABA-A	GABA-GAD1_SLC6A11	GABR_A1B3G2					Non-protein Signaling
GABA-A-GAD1_SLC6A11_GABR_A1B2G2	GABA-A	GABA-GAD1_SLC6A11	GABR_A1B2G2					Non-protein Signaling
GABA-A-GAD1_SLC6A11_GABR_A1B2	GABA-A	GABA-GAD1_SLC6A11	GABR_A1B2					Non-protein Signaling
GABA-A-GAD1_SLC6A11_GABR_A1B3	GABA-A	GABA-GAD1_SLC6A11	GABR_A1B3					Non-protein Signaling
GABA-A-GAD1_SLC6A11_GABR_A1B2D	GABA-A	GABA-GAD1_SLC6A11	GABR_A1B2D					Non-protein Signaling
GABA-A-GAD1_SLC6A11_GABR_A2B3G2	GABA-A	GABA-GAD1_SLC6A11	GABR_A2B3G2					Non-protein Signaling
GABA-A-GAD1_SLC6A11_GABR_A3B3G2	GABA-A	GABA-GAD1_SLC6A11	GABR_A3B3G2					Non-protein Signaling
GABA-A-GAD1_SLC6A11_GABR_A3B3Q	GABA-A	GABA-GAD1_SLC6A11	GABR_A3B3Q					Non-protein Signaling
GABA-A-GAD1_SLC6A11_GABR_A3B3E	GABA-A	GABA-GAD1_SLC6A11	GABR_A3B3E					Non-protein Signaling
GABA-A-GAD1_SLC6A11_GABR_A4B3G2	GABA-A	GABA-GAD1_SLC6A11	GABR_A4B3G2					Non-protein Signaling
GABA-A-GAD1_SLC6A11_GABR_A4B3D	GABA-A	GABA-GAD1_SLC6A11	GABR_A4B3D					Non-protein Signaling
GABA-A-GAD1_SLC6A11_GABR_A4B2D	GABA-A	GABA-GAD1_SLC6A11	GABR_A4B2D					Non-protein Signaling
GABA-A-GAD1_SLC6A11_GABR_A5B3G2	GABA-A	GABA-GAD1_SLC6A11	GABR_A5B3G2					Non-protein Signaling
GABA-A-GAD1_SLC6A11_GABR_A6B3G2	GABA-A	GABA-GAD1_SLC6A11	GABR_A6B3G2					Non-protein Signaling
GABA-A-GAD1_SLC6A11_GABR_A6B3D	GABA-A	GABA-GAD1_SLC6A11	GABR_A6B3D					Non-protein Signaling
GABA-A-GAD1_SLC6A12_GABR_A1B3G2	GABA-A	GABA-GAD1_SLC6A12	GABR_A1B3G2					Non-protein Signaling
GABA-A-GAD1_SLC6A12_GABR_A1B2G2	GABA-A	GABA-GAD1_SLC6A12	GABR_A1B2G2					Non-protein Signaling
GABA-A-GAD1_SLC6A12_GABR_A1B2	GABA-A	GABA-GAD1_SLC6A12	GABR_A1B2					Non-protein Signaling
GABA-A-GAD1_SLC6A12_GABR_A1B3	GABA-A	GABA-GAD1_SLC6A12	GABR_A1B3					Non-protein Signaling
GABA-A-GAD1_SLC6A12_GABR_A1B2D	GABA-A	GABA-GAD1_SLC6A12	GABR_A1B2D					Non-protein Signaling
GABA-A-GAD1_SLC6A12_GABR_A2B3G2	GABA-A	GABA-GAD1_SLC6A12	GABR_A2B3G2					Non-protein Signaling
GABA-A-GAD1_SLC6A12_GABR_A3B3G2	GABA-A	GABA-GAD1_SLC6A12	GABR_A3B3G2					Non-protein Signaling
GABA-A-GAD1_SLC6A12_GABR_A3B3Q	GABA-A	GABA-GAD1_SLC6A12	GABR_A3B3Q					Non-protein Signaling
GABA-A-GAD1_SLC6A12_GABR_A3B3E	GABA-A	GABA-GAD1_SLC6A12	GABR_A3B3E					Non-protein Signaling
GABA-A-GAD1_SLC6A12_GABR_A4B3G2	GABA-A	GABA-GAD1_SLC6A12	GABR_A4B3G2					Non-protein Signaling
GABA-A-GAD1_SLC6A12_GABR_A4B3D	GABA-A	GABA-GAD1_SLC6A12	GABR_A4B3D					Non-protein Signaling
GABA-A-GAD1_SLC6A12_GABR_A4B2D	GABA-A	GABA-GAD1_SLC6A12	GABR_A4B2D					Non-protein Signaling
GABA-A-GAD1_SLC6A12_GABR_A5B3G2	GABA-A	GABA-GAD1_SLC6A12	GABR_A5B3G2					Non-protein Signaling
GABA-A-GAD1_SLC6A12_GABR_A6B3G2	GABA-A	GABA-GAD1_SLC6A12	GABR_A6B3G2					Non-protein Signaling
GABA-A-GAD1_SLC6A12_GABR_A6B3D	GABA-A	GABA-GAD1_SLC6A12	GABR_A6B3D					Non-protein Signaling
GABA-A-GAD1_SLC6A13_GABR_A1B3G2	GABA-A	GABA-GAD1_SLC6A13	GABR_A1B3G2					Non-protein Signaling
GABA-A-GAD1_SLC6A13_GABR_A1B2G2	GABA-A	GABA-GAD1_SLC6A13	GABR_A1B2G2					Non-protein Signaling
GABA-A-GAD1_SLC6A13_GABR_A1B2	GABA-A	GABA-GAD1_SLC6A13	GABR_A1B2					Non-protein Signaling
GABA-A-GAD1_SLC6A13_GABR_A1B3	GABA-A	GABA-GAD1_SLC6A13	GABR_A1B3					Non-protein Signaling
GABA-A-GAD1_SLC6A13_GABR_A1B2D	GABA-A	GABA-GAD1_SLC6A13	GABR_A1B2D					Non-protein Signaling
GABA-A-GAD1_SLC6A13_GABR_A2B3G2	GABA-A	GABA-GAD1_SLC6A13	GABR_A2B3G2					Non-protein Signaling
GABA-A-GAD1_SLC6A13_GABR_A3B3G2	GABA-A	GABA-GAD1_SLC6A13	GABR_A3B3G2					Non-protein Signaling
GABA-A-GAD1_SLC6A13_GABR_A3B3Q	GABA-A	GABA-GAD1_SLC6A13	GABR_A3B3Q					Non-protein Signaling
GABA-A-GAD1_SLC6A13_GABR_A3B3E	GABA-A	GABA-GAD1_SLC6A13	GABR_A3B3E					Non-protein Signaling
GABA-A-GAD1_SLC6A13_GABR_A4B3G2	GABA-A	GABA-GAD1_SLC6A13	GABR_A4B3G2					Non-protein Signaling
GABA-A-GAD1_SLC6A13_GABR_A4B3D	GABA-A	GABA-GAD1_SLC6A13	GABR_A4B3D					Non-protein Signaling
GABA-A-GAD1_SLC6A13_GABR_A4B2D	GABA-A	GABA-GAD1_SLC6A13	GABR_A4B2D					Non-protein Signaling
GABA-A-GAD1_SLC6A13_GABR_A5B3G2	GABA-A	GABA-GAD1_SLC6A13	GABR_A5B3G2					Non-protein Signaling
GABA-A-GAD1_SLC6A13_GABR_A6B3G2	GABA-A	GABA-GAD1_SLC6A13	GABR_A6B3G2					Non-protein Signaling
GABA-A-GAD1_SLC6A13_GABR_A6B3D	GABA-A	GABA-GAD1_SLC6A13	GABR_A6B3D					Non-protein Signaling
GABA-A-GAD1_SLC6A6_GABR_A1B3G2	GABA-A	GABA-GAD1_SLC6A6	GABR_A1B3G2					Non-protein Signaling
GABA-A-GAD1_SLC6A6_GABR_A1B2G2	GABA-A	GABA-GAD1_SLC6A6	GABR_A1B2G2					Non-protein Signaling
GABA-A-GAD1_SLC6A6_GABR_A1B2	GABA-A	GABA-GAD1_SLC6A6	GABR_A1B2					Non-protein Signaling
GABA-A-GAD1_SLC6A6_GABR_A1B3	GABA-A	GABA-GAD1_SLC6A6	GABR_A1B3					Non-protein Signaling
GABA-A-GAD1_SLC6A6_GABR_A1B2D	GABA-A	GABA-GAD1_SLC6A6	GABR_A1B2D					Non-protein Signaling
GABA-A-GAD1_SLC6A6_GABR_A2B3G2	GABA-A	GABA-GAD1_SLC6A6	GABR_A2B3G2					Non-protein Signaling
GABA-A-GAD1_SLC6A6_GABR_A3B3G2	GABA-A	GABA-GAD1_SLC6A6	GABR_A3B3G2					Non-protein Signaling
GABA-A-GAD1_SLC6A6_GABR_A3B3Q	GABA-A	GABA-GAD1_SLC6A6	GABR_A3B3Q					Non-protein Signaling
GABA-A-GAD1_SLC6A6_GABR_A3B3E	GABA-A	GABA-GAD1_SLC6A6	GABR_A3B3E					Non-protein Signaling
GABA-A-GAD1_SLC6A6_GABR_A4B3G2	GABA-A	GABA-GAD1_SLC6A6	GABR_A4B3G2					Non-protein Signaling
GABA-A-GAD1_SLC6A6_GABR_A4B3D	GABA-A	GABA-GAD1_SLC6A6	GABR_A4B3D					Non-protein Signaling
GABA-A-GAD1_SLC6A6_GABR_A4B2D	GABA-A	GABA-GAD1_SLC6A6	GABR_A4B2D					Non-protein Signaling
GABA-A-GAD1_SLC6A6_GABR_A5B3G2	GABA-A	GABA-GAD1_SLC6A6	GABR_A5B3G2					Non-protein Signaling
GABA-A-GAD1_SLC6A6_GABR_A6B3G2	GABA-A	GABA-GAD1_SLC6A6	GABR_A6B3G2					Non-protein Signaling
GABA-A-GAD1_SLC6A6_GABR_A6B3D	GABA-A	GABA-GAD1_SLC6A6	GABR_A6B3D					Non-protein Signaling
GABA-A-GAD1_SLC6A8_GABR_A1B3G2	GABA-A	GABA-GAD1_SLC6A8	GABR_A1B3G2					Non-protein Signaling
GABA-A-GAD1_SLC6A8_GABR_A1B2G2	GABA-A	GABA-GAD1_SLC6A8	GABR_A1B2G2					Non-protein Signaling
GABA-A-GAD1_SLC6A8_GABR_A1B2	GABA-A	GABA-GAD1_SLC6A8	GABR_A1B2					Non-protein Signaling
GABA-A-GAD1_SLC6A8_GABR_A1B3	GABA-A	GABA-GAD1_SLC6A8	GABR_A1B3					Non-protein Signaling
GABA-A-GAD1_SLC6A8_GABR_A1B2D	GABA-A	GABA-GAD1_SLC6A8	GABR_A1B2D					Non-protein Signaling
GABA-A-GAD1_SLC6A8_GABR_A2B3G2	GABA-A	GABA-GAD1_SLC6A8	GABR_A2B3G2					Non-protein Signaling
GABA-A-GAD1_SLC6A8_GABR_A3B3G2	GABA-A	GABA-GAD1_SLC6A8	GABR_A3B3G2					Non-protein Signaling
GABA-A-GAD1_SLC6A8_GABR_A3B3Q	GABA-A	GABA-GAD1_SLC6A8	GABR_A3B3Q					Non-protein Signaling
GABA-A-GAD1_SLC6A8_GABR_A3B3E	GABA-A	GABA-GAD1_SLC6A8	GABR_A3B3E					Non-protein Signaling
GABA-A-GAD1_SLC6A8_GABR_A4B3G2	GABA-A	GABA-GAD1_SLC6A8	GABR_A4B3G2					Non-protein Signaling
GABA-A-GAD1_SLC6A8_GABR_A4B3D	GABA-A	GABA-GAD1_SLC6A8	GABR_A4B3D					Non-protein Signaling
GABA-A-GAD1_SLC6A8_GABR_A4B2D	GABA-A	GABA-GAD1_SLC6A8	GABR_A4B2D					Non-protein Signaling
GABA-A-GAD1_SLC6A8_GABR_A5B3G2	GABA-A	GABA-GAD1_SLC6A8	GABR_A5B3G2					Non-protein Signaling
GABA-A-GAD1_SLC6A8_GABR_A6B3G2	GABA-A	GABA-GAD1_SLC6A8	GABR_A6B3G2					Non-protein Signaling
GABA-A-GAD1_SLC6A8_GABR_A6B3D	GABA-A	GABA-GAD1_SLC6A8	GABR_A6B3D					Non-protein Signaling
GABA-A-GAD2_SLC32A1_GABR_A1B3G2	GABA-A	GABA-GAD2_SLC32A1	GABR_A1B3G2					Non-protein Signaling
GABA-A-GAD2_SLC32A1_GABR_A1B2G2	GABA-A	GABA-GAD2_SLC32A1	GABR_A1B2G2					Non-protein Signaling
GABA-A-GAD2_SLC32A1_GABR_A1B2	GABA-A	GABA-GAD2_SLC32A1	GABR_A1B2					Non-protein Signaling
GABA-A-GAD2_SLC32A1_GABR_A1B3	GABA-A	GABA-GAD2_SLC32A1	GABR_A1B3					Non-protein Signaling
GABA-A-GAD2_SLC32A1_GABR_A1B2D	GABA-A	GABA-GAD2_SLC32A1	GABR_A1B2D					Non-protein Signaling
GABA-A-GAD2_SLC32A1_GABR_A2B3G2	GABA-A	GABA-GAD2_SLC32A1	GABR_A2B3G2					Non-protein Signaling
GABA-A-GAD2_SLC32A1_GABR_A3B3G2	GABA-A	GABA-GAD2_SLC32A1	GABR_A3B3G2					Non-protein Signaling
GABA-A-GAD2_SLC32A1_GABR_A3B3Q	GABA-A	GABA-GAD2_SLC32A1	GABR_A3B3Q					Non-protein Signaling
GABA-A-GAD2_SLC32A1_GABR_A3B3E	GABA-A	GABA-GAD2_SLC32A1	GABR_A3B3E					Non-protein Signaling
GABA-A-GAD2_SLC32A1_GABR_A4B3G2	GABA-A	GABA-GAD2_SLC32A1	GABR_A4B3G2					Non-protein Signaling
GABA-A-GAD2_SLC32A1_GABR_A4B3D	GABA-A	GABA-GAD2_SLC32A1	GABR_A4B3D					Non-protein Signaling
GABA-A-GAD2_SLC32A1_GABR_A4B2D	GABA-A	GABA-GAD2_SLC32A1	GABR_A4B2D					Non-protein Signaling
GABA-A-GAD2_SLC32A1_GABR_A5B3G2	GABA-A	GABA-GAD2_SLC32A1	GABR_A5B3G2					Non-protein Signaling
GABA-A-GAD2_SLC32A1_GABR_A6B3G2	GABA-A	GABA-GAD2_SLC32A1	GABR_A6B3G2					Non-protein Signaling
GABA-A-GAD2_SLC32A1_GABR_A6B3D	GABA-A	GABA-GAD2_SLC32A1	GABR_A6B3D					Non-protein Signaling
GABA-A-GAD2_SLC6A1_GABR_A1B3G2	GABA-A	GABA-GAD2_SLC6A1	GABR_A1B3G2					Non-protein Signaling
GABA-A-GAD2_SLC6A1_GABR_A1B2G2	GABA-A	GABA-GAD2_SLC6A1	GABR_A1B2G2					Non-protein Signaling
GABA-A-GAD2_SLC6A1_GABR_A1B2	GABA-A	GABA-GAD2_SLC6A1	GABR_A1B2					Non-protein Signaling
GABA-A-GAD2_SLC6A1_GABR_A1B3	GABA-A	GABA-GAD2_SLC6A1	GABR_A1B3					Non-protein Signaling
GABA-A-GAD2_SLC6A1_GABR_A1B2D	GABA-A	GABA-GAD2_SLC6A1	GABR_A1B2D					Non-protein Signaling
GABA-A-GAD2_SLC6A1_GABR_A2B3G2	GABA-A	GABA-GAD2_SLC6A1	GABR_A2B3G2					Non-protein Signaling
GABA-A-GAD2_SLC6A1_GABR_A3B3G2	GABA-A	GABA-GAD2_SLC6A1	GABR_A3B3G2					Non-protein Signaling
GABA-A-GAD2_SLC6A1_GABR_A3B3Q	GABA-A	GABA-GAD2_SLC6A1	GABR_A3B3Q					Non-protein Signaling
GABA-A-GAD2_SLC6A1_GABR_A3B3E	GABA-A	GABA-GAD2_SLC6A1	GABR_A3B3E					Non-protein Signaling
GABA-A-GAD2_SLC6A1_GABR_A4B3G2	GABA-A	GABA-GAD2_SLC6A1	GABR_A4B3G2					Non-protein Signaling
GABA-A-GAD2_SLC6A1_GABR_A4B3D	GABA-A	GABA-GAD2_SLC6A1	GABR_A4B3D					Non-protein Signaling
GABA-A-GAD2_SLC6A1_GABR_A4B2D	GABA-A	GABA-GAD2_SLC6A1	GABR_A4B2D					Non-protein Signaling
GABA-A-GAD2_SLC6A1_GABR_A5B3G2	GABA-A	GABA-GAD2_SLC6A1	GABR_A5B3G2					Non-protein Signaling
GABA-A-GAD2_SLC6A1_GABR_A6B3G2	GABA-A	GABA-GAD2_SLC6A1	GABR_A6B3G2					Non-protein Signaling
GABA-A-GAD2_SLC6A1_GABR_A6B3D	GABA-A	GABA-GAD2_SLC6A1	GABR_A6B3D					Non-protein Signaling
GABA-A-GAD2_SLC6A11_GABR_A1B3G2	GABA-A	GABA-GAD2_SLC6A11	GABR_A1B3G2					Non-protein Signaling
GABA-A-GAD2_SLC6A11_GABR_A1B2G2	GABA-A	GABA-GAD2_SLC6A11	GABR_A1B2G2					Non-protein Signaling
GABA-A-GAD2_SLC6A11_GABR_A1B2	GABA-A	GABA-GAD2_SLC6A11	GABR_A1B2					Non-protein Signaling
GABA-A-GAD2_SLC6A11_GABR_A1B3	GABA-A	GABA-GAD2_SLC6A11	GABR_A1B3					Non-protein Signaling
GABA-A-GAD2_SLC6A11_GABR_A1B2D	GABA-A	GABA-GAD2_SLC6A11	GABR_A1B2D					Non-protein Signaling
GABA-A-GAD2_SLC6A11_GABR_A2B3G2	GABA-A	GABA-GAD2_SLC6A11	GABR_A2B3G2					Non-protein Signaling
GABA-A-GAD2_SLC6A11_GABR_A3B3G2	GABA-A	GABA-GAD2_SLC6A11	GABR_A3B3G2					Non-protein Signaling
GABA-A-GAD2_SLC6A11_GABR_A3B3Q	GABA-A	GABA-GAD2_SLC6A11	GABR_A3B3Q					Non-protein Signaling
GABA-A-GAD2_SLC6A11_GABR_A3B3E	GABA-A	GABA-GAD2_SLC6A11	GABR_A3B3E					Non-protein Signaling
GABA-A-GAD2_SLC6A11_GABR_A4B3G2	GABA-A	GABA-GAD2_SLC6A11	GABR_A4B3G2					Non-protein Signaling
GABA-A-GAD2_SLC6A11_GABR_A4B3D	GABA-A	GABA-GAD2_SLC6A11	GABR_A4B3D					Non-protein Signaling
GABA-A-GAD2_SLC6A11_GABR_A4B2D	GABA-A	GABA-GAD2_SLC6A11	GABR_A4B2D					Non-protein Signaling
GABA-A-GAD2_SLC6A11_GABR_A5B3G2	GABA-A	GABA-GAD2_SLC6A11	GABR_A5B3G2					Non-protein Signaling
GABA-A-GAD2_SLC6A11_GABR_A6B3G2	GABA-A	GABA-GAD2_SLC6A11	GABR_A6B3G2					Non-protein Signaling
GABA-A-GAD2_SLC6A11_GABR_A6B3D	GABA-A	GABA-GAD2_SLC6A11	GABR_A6B3D					Non-protein Signaling
GABA-A-GAD2_SLC6A12_GABR_A1B3G2	GABA-A	GABA-GAD2_SLC6A12	GABR_A1B3G2					Non-protein Signaling
GABA-A-GAD2_SLC6A12_GABR_A1B2G2	GABA-A	GABA-GAD2_SLC6A12	GABR_A1B2G2					Non-protein Signaling
GABA-A-GAD2_SLC6A12_GABR_A1B2	GABA-A	GABA-GAD2_SLC6A12	GABR_A1B2					Non-protein Signaling
GABA-A-GAD2_SLC6A12_GABR_A1B3	GABA-A	GABA-GAD2_SLC6A12	GABR_A1B3					Non-protein Signaling
GABA-A-GAD2_SLC6A12_GABR_A1B2D	GABA-A	GABA-GAD2_SLC6A12	GABR_A1B2D					Non-protein Signaling
GABA-A-GAD2_SLC6A12_GABR_A2B3G2	GABA-A	GABA-GAD2_SLC6A12	GABR_A2B3G2					Non-protein Signaling
GABA-A-GAD2_SLC6A12_GABR_A3B3G2	GABA-A	GABA-GAD2_SLC6A12	GABR_A3B3G2					Non-protein Signaling
GABA-A-GAD2_SLC6A12_GABR_A3B3Q	GABA-A	GABA-GAD2_SLC6A12	GABR_A3B3Q					Non-protein Signaling
GABA-A-GAD2_SLC6A12_GABR_A3B3E	GABA-A	GABA-GAD2_SLC6A12	GABR_A3B3E					Non-protein Signaling
GABA-A-GAD2_SLC6A12_GABR_A4B3G2	GABA-A	GABA-GAD2_SLC6A12	GABR_A4B3G2					Non-protein Signaling
GABA-A-GAD2_SLC6A12_GABR_A4B3D	GABA-A	GABA-GAD2_SLC6A12	GABR_A4B3D					Non-protein Signaling
GABA-A-GAD2_SLC6A12_GABR_A4B2D	GABA-A	GABA-GAD2_SLC6A12	GABR_A4B2D					Non-protein Signaling
GABA-A-GAD2_SLC6A12_GABR_A5B3G2	GABA-A	GABA-GAD2_SLC6A12	GABR_A5B3G2					Non-protein Signaling
GABA-A-GAD2_SLC6A12_GABR_A6B3G2	GABA-A	GABA-GAD2_SLC6A12	GABR_A6B3G2					Non-protein Signaling
GABA-A-GAD2_SLC6A12_GABR_A6B3D	GABA-A	GABA-GAD2_SLC6A12	GABR_A6B3D					Non-protein Signaling
GABA-A-GAD2_SLC6A13_GABR_A1B3G2	GABA-A	GABA-GAD2_SLC6A13	GABR_A1B3G2					Non-protein Signaling
GABA-A-GAD2_SLC6A13_GABR_A1B2G2	GABA-A	GABA-GAD2_SLC6A13	GABR_A1B2G2					Non-protein Signaling
GABA-A-GAD2_SLC6A13_GABR_A1B2	GABA-A	GABA-GAD2_SLC6A13	GABR_A1B2					Non-protein Signaling
GABA-A-GAD2_SLC6A13_GABR_A1B3	GABA-A	GABA-GAD2_SLC6A13	GABR_A1B3					Non-protein Signaling
GABA-A-GAD2_SLC6A13_GABR_A1B2D	GABA-A	GABA-GAD2_SLC6A13	GABR_A1B2D					Non-protein Signaling
GABA-A-GAD2_SLC6A13_GABR_A2B3G2	GABA-A	GABA-GAD2_SLC6A13	GABR_A2B3G2					Non-protein Signaling
GABA-A-GAD2_SLC6A13_GABR_A3B3G2	GABA-A	GABA-GAD2_SLC6A13	GABR_A3B3G2					Non-protein Signaling
GABA-A-GAD2_SLC6A13_GABR_A3B3Q	GABA-A	GABA-GAD2_SLC6A13	GABR_A3B3Q					Non-protein Signaling
GABA-A-GAD2_SLC6A13_GABR_A3B3E	GABA-A	GABA-GAD2_SLC6A13	GABR_A3B3E					Non-protein Signaling
GABA-A-GAD2_SLC6A13_GABR_A4B3G2	GABA-A	GABA-GAD2_SLC6A13	GABR_A4B3G2					Non-protein Signaling
GABA-A-GAD2_SLC6A13_GABR_A4B3D	GABA-A	GABA-GAD2_SLC6A13	GABR_A4B3D					Non-protein Signaling
GABA-A-GAD2_SLC6A13_GABR_A4B2D	GABA-A	GABA-GAD2_SLC6A13	GABR_A4B2D					Non-protein Signaling
GABA-A-GAD2_SLC6A13_GABR_A5B3G2	GABA-A	GABA-GAD2_SLC6A13	GABR_A5B3G2					Non-protein Signaling
GABA-A-GAD2_SLC6A13_GABR_A6B3G2	GABA-A	GABA-GAD2_SLC6A13	GABR_A6B3G2					Non-protein Signaling
GABA-A-GAD2_SLC6A13_GABR_A6B3D	GABA-A	GABA-GAD2_SLC6A13	GABR_A6B3D					Non-protein Signaling
GABA-A-GAD2_SLC6A6_GABR_A1B3G2	GABA-A	GABA-GAD2_SLC6A6	GABR_A1B3G2					Non-protein Signaling
GABA-A-GAD2_SLC6A6_GABR_A1B2G2	GABA-A	GABA-GAD2_SLC6A6	GABR_A1B2G2					Non-protein Signaling
GABA-A-GAD2_SLC6A6_GABR_A1B2	GABA-A	GABA-GAD2_SLC6A6	GABR_A1B2					Non-protein Signaling
GABA-A-GAD2_SLC6A6_GABR_A1B3	GABA-A	GABA-GAD2_SLC6A6	GABR_A1B3					Non-protein Signaling
GABA-A-GAD2_SLC6A6_GABR_A1B2D	GABA-A	GABA-GAD2_SLC6A6	GABR_A1B2D					Non-protein Signaling
GABA-A-GAD2_SLC6A6_GABR_A2B3G2	GABA-A	GABA-GAD2_SLC6A6	GABR_A2B3G2					Non-protein Signaling
GABA-A-GAD2_SLC6A6_GABR_A3B3G2	GABA-A	GABA-GAD2_SLC6A6	GABR_A3B3G2					Non-protein Signaling
GABA-A-GAD2_SLC6A6_GABR_A3B3Q	GABA-A	GABA-GAD2_SLC6A6	GABR_A3B3Q					Non-protein Signaling
GABA-A-GAD2_SLC6A6_GABR_A3B3E	GABA-A	GABA-GAD2_SLC6A6	GABR_A3B3E					Non-protein Signaling
GABA-A-GAD2_SLC6A6_GABR_A4B3G2	GABA-A	GABA-GAD2_SLC6A6	GABR_A4B3G2					Non-protein Signaling
GABA-A-GAD2_SLC6A6_GABR_A4B3D	GABA-A	GABA-GAD2_SLC6A6	GABR_A4B3D					Non-protein Signaling
GABA-A-GAD2_SLC6A6_GABR_A4B2D	GABA-A	GABA-GAD2_SLC6A6	GABR_A4B2D					Non-protein Signaling
GABA-A-GAD2_SLC6A6_GABR_A5B3G2	GABA-A	GABA-GAD2_SLC6A6	GABR_A5B3G2					Non-protein Signaling
GABA-A-GAD2_SLC6A6_GABR_A6B3G2	GABA-A	GABA-GAD2_SLC6A6	GABR_A6B3G2					Non-protein Signaling
GABA-A-GAD2_SLC6A6_GABR_A6B3D	GABA-A	GABA-GAD2_SLC6A6	GABR_A6B3D					Non-protein Signaling
GABA-A-GAD2_SLC6A8_GABR_A1B3G2	GABA-A	GABA-GAD2_SLC6A8	GABR_A1B3G2					Non-protein Signaling
GABA-A-GAD2_SLC6A8_GABR_A1B2G2	GABA-A	GABA-GAD2_SLC6A8	GABR_A1B2G2					Non-protein Signaling
GABA-A-GAD2_SLC6A8_GABR_A1B2	GABA-A	GABA-GAD2_SLC6A8	GABR_A1B2					Non-protein Signaling
GABA-A-GAD2_SLC6A8_GABR_A1B3	GABA-A	GABA-GAD2_SLC6A8	GABR_A1B3					Non-protein Signaling
GABA-A-GAD2_SLC6A8_GABR_A1B2D	GABA-A	GABA-GAD2_SLC6A8	GABR_A1B2D					Non-protein Signaling
GABA-A-GAD2_SLC6A8_GABR_A2B3G2	GABA-A	GABA-GAD2_SLC6A8	GABR_A2B3G2					Non-protein Signaling
GABA-A-GAD2_SLC6A8_GABR_A3B3G2	GABA-A	GABA-GAD2_SLC6A8	GABR_A3B3G2					Non-protein Signaling
GABA-A-GAD2_SLC6A8_GABR_A3B3Q	GABA-A	GABA-GAD2_SLC6A8	GABR_A3B3Q					Non-protein Signaling
GABA-A-GAD2_SLC6A8_GABR_A3B3E	GABA-A	GABA-GAD2_SLC6A8	GABR_A3B3E					Non-protein Signaling
GABA-A-GAD2_SLC6A8_GABR_A4B3G2	GABA-A	GABA-GAD2_SLC6A8	GABR_A4B3G2					Non-protein Signaling
GABA-A-GAD2_SLC6A8_GABR_A4B3D	GABA-A	GABA-GAD2_SLC6A8	GABR_A4B3D					Non-protein Signaling
GABA-A-GAD2_SLC6A8_GABR_A4B2D	GABA-A	GABA-GAD2_SLC6A8	GABR_A4B2D					Non-protein Signaling
GABA-A-GAD2_SLC6A8_GABR_A5B3G2	GABA-A	GABA-GAD2_SLC6A8	GABR_A5B3G2					Non-protein Signaling
GABA-A-GAD2_SLC6A8_GABR_A6B3G2	GABA-A	GABA-GAD2_SLC6A8	GABR_A6B3G2					Non-protein Signaling
GABA-A-GAD2_SLC6A8_GABR_A6B3D	GABA-A	GABA-GAD2_SLC6A8	GABR_A6B3D					Non-protein Signaling
Glycine-Gly-SHMT1_SLC6A5_GLR_A1B	Glycine	Gly-SHMT1_SLC6A5	GLRA1_GLRB					Non-protein Signaling
Glycine-Gly-SHMT1_SLC6A5_GLRA2	Glycine	Gly-SHMT1_SLC6A5	Glra2					Non-protein Signaling
Glycine-Gly-SHMT1_SLC6A9_GLR_A1B	Glycine	Gly-SHMT1_SLC6A9	GLRA1_GLRB					Non-protein Signaling
Glycine-Gly-SHMT1_SLC6A9_GLRA2	Glycine	Gly-SHMT1_SLC6A9	Glra2					Non-protein Signaling
Glycine-Gly-SHMT2_SLC6A5_GLR_A1B	Glycine	Gly-SHMT2_SLC6A5	GLRA1_GLRB					Non-protein Signaling
Glycine-Gly-SHMT2_SLC6A5_GLRA2	Glycine	Gly-SHMT2_SLC6A5	Glra2					Non-protein Signaling
Glycine-Gly-SHMT2_SLC6A9_GLR_A1B	Glycine	Gly-SHMT2_SLC6A9	GLRA1_GLRB					Non-protein Signaling
Glycine-Gly-SHMT2_SLC6A9_GLRA2	Glycine	Gly-SHMT2_SLC6A9	Glra2					Non-protein Signaling
Adenosine-ADO-NT5E_SLC29A1_ADORA1	Adenosine	ADO-NT5E_SLC29A1	Adora1					Non-protein Signaling
Adenosine-ADO-NT5E_SLC29A2_ADORA1	Adenosine	ADO-NT5E_SLC29A2	Adora1					Non-protein Signaling
Adenosine-ADO-NT5E_SLC29A3_ADORA1	Adenosine	ADO-NT5E_SLC29A3	Adora1					Non-protein Signaling
Adenosine-ADO-NT5E_SLC29A4_ADORA1	Adenosine	ADO-NT5E_SLC29A4	Adora1					Non-protein Signaling
Adenosine-ADO-NT5E_SLC29A1_ADORA2A	Adenosine	ADO-NT5E_SLC29A1	Adora2a					Non-protein Signaling
Adenosine-ADO-NT5E_SLC29A2_ADORA2A	Adenosine	ADO-NT5E_SLC29A2	Adora2a					Non-protein Signaling
Adenosine-ADO-NT5E_SLC29A3_ADORA2A	Adenosine	ADO-NT5E_SLC29A3	Adora2a					Non-protein Signaling
Adenosine-ADO-NT5E_SLC29A4_ADORA2A	Adenosine	ADO-NT5E_SLC29A4	Adora2a					Non-protein Signaling
Adenosine-ADO-NT5E_SLC29A1_ADORA2B	Adenosine	ADO-NT5E_SLC29A1	Adora2b					Non-protein Signaling
Adenosine-ADO-NT5E_SLC29A2_ADORA2B	Adenosine	ADO-NT5E_SLC29A2	Adora2b					Non-protein Signaling
Adenosine-ADO-NT5E_SLC29A3_ADORA2B	Adenosine	ADO-NT5E_SLC29A3	Adora2b					Non-protein Signaling
Adenosine-ADO-NT5E_SLC29A4_ADORA2B	Adenosine	ADO-NT5E_SLC29A4	Adora2b					Non-protein Signaling
Adenosine-ADO-NT5E_SLC29A1_ADORA3	Adenosine	ADO-NT5E_SLC29A1	Adora3					Non-protein Signaling
Adenosine-ADO-NT5E_SLC29A2_ADORA3	Adenosine	ADO-NT5E_SLC29A2	Adora3					Non-protein Signaling
Adenosine-ADO-NT5E_SLC29A3_ADORA3	Adenosine	ADO-NT5E_SLC29A3	Adora3					Non-protein Signaling
Adenosine-ADO-NT5E_SLC29A4_ADORA3	Adenosine	ADO-NT5E_SLC29A4	Adora3					Non-protein Signaling
Adrenaline-ADR-PNMT_SLC18A1_ADRA1A	Adrenaline	ADR-PNMT_SLC18A1	Adra1a					Non-protein Signaling
Adrenaline-ADR-PNMT_SLC18A2_ADRA1A	Adrenaline	ADR-PNMT_SLC18A2	Adra1a					Non-protein Signaling
Noradrenaline-NE-DBH_SLC18A1_ADRA1A	Noradrenaline	NE-DBH_SLC18A1	Adra1a					Non-protein Signaling
Noradrenaline-NE-DBH_SLC18A2_ADRA1A	Noradrenaline	NE-DBH_SLC18A2	Adra1a					Non-protein Signaling
Noradrenaline-NE-DBH_SLC6A2_ADRA1A	Noradrenaline	NE-DBH_SLC6A2	Adra1a					Non-protein Signaling
Adrenaline-ADR-PNMT_SLC18A1_ADRA1B	Adrenaline	ADR-PNMT_SLC18A1	Adra1b					Non-protein Signaling
Adrenaline-ADR-PNMT_SLC18A2_ADRA1B	Adrenaline	ADR-PNMT_SLC18A2	Adra1b					Non-protein Signaling
Noradrenaline-NE-DBH_SLC18A1_ADRA1B	Noradrenaline	NE-DBH_SLC18A1	Adra1b					Non-protein Signaling
Noradrenaline-NE-DBH_SLC18A2_ADRA1B	Noradrenaline	NE-DBH_SLC18A2	Adra1b					Non-protein Signaling
Noradrenaline-NE-DBH_SLC6A2_ADRA1B	Noradrenaline	NE-DBH_SLC6A2	Adra1b					Non-protein Signaling
Adrenaline-ADR-PNMT_SLC18A1_ADRA1D	Adrenaline	ADR-PNMT_SLC18A1	Adra1d					Non-protein Signaling
Adrenaline-ADR-PNMT_SLC18A2_ADRA1D	Adrenaline	ADR-PNMT_SLC18A2	Adra1d					Non-protein Signaling
Noradrenaline-NE-DBH_SLC18A1_ADRA1D	Noradrenaline	NE-DBH_SLC18A1	Adra1d					Non-protein Signaling
Noradrenaline-NE-DBH_SLC18A2_ADRA1D	Noradrenaline	NE-DBH_SLC18A2	Adra1d					Non-protein Signaling
Noradrenaline-NE-DBH_SLC6A2_ADRA1D	Noradrenaline	NE-DBH_SLC6A2	Adra1d					Non-protein Signaling
Adrenaline-ADR-PNMT_SLC18A1_ADRA2A	Adrenaline	ADR-PNMT_SLC18A1	Adra2a					Non-protein Signaling
Adrenaline-ADR-PNMT_SLC18A2_ADRA2A	Adrenaline	ADR-PNMT_SLC18A2	Adra2a					Non-protein Signaling
Noradrenaline-NE-DBH_SLC18A1_ADRA2A	Noradrenaline	NE-DBH_SLC18A1	Adra2a					Non-protein Signaling
Noradrenaline-NE-DBH_SLC18A2_ADRA2A	Noradrenaline	NE-DBH_SLC18A2	Adra2a					Non-protein Signaling
Noradrenaline-NE-DBH_SLC6A2_ADRA2A	Noradrenaline	NE-DBH_SLC6A2	Adra2a					Non-protein Signaling
Adrenaline-ADR-PNMT_SLC18A1_ADRA2B	Adrenaline	ADR-PNMT_SLC18A1	Adra2b					Non-protein Signaling
Adrenaline-ADR-PNMT_SLC18A2_ADRA2B	Adrenaline	ADR-PNMT_SLC18A2	Adra2b					Non-protein Signaling
Noradrenaline-NE-DBH_SLC18A1_ADRA2B	Noradrenaline	NE-DBH_SLC18A1	Adra2b					Non-protein Signaling
Noradrenaline-NE-DBH_SLC18A2_ADRA2B	Noradrenaline	NE-DBH_SLC18A2	Adra2b					Non-protein Signaling
Noradrenaline-NE-DBH_SLC6A2_ADRA2B	Noradrenaline	NE-DBH_SLC6A2	Adra2b					Non-protein Signaling
Adrenaline-ADR-PNMT_SLC18A1_ADRA2C	Adrenaline	ADR-PNMT_SLC18A1	Adra2c					Non-protein Signaling
Adrenaline-ADR-PNMT_SLC18A2_ADRA2C	Adrenaline	ADR-PNMT_SLC18A2	Adra2c					Non-protein Signaling
Noradrenaline-NE-DBH_SLC18A1_ADRA2C	Noradrenaline	NE-DBH_SLC18A1	Adra2c					Non-protein Signaling
Noradrenaline-NE-DBH_SLC18A2_ADRA2C	Noradrenaline	NE-DBH_SLC18A2	Adra2c					Non-protein Signaling
Noradrenaline-NE-DBH_SLC6A2_ADRA2C	Noradrenaline	NE-DBH_SLC6A2	Adra2c					Non-protein Signaling
Adrenaline-ADR-PNMT_SLC18A1_ADRB1	Adrenaline	ADR-PNMT_SLC18A1	Adrb1					Non-protein Signaling
Adrenaline-ADR-PNMT_SLC18A2_ADRB1	Adrenaline	ADR-PNMT_SLC18A2	Adrb1					Non-protein Signaling
Noradrenaline-NE-DBH_SLC18A1_ADRB1	Noradrenaline	NE-DBH_SLC18A1	Adrb1					Non-protein Signaling
Noradrenaline-NE-DBH_SLC18A2_ADRB1	Noradrenaline	NE-DBH_SLC18A2	Adrb1					Non-protein Signaling
Noradrenaline-NE-DBH_SLC6A2_ADRB1	Noradrenaline	NE-DBH_SLC6A2	Adrb1					Non-protein Signaling
Adrenaline-ADR-PNMT_SLC18A1_ADRB2	Adrenaline	ADR-PNMT_SLC18A1	Adrb2					Non-protein Signaling
Adrenaline-ADR-PNMT_SLC18A2_ADRB2	Adrenaline	ADR-PNMT_SLC18A2	Adrb2					Non-protein Signaling
Noradrenaline-NE-DBH_SLC18A1_ADRB2	Noradrenaline	NE-DBH_SLC18A1	Adrb2					Non-protein Signaling
Noradrenaline-NE-DBH_SLC18A2_ADRB2	Noradrenaline	NE-DBH_SLC18A2	Adrb2					Non-protein Signaling
Noradrenaline-NE-DBH_SLC6A2_ADRB2	Noradrenaline	NE-DBH_SLC6A2	Adrb2					Non-protein Signaling
Adrenaline-ADR-PNMT_SLC18A1_ADRB3	Adrenaline	ADR-PNMT_SLC18A1	Adrb3					Non-protein Signaling
Adrenaline-ADR-PNMT_SLC18A2_ADRB3	Adrenaline	ADR-PNMT_SLC18A2	Adrb3					Non-protein Signaling
Noradrenaline-NE-DBH_SLC18A1_ADRB3	Noradrenaline	NE-DBH_SLC18A1	Adrb3					Non-protein Signaling
Noradrenaline-NE-DBH_SLC18A2_ADRB3	Noradrenaline	NE-DBH_SLC18A2	Adrb3					Non-protein Signaling
Noradrenaline-NE-DBH_SLC6A2_ADRB3	Noradrenaline	NE-DBH_SLC6A2	Adrb3					Non-protein Signaling
Acetylcholine-Ach-CHAT_SLC10A4_CHRM1	Ach	Ach-CHAT_SLC10A4	Chrm1					Non-protein Signaling
Acetylcholine-Ach-CHAT_SLC18A3_CHRM1	Ach	Ach-CHAT_SLC18A3	Chrm1					Non-protein Signaling
Acetylcholine-Ach-CHAT_SLC5A7_CHRM1	Ach	Ach-CHAT_SLC5A7	Chrm1					Non-protein Signaling
Acetylcholine-Ach-CHAT_SLC10A4_CHRM2	Ach	Ach-CHAT_SLC10A4	Chrm2					Non-protein Signaling
Acetylcholine-Ach-CHAT_SLC18A3_CHRM2	Ach	Ach-CHAT_SLC18A3	Chrm2					Non-protein Signaling
Acetylcholine-Ach-CHAT_SLC5A7_CHRM2	Ach	Ach-CHAT_SLC5A7	Chrm2					Non-protein Signaling
Acetylcholine-Ach-CHAT_SLC10A4_CHRM3	Ach	Ach-CHAT_SLC10A4	Chrm3					Non-protein Signaling
Acetylcholine-Ach-CHAT_SLC18A3_CHRM3	Ach	Ach-CHAT_SLC18A3	Chrm3					Non-protein Signaling
Acetylcholine-Ach-CHAT_SLC5A7_CHRM3	Ach	Ach-CHAT_SLC5A7	Chrm3					Non-protein Signaling
Acetylcholine-Ach-CHAT_SLC10A4_CHRM4	Ach	Ach-CHAT_SLC10A4	Chrm4					Non-protein Signaling
Acetylcholine-Ach-CHAT_SLC18A3_CHRM4	Ach	Ach-CHAT_SLC18A3	Chrm4					Non-protein Signaling
Acetylcholine-Ach-CHAT_SLC5A7_CHRM4	Ach	Ach-CHAT_SLC5A7	Chrm4					Non-protein Signaling
Acetylcholine-Ach-CHAT_SLC10A4_CHRM5	Ach	Ach-CHAT_SLC10A4	Chrm5					Non-protein Signaling
Acetylcholine-Ach-CHAT_SLC18A3_CHRM5	Ach	Ach-CHAT_SLC18A3	Chrm5					Non-protein Signaling
Acetylcholine-Ach-CHAT_SLC5A7_CHRM5	Ach	Ach-CHAT_SLC5A7	Chrm5					Non-protein Signaling
LTC4-LTC4S_CYSLTR1	CysLTs	LTC4-LTC4S	Cysltr1					Non-protein Signaling
LTD4-GGT1_CYSLTR1	CysLTs	LTD4-GGT1	Cysltr1					Non-protein Signaling
LTE4-DPEP1_CYSLTR1	CysLTs	LTE4-DPEP1	Cysltr1					Non-protein Signaling
LTE4-DPEP2_CYSLTR1	CysLTs	LTE4-DPEP2	Cysltr1					Non-protein Signaling
LTE4-DPEP3_CYSLTR1	CysLTs	LTE4-DPEP3	Cysltr1					Non-protein Signaling
LTC4-LTC4S_CYSLTR2	CysLTs	LTC4-LTC4S	Cysltr2					Non-protein Signaling
LTD4-GGT1_CYSLTR2	CysLTs	LTD4-GGT1	Cysltr2					Non-protein Signaling
LTE4-DPEP1_CYSLTR2	CysLTs	LTE4-DPEP1	Cysltr2					Non-protein Signaling
LTE4-DPEP2_CYSLTR2	CysLTs	LTE4-DPEP2	Cysltr2					Non-protein Signaling
LTE4-DPEP3_CYSLTR2	CysLTs	LTE4-DPEP3	Cysltr2					Non-protein Signaling
Dopamine-DOPA-DDC_SLC18A1_DRD1	Dopamine	DOPA-DDC_SLC18A1	Drd1					Non-protein Signaling
Dopamine-DOPA-DDC_SLC18A2_DRD1	Dopamine	DOPA-DDC_SLC18A2	Drd1					Non-protein Signaling
Dopamine-DOPA-DDC_SLC6A3_DRD1	Dopamine	DOPA-DDC_SLC6A3	Drd1					Non-protein Signaling
Dopamine-DOPA-DDC_SLC18A1_DRD2	Dopamine	DOPA-DDC_SLC18A1	Drd2					Non-protein Signaling
Dopamine-DOPA-DDC_SLC18A2_DRD2	Dopamine	DOPA-DDC_SLC18A2	Drd2					Non-protein Signaling
Dopamine-DOPA-DDC_SLC6A3_DRD2	Dopamine	DOPA-DDC_SLC6A3	Drd2					Non-protein Signaling
Dopamine-DOPA-DDC_SLC18A1_DRD3	Dopamine	DOPA-DDC_SLC18A1	Drd3					Non-protein Signaling
Dopamine-DOPA-DDC_SLC18A2_DRD3	Dopamine	DOPA-DDC_SLC18A2	Drd3					Non-protein Signaling
Dopamine-DOPA-DDC_SLC6A3_DRD3	Dopamine	DOPA-DDC_SLC6A3	Drd3					Non-protein Signaling
Dopamine-DOPA-DDC_SLC18A1_DRD4	Dopamine	DOPA-DDC_SLC18A1	Drd4					Non-protein Signaling
Dopamine-DOPA-DDC_SLC18A2_DRD4	Dopamine	DOPA-DDC_SLC18A2	Drd4					Non-protein Signaling
Dopamine-DOPA-DDC_SLC6A3_DRD4	Dopamine	DOPA-DDC_SLC6A3	Drd4					Non-protein Signaling
Dopamine-DOPA-DDC_SLC18A1_DRD5	Dopamine	DOPA-DDC_SLC18A1	Drd5					Non-protein Signaling
Dopamine-DOPA-DDC_SLC18A2_DRD5	Dopamine	DOPA-DDC_SLC18A2	Drd5					Non-protein Signaling
Dopamine-DOPA-DDC_SLC6A3_DRD5	Dopamine	DOPA-DDC_SLC6A3	Drd5					Non-protein Signaling
LipoxinA4-ALOX12_FPR-RS7	LXA4	LXA4-ALOX12	Fpr-rs7					Non-protein Signaling
LipoxinA4-ALOX12_FPR-RS6	LXA4	LXA4-ALOX12	Fpr-rs6					Non-protein Signaling
LipoxinA4-ALOX12_FPR3	LXA4	LXA4-ALOX12	Fpr3					Non-protein Signaling
LipoxinA4-ALOX12_FPR-RS4	LXA4	LXA4-ALOX12	Fpr-rs4					Non-protein Signaling
LipoxinA4-ALOX12_FPR-RS3	LXA4	LXA4-ALOX12	Fpr-rs3					Non-protein Signaling
LipoxinA4-ALOX12_FPR2	LXA4	LXA4-ALOX12	Fpr2					Non-protein Signaling
LipoxinA4-ALOX5_FPR-RS7	LXA4	LXA4-ALOX5	Fpr-rs7					Non-protein Signaling
LipoxinA4-ALOX5_FPR-RS6	LXA4	LXA4-ALOX5	Fpr-rs6					Non-protein Signaling
LipoxinA4-ALOX5_FPR3	LXA4	LXA4-ALOX5	Fpr3					Non-protein Signaling
LipoxinA4-ALOX5_FPR-RS4	LXA4	LXA4-ALOX5	Fpr-rs4					Non-protein Signaling
LipoxinA4-ALOX5_FPR-RS3	LXA4	LXA4-ALOX5	Fpr-rs3					Non-protein Signaling
LipoxinA4-ALOX5_FPR2	LXA4	LXA4-ALOX5	Fpr2					Non-protein Signaling
GABA-B-GAD1_SLC32A1_GABBR1	GABA-B	GABA-GAD1_SLC32A1	Gabbr1					Non-protein Signaling
GABA-B-GAD1_SLC6A1_GABBR1	GABA-B	GABA-GAD1_SLC6A1	Gabbr1					Non-protein Signaling
GABA-B-GAD1_SLC6A11_GABBR1	GABA-B	GABA-GAD1_SLC6A11	Gabbr1					Non-protein Signaling
GABA-B-GAD1_SLC6A12_GABBR1	GABA-B	GABA-GAD1_SLC6A12	Gabbr1					Non-protein Signaling
GABA-B-GAD1_SLC6A13_GABBR1	GABA-B	GABA-GAD1_SLC6A13	Gabbr1					Non-protein Signaling
GABA-B-GAD1_SLC6A6_GABBR1	GABA-B	GABA-GAD1_SLC6A6	Gabbr1					Non-protein Signaling
GABA-B-GAD1_SLC6A8_GABBR1	GABA-B	GABA-GAD1_SLC6A8	Gabbr1					Non-protein Signaling
GABA-B-GAD2_SLC32A1_GABBR1	GABA-B	GABA-GAD2_SLC32A1	Gabbr1					Non-protein Signaling
GABA-B-GAD2_SLC6A1_GABBR1	GABA-B	GABA-GAD2_SLC6A1	Gabbr1					Non-protein Signaling
GABA-B-GAD2_SLC6A11_GABBR1	GABA-B	GABA-GAD2_SLC6A11	Gabbr1					Non-protein Signaling
GABA-B-GAD2_SLC6A12_GABBR1	GABA-B	GABA-GAD2_SLC6A12	Gabbr1					Non-protein Signaling
GABA-B-GAD2_SLC6A13_GABBR1	GABA-B	GABA-GAD2_SLC6A13	Gabbr1					Non-protein Signaling
GABA-B-GAD2_SLC6A6_GABBR1	GABA-B	GABA-GAD2_SLC6A6	Gabbr1					Non-protein Signaling
GABA-B-GAD2_SLC6A8_GABBR1	GABA-B	GABA-GAD2_SLC6A8	Gabbr1					Non-protein Signaling
GABA-B-GAD1_SLC32A1_GABBR2	GABA-B	GABA-GAD1_SLC32A1	Gabbr2					Non-protein Signaling
GABA-B-GAD1_SLC6A1_GABBR2	GABA-B	GABA-GAD1_SLC6A1	Gabbr2					Non-protein Signaling
GABA-B-GAD1_SLC6A11_GABBR2	GABA-B	GABA-GAD1_SLC6A11	Gabbr2					Non-protein Signaling
GABA-B-GAD1_SLC6A12_GABBR2	GABA-B	GABA-GAD1_SLC6A12	Gabbr2					Non-protein Signaling
GABA-B-GAD1_SLC6A13_GABBR2	GABA-B	GABA-GAD1_SLC6A13	Gabbr2					Non-protein Signaling
GABA-B-GAD1_SLC6A6_GABBR2	GABA-B	GABA-GAD1_SLC6A6	Gabbr2					Non-protein Signaling
GABA-B-GAD1_SLC6A8_GABBR2	GABA-B	GABA-GAD1_SLC6A8	Gabbr2					Non-protein Signaling
GABA-B-GAD2_SLC32A1_GABBR2	GABA-B	GABA-GAD2_SLC32A1	Gabbr2					Non-protein Signaling
GABA-B-GAD2_SLC6A1_GABBR2	GABA-B	GABA-GAD2_SLC6A1	Gabbr2					Non-protein Signaling
GABA-B-GAD2_SLC6A11_GABBR2	GABA-B	GABA-GAD2_SLC6A11	Gabbr2					Non-protein Signaling
GABA-B-GAD2_SLC6A12_GABBR2	GABA-B	GABA-GAD2_SLC6A12	Gabbr2					Non-protein Signaling
GABA-B-GAD2_SLC6A13_GABBR2	GABA-B	GABA-GAD2_SLC6A13	Gabbr2					Non-protein Signaling
GABA-B-GAD2_SLC6A6_GABBR2	GABA-B	GABA-GAD2_SLC6A6	Gabbr2					Non-protein Signaling
GABA-B-GAD2_SLC6A8_GABBR2	GABA-B	GABA-GAD2_SLC6A8	Gabbr2					Non-protein Signaling
Glutamate-Glu-SLC17A6_GLS_GRIA1	Glutamate	Glu-SLC17A6_GLS	Gria1					Non-protein Signaling
Glutamate-Glu-SLC17A7_GLS_GRIA1	Glutamate	Glu-SLC17A7_GLS	Gria1					Non-protein Signaling
Glutamate-Glu-SLC17A8_GLS_GRIA1	Glutamate	Glu-SLC17A8_GLS	Gria1					Non-protein Signaling
Glutamate-Glu-SLC1A1_GLS_GRIA1	Glutamate	Glu-SLC1A1_GLS	Gria1					Non-protein Signaling
Glutamate-Glu-SLC1A2_GLS_GRIA1	Glutamate	Glu-SLC1A2_GLS	Gria1					Non-protein Signaling
Glutamate-Glu-SLC1A3_GLS_GRIA1	Glutamate	Glu-SLC1A3_GLS	Gria1					Non-protein Signaling
Glutamate-Glu-SLC1A6_GLS_GRIA1	Glutamate	Glu-SLC1A6_GLS	Gria1					Non-protein Signaling
Glutamate-Glu-SLC1A7_GLS_GRIA1	Glutamate	Glu-SLC1A7_GLS	Gria1					Non-protein Signaling
Glutamate-Glu-SLC17A6_GLS2_GRIA1	Glutamate	Glu-SLC17A6_GLS2	Gria1					Non-protein Signaling
Glutamate-Glu-SLC17A7_GLS2_GRIA1	Glutamate	Glu-SLC17A7_GLS2	Gria1					Non-protein Signaling
Glutamate-Glu-SLC17A8_GLS2_GRIA1	Glutamate	Glu-SLC17A8_GLS2	Gria1					Non-protein Signaling
Glutamate-Glu-SLC1A1_GLS2_GRIA1	Glutamate	Glu-SLC1A1_GLS2	Gria1					Non-protein Signaling
Glutamate-Glu-SLC1A2_GLS2_GRIA1	Glutamate	Glu-SLC1A2_GLS2	Gria1					Non-protein Signaling
Glutamate-Glu-SLC1A3_GLS2_GRIA1	Glutamate	Glu-SLC1A3_GLS2	Gria1					Non-protein Signaling
Glutamate-Glu-SLC1A6_GLS2_GRIA1	Glutamate	Glu-SLC1A6_GLS2	Gria1					Non-protein Signaling
Glutamate-Glu-SLC1A7_GLS2_GRIA1	Glutamate	Glu-SLC1A7_GLS2	Gria1					Non-protein Signaling
Glutamate-Glu-SLC17A6_GLS_GRIA2	Glutamate	Glu-SLC17A6_GLS	Gria2					Non-protein Signaling
Glutamate-Glu-SLC17A7_GLS_GRIA2	Glutamate	Glu-SLC17A7_GLS	Gria2					Non-protein Signaling
Glutamate-Glu-SLC17A8_GLS_GRIA2	Glutamate	Glu-SLC17A8_GLS	Gria2					Non-protein Signaling
Glutamate-Glu-SLC1A1_GLS_GRIA2	Glutamate	Glu-SLC1A1_GLS	Gria2					Non-protein Signaling
Glutamate-Glu-SLC1A2_GLS_GRIA2	Glutamate	Glu-SLC1A2_GLS	Gria2					Non-protein Signaling
Glutamate-Glu-SLC1A3_GLS_GRIA2	Glutamate	Glu-SLC1A3_GLS	Gria2					Non-protein Signaling
Glutamate-Glu-SLC1A6_GLS_GRIA2	Glutamate	Glu-SLC1A6_GLS	Gria2					Non-protein Signaling
Glutamate-Glu-SLC1A7_GLS_GRIA2	Glutamate	Glu-SLC1A7_GLS	Gria2					Non-protein Signaling
Glutamate-Glu-SLC17A6_GLS2_GRIA2	Glutamate	Glu-SLC17A6_GLS2	Gria2					Non-protein Signaling
Glutamate-Glu-SLC17A7_GLS2_GRIA2	Glutamate	Glu-SLC17A7_GLS2	Gria2					Non-protein Signaling
Glutamate-Glu-SLC17A8_GLS2_GRIA2	Glutamate	Glu-SLC17A8_GLS2	Gria2					Non-protein Signaling
Glutamate-Glu-SLC1A1_GLS2_GRIA2	Glutamate	Glu-SLC1A1_GLS2	Gria2					Non-protein Signaling
Glutamate-Glu-SLC1A2_GLS2_GRIA2	Glutamate	Glu-SLC1A2_GLS2	Gria2					Non-protein Signaling
Glutamate-Glu-SLC1A3_GLS2_GRIA2	Glutamate	Glu-SLC1A3_GLS2	Gria2					Non-protein Signaling
Glutamate-Glu-SLC1A6_GLS2_GRIA2	Glutamate	Glu-SLC1A6_GLS2	Gria2					Non-protein Signaling
Glutamate-Glu-SLC1A7_GLS2_GRIA2	Glutamate	Glu-SLC1A7_GLS2	Gria2					Non-protein Signaling
Glutamate-Glu-SLC17A6_GLS_GRIA3	Glutamate	Glu-SLC17A6_GLS	Gria3					Non-protein Signaling
Glutamate-Glu-SLC17A7_GLS_GRIA3	Glutamate	Glu-SLC17A7_GLS	Gria3					Non-protein Signaling
Glutamate-Glu-SLC17A8_GLS_GRIA3	Glutamate	Glu-SLC17A8_GLS	Gria3					Non-protein Signaling
Glutamate-Glu-SLC1A1_GLS_GRIA3	Glutamate	Glu-SLC1A1_GLS	Gria3					Non-protein Signaling
Glutamate-Glu-SLC1A2_GLS_GRIA3	Glutamate	Glu-SLC1A2_GLS	Gria3					Non-protein Signaling
Glutamate-Glu-SLC1A3_GLS_GRIA3	Glutamate	Glu-SLC1A3_GLS	Gria3					Non-protein Signaling
Glutamate-Glu-SLC1A6_GLS_GRIA3	Glutamate	Glu-SLC1A6_GLS	Gria3					Non-protein Signaling
Glutamate-Glu-SLC1A7_GLS_GRIA3	Glutamate	Glu-SLC1A7_GLS	Gria3					Non-protein Signaling
Glutamate-Glu-SLC17A6_GLS2_GRIA3	Glutamate	Glu-SLC17A6_GLS2	Gria3					Non-protein Signaling
Glutamate-Glu-SLC17A7_GLS2_GRIA3	Glutamate	Glu-SLC17A7_GLS2	Gria3					Non-protein Signaling
Glutamate-Glu-SLC17A8_GLS2_GRIA3	Glutamate	Glu-SLC17A8_GLS2	Gria3					Non-protein Signaling
Glutamate-Glu-SLC1A1_GLS2_GRIA3	Glutamate	Glu-SLC1A1_GLS2	Gria3					Non-protein Signaling
Glutamate-Glu-SLC1A2_GLS2_GRIA3	Glutamate	Glu-SLC1A2_GLS2	Gria3					Non-protein Signaling
Glutamate-Glu-SLC1A3_GLS2_GRIA3	Glutamate	Glu-SLC1A3_GLS2	Gria3					Non-protein Signaling
Glutamate-Glu-SLC1A6_GLS2_GRIA3	Glutamate	Glu-SLC1A6_GLS2	Gria3					Non-protein Signaling
Glutamate-Glu-SLC1A7_GLS2_GRIA3	Glutamate	Glu-SLC1A7_GLS2	Gria3					Non-protein Signaling
Glutamate-Glu-SLC17A6_GLS_GRIA4	Glutamate	Glu-SLC17A6_GLS	Gria4					Non-protein Signaling
Glutamate-Glu-SLC17A7_GLS_GRIA4	Glutamate	Glu-SLC17A7_GLS	Gria4					Non-protein Signaling
Glutamate-Glu-SLC17A8_GLS_GRIA4	Glutamate	Glu-SLC17A8_GLS	Gria4					Non-protein Signaling
Glutamate-Glu-SLC1A1_GLS_GRIA4	Glutamate	Glu-SLC1A1_GLS	Gria4					Non-protein Signaling
Glutamate-Glu-SLC1A2_GLS_GRIA4	Glutamate	Glu-SLC1A2_GLS	Gria4					Non-protein Signaling
Glutamate-Glu-SLC1A3_GLS_GRIA4	Glutamate	Glu-SLC1A3_GLS	Gria4					Non-protein Signaling
Glutamate-Glu-SLC1A6_GLS_GRIA4	Glutamate	Glu-SLC1A6_GLS	Gria4					Non-protein Signaling
Glutamate-Glu-SLC1A7_GLS_GRIA4	Glutamate	Glu-SLC1A7_GLS	Gria4					Non-protein Signaling
Glutamate-Glu-SLC17A6_GLS2_GRIA4	Glutamate	Glu-SLC17A6_GLS2	Gria4					Non-protein Signaling
Glutamate-Glu-SLC17A7_GLS2_GRIA4	Glutamate	Glu-SLC17A7_GLS2	Gria4					Non-protein Signaling
Glutamate-Glu-SLC17A8_GLS2_GRIA4	Glutamate	Glu-SLC17A8_GLS2	Gria4					Non-protein Signaling
Glutamate-Glu-SLC1A1_GLS2_GRIA4	Glutamate	Glu-SLC1A1_GLS2	Gria4					Non-protein Signaling
Glutamate-Glu-SLC1A2_GLS2_GRIA4	Glutamate	Glu-SLC1A2_GLS2	Gria4					Non-protein Signaling
Glutamate-Glu-SLC1A3_GLS2_GRIA4	Glutamate	Glu-SLC1A3_GLS2	Gria4					Non-protein Signaling
Glutamate-Glu-SLC1A6_GLS2_GRIA4	Glutamate	Glu-SLC1A6_GLS2	Gria4					Non-protein Signaling
Glutamate-Glu-SLC1A7_GLS2_GRIA4	Glutamate	Glu-SLC1A7_GLS2	Gria4					Non-protein Signaling
Glutamate-Glu-NRXN1_CBLN1_GRID2	Glutamate	Glu-NRXN1_CBLN1	Grid2					Non-protein Signaling
Glutamate-Glu-SLC17A6_GLS_GRIK1	Glutamate	Glu-SLC17A6_GLS	Grik1					Non-protein Signaling
Glutamate-Glu-SLC17A7_GLS_GRIK1	Glutamate	Glu-SLC17A7_GLS	Grik1					Non-protein Signaling
Glutamate-Glu-SLC17A8_GLS_GRIK1	Glutamate	Glu-SLC17A8_GLS	Grik1					Non-protein Signaling
Glutamate-Glu-SLC1A1_GLS_GRIK1	Glutamate	Glu-SLC1A1_GLS	Grik1					Non-protein Signaling
Glutamate-Glu-SLC1A2_GLS_GRIK1	Glutamate	Glu-SLC1A2_GLS	Grik1					Non-protein Signaling
Glutamate-Glu-SLC1A3_GLS_GRIK1	Glutamate	Glu-SLC1A3_GLS	Grik1					Non-protein Signaling
Glutamate-Glu-SLC1A6_GLS_GRIK1	Glutamate	Glu-SLC1A6_GLS	Grik1					Non-protein Signaling
Glutamate-Glu-SLC1A7_GLS_GRIK1	Glutamate	Glu-SLC1A7_GLS	Grik1					Non-protein Signaling
Glutamate-Glu-SLC17A6_GLS2_GRIK1	Glutamate	Glu-SLC17A6_GLS2	Grik1					Non-protein Signaling
Glutamate-Glu-SLC17A7_GLS2_GRIK1	Glutamate	Glu-SLC17A7_GLS2	Grik1					Non-protein Signaling
Glutamate-Glu-SLC17A8_GLS2_GRIK1	Glutamate	Glu-SLC17A8_GLS2	Grik1					Non-protein Signaling
Glutamate-Glu-SLC1A1_GLS2_GRIK1	Glutamate	Glu-SLC1A1_GLS2	Grik1					Non-protein Signaling
Glutamate-Glu-SLC1A2_GLS2_GRIK1	Glutamate	Glu-SLC1A2_GLS2	Grik1					Non-protein Signaling
Glutamate-Glu-SLC1A3_GLS2_GRIK1	Glutamate	Glu-SLC1A3_GLS2	Grik1					Non-protein Signaling
Glutamate-Glu-SLC1A6_GLS2_GRIK1	Glutamate	Glu-SLC1A6_GLS2	Grik1					Non-protein Signaling
Glutamate-Glu-SLC1A7_GLS2_GRIK1	Glutamate	Glu-SLC1A7_GLS2	Grik1					Non-protein Signaling
Glutamate-Glu-SLC17A6_GLS_GRIK2	Glutamate	Glu-SLC17A6_GLS	Grik2					Non-protein Signaling
Glutamate-Glu-SLC17A7_GLS_GRIK2	Glutamate	Glu-SLC17A7_GLS	Grik2					Non-protein Signaling
Glutamate-Glu-SLC17A8_GLS_GRIK2	Glutamate	Glu-SLC17A8_GLS	Grik2					Non-protein Signaling
Glutamate-Glu-SLC1A1_GLS_GRIK2	Glutamate	Glu-SLC1A1_GLS	Grik2					Non-protein Signaling
Glutamate-Glu-SLC1A2_GLS_GRIK2	Glutamate	Glu-SLC1A2_GLS	Grik2					Non-protein Signaling
Glutamate-Glu-SLC1A3_GLS_GRIK2	Glutamate	Glu-SLC1A3_GLS	Grik2					Non-protein Signaling
Glutamate-Glu-SLC1A6_GLS_GRIK2	Glutamate	Glu-SLC1A6_GLS	Grik2					Non-protein Signaling
Glutamate-Glu-SLC1A7_GLS_GRIK2	Glutamate	Glu-SLC1A7_GLS	Grik2					Non-protein Signaling
Glutamate-Glu-SLC17A6_GLS2_GRIK2	Glutamate	Glu-SLC17A6_GLS2	Grik2					Non-protein Signaling
Glutamate-Glu-SLC17A7_GLS2_GRIK2	Glutamate	Glu-SLC17A7_GLS2	Grik2					Non-protein Signaling
Glutamate-Glu-SLC17A8_GLS2_GRIK2	Glutamate	Glu-SLC17A8_GLS2	Grik2					Non-protein Signaling
Glutamate-Glu-SLC1A1_GLS2_GRIK2	Glutamate	Glu-SLC1A1_GLS2	Grik2					Non-protein Signaling
Glutamate-Glu-SLC1A2_GLS2_GRIK2	Glutamate	Glu-SLC1A2_GLS2	Grik2					Non-protein Signaling
Glutamate-Glu-SLC1A3_GLS2_GRIK2	Glutamate	Glu-SLC1A3_GLS2	Grik2					Non-protein Signaling
Glutamate-Glu-SLC1A6_GLS2_GRIK2	Glutamate	Glu-SLC1A6_GLS2	Grik2					Non-protein Signaling
Glutamate-Glu-SLC1A7_GLS2_GRIK2	Glutamate	Glu-SLC1A7_GLS2	Grik2					Non-protein Signaling
Glutamate-Glu-SLC17A6_GLS_GRIK3	Glutamate	Glu-SLC17A6_GLS	Grik3					Non-protein Signaling
Glutamate-Glu-SLC17A7_GLS_GRIK3	Glutamate	Glu-SLC17A7_GLS	Grik3					Non-protein Signaling
Glutamate-Glu-SLC17A8_GLS_GRIK3	Glutamate	Glu-SLC17A8_GLS	Grik3					Non-protein Signaling
Glutamate-Glu-SLC1A1_GLS_GRIK3	Glutamate	Glu-SLC1A1_GLS	Grik3					Non-protein Signaling
Glutamate-Glu-SLC1A2_GLS_GRIK3	Glutamate	Glu-SLC1A2_GLS	Grik3					Non-protein Signaling
Glutamate-Glu-SLC1A3_GLS_GRIK3	Glutamate	Glu-SLC1A3_GLS	Grik3					Non-protein Signaling
Glutamate-Glu-SLC1A6_GLS_GRIK3	Glutamate	Glu-SLC1A6_GLS	Grik3					Non-protein Signaling
Glutamate-Glu-SLC1A7_GLS_GRIK3	Glutamate	Glu-SLC1A7_GLS	Grik3					Non-protein Signaling
Glutamate-Glu-SLC17A6_GLS2_GRIK3	Glutamate	Glu-SLC17A6_GLS2	Grik3					Non-protein Signaling
Glutamate-Glu-SLC17A7_GLS2_GRIK3	Glutamate	Glu-SLC17A7_GLS2	Grik3					Non-protein Signaling
Glutamate-Glu-SLC17A8_GLS2_GRIK3	Glutamate	Glu-SLC17A8_GLS2	Grik3					Non-protein Signaling
Glutamate-Glu-SLC1A1_GLS2_GRIK3	Glutamate	Glu-SLC1A1_GLS2	Grik3					Non-protein Signaling
Glutamate-Glu-SLC1A2_GLS2_GRIK3	Glutamate	Glu-SLC1A2_GLS2	Grik3					Non-protein Signaling
Glutamate-Glu-SLC1A3_GLS2_GRIK3	Glutamate	Glu-SLC1A3_GLS2	Grik3					Non-protein Signaling
Glutamate-Glu-SLC1A6_GLS2_GRIK3	Glutamate	Glu-SLC1A6_GLS2	Grik3					Non-protein Signaling
Glutamate-Glu-SLC1A7_GLS2_GRIK3	Glutamate	Glu-SLC1A7_GLS2	Grik3					Non-protein Signaling
Glutamate-Glu-SLC17A6_GLS_GRM1	Glutamate	Glu-SLC17A6_GLS	Grm1					Non-protein Signaling
Glutamate-Glu-SLC17A7_GLS_GRM1	Glutamate	Glu-SLC17A7_GLS	Grm1					Non-protein Signaling
Glutamate-Glu-SLC17A8_GLS_GRM1	Glutamate	Glu-SLC17A8_GLS	Grm1					Non-protein Signaling
Glutamate-Glu-SLC1A1_GLS_GRM1	Glutamate	Glu-SLC1A1_GLS	Grm1					Non-protein Signaling
Glutamate-Glu-SLC1A2_GLS_GRM1	Glutamate	Glu-SLC1A2_GLS	Grm1					Non-protein Signaling
Glutamate-Glu-SLC1A3_GLS_GRM1	Glutamate	Glu-SLC1A3_GLS	Grm1					Non-protein Signaling
Glutamate-Glu-SLC1A6_GLS_GRM1	Glutamate	Glu-SLC1A6_GLS	Grm1					Non-protein Signaling
Glutamate-Glu-SLC1A7_GLS_GRM1	Glutamate	Glu-SLC1A7_GLS	Grm1					Non-protein Signaling
Glutamate-Glu-SLC17A6_GLS2_GRM1	Glutamate	Glu-SLC17A6_GLS2	Grm1					Non-protein Signaling
Glutamate-Glu-SLC17A7_GLS2_GRM1	Glutamate	Glu-SLC17A7_GLS2	Grm1					Non-protein Signaling
Glutamate-Glu-SLC17A8_GLS2_GRM1	Glutamate	Glu-SLC17A8_GLS2	Grm1					Non-protein Signaling
Glutamate-Glu-SLC1A1_GLS2_GRM1	Glutamate	Glu-SLC1A1_GLS2	Grm1					Non-protein Signaling
Glutamate-Glu-SLC1A2_GLS2_GRM1	Glutamate	Glu-SLC1A2_GLS2	Grm1					Non-protein Signaling
Glutamate-Glu-SLC1A3_GLS2_GRM1	Glutamate	Glu-SLC1A3_GLS2	Grm1					Non-protein Signaling
Glutamate-Glu-SLC1A6_GLS2_GRM1	Glutamate	Glu-SLC1A6_GLS2	Grm1					Non-protein Signaling
Glutamate-Glu-SLC1A7_GLS2_GRM1	Glutamate	Glu-SLC1A7_GLS2	Grm1					Non-protein Signaling
Glutamate-Glu-SLC17A6_GLS_GRM2	Glutamate	Glu-SLC17A6_GLS	Grm2					Non-protein Signaling
Glutamate-Glu-SLC17A7_GLS_GRM2	Glutamate	Glu-SLC17A7_GLS	Grm2					Non-protein Signaling
Glutamate-Glu-SLC17A8_GLS_GRM2	Glutamate	Glu-SLC17A8_GLS	Grm2					Non-protein Signaling
Glutamate-Glu-SLC1A1_GLS_GRM2	Glutamate	Glu-SLC1A1_GLS	Grm2					Non-protein Signaling
Glutamate-Glu-SLC1A2_GLS_GRM2	Glutamate	Glu-SLC1A2_GLS	Grm2					Non-protein Signaling
Glutamate-Glu-SLC1A3_GLS_GRM2	Glutamate	Glu-SLC1A3_GLS	Grm2					Non-protein Signaling
Glutamate-Glu-SLC1A6_GLS_GRM2	Glutamate	Glu-SLC1A6_GLS	Grm2					Non-protein Signaling
Glutamate-Glu-SLC1A7_GLS_GRM2	Glutamate	Glu-SLC1A7_GLS	Grm2					Non-protein Signaling
Glutamate-Glu-SLC17A6_GLS2_GRM2	Glutamate	Glu-SLC17A6_GLS2	Grm2					Non-protein Signaling
Glutamate-Glu-SLC17A7_GLS2_GRM2	Glutamate	Glu-SLC17A7_GLS2	Grm2					Non-protein Signaling
Glutamate-Glu-SLC17A8_GLS2_GRM2	Glutamate	Glu-SLC17A8_GLS2	Grm2					Non-protein Signaling
Glutamate-Glu-SLC1A1_GLS2_GRM2	Glutamate	Glu-SLC1A1_GLS2	Grm2					Non-protein Signaling
Glutamate-Glu-SLC1A2_GLS2_GRM2	Glutamate	Glu-SLC1A2_GLS2	Grm2					Non-protein Signaling
Glutamate-Glu-SLC1A3_GLS2_GRM2	Glutamate	Glu-SLC1A3_GLS2	Grm2					Non-protein Signaling
Glutamate-Glu-SLC1A6_GLS2_GRM2	Glutamate	Glu-SLC1A6_GLS2	Grm2					Non-protein Signaling
Glutamate-Glu-SLC1A7_GLS2_GRM2	Glutamate	Glu-SLC1A7_GLS2	Grm2					Non-protein Signaling
Glutamate-Glu-SLC17A6_GLS_GRM3	Glutamate	Glu-SLC17A6_GLS	Grm3					Non-protein Signaling
Glutamate-Glu-SLC17A7_GLS_GRM3	Glutamate	Glu-SLC17A7_GLS	Grm3					Non-protein Signaling
Glutamate-Glu-SLC17A8_GLS_GRM3	Glutamate	Glu-SLC17A8_GLS	Grm3					Non-protein Signaling
Glutamate-Glu-SLC1A1_GLS_GRM3	Glutamate	Glu-SLC1A1_GLS	Grm3					Non-protein Signaling
Glutamate-Glu-SLC1A2_GLS_GRM3	Glutamate	Glu-SLC1A2_GLS	Grm3					Non-protein Signaling
Glutamate-Glu-SLC1A3_GLS_GRM3	Glutamate	Glu-SLC1A3_GLS	Grm3					Non-protein Signaling
Glutamate-Glu-SLC1A6_GLS_GRM3	Glutamate	Glu-SLC1A6_GLS	Grm3					Non-protein Signaling
Glutamate-Glu-SLC1A7_GLS_GRM3	Glutamate	Glu-SLC1A7_GLS	Grm3					Non-protein Signaling
Glutamate-Glu-SLC17A6_GLS2_GRM3	Glutamate	Glu-SLC17A6_GLS2	Grm3					Non-protein Signaling
Glutamate-Glu-SLC17A7_GLS2_GRM3	Glutamate	Glu-SLC17A7_GLS2	Grm3					Non-protein Signaling
Glutamate-Glu-SLC17A8_GLS2_GRM3	Glutamate	Glu-SLC17A8_GLS2	Grm3					Non-protein Signaling
Glutamate-Glu-SLC1A1_GLS2_GRM3	Glutamate	Glu-SLC1A1_GLS2	Grm3					Non-protein Signaling
Glutamate-Glu-SLC1A2_GLS2_GRM3	Glutamate	Glu-SLC1A2_GLS2	Grm3					Non-protein Signaling
Glutamate-Glu-SLC1A3_GLS2_GRM3	Glutamate	Glu-SLC1A3_GLS2	Grm3					Non-protein Signaling
Glutamate-Glu-SLC1A6_GLS2_GRM3	Glutamate	Glu-SLC1A6_GLS2	Grm3					Non-protein Signaling
Glutamate-Glu-SLC1A7_GLS2_GRM3	Glutamate	Glu-SLC1A7_GLS2	Grm3					Non-protein Signaling
Glutamate-Glu-SLC17A6_GLS_GRM4	Glutamate	Glu-SLC17A6_GLS	Grm4					Non-protein Signaling
Glutamate-Glu-SLC17A7_GLS_GRM4	Glutamate	Glu-SLC17A7_GLS	Grm4					Non-protein Signaling
Glutamate-Glu-SLC17A8_GLS_GRM4	Glutamate	Glu-SLC17A8_GLS	Grm4					Non-protein Signaling
Glutamate-Glu-SLC1A1_GLS_GRM4	Glutamate	Glu-SLC1A1_GLS	Grm4					Non-protein Signaling
Glutamate-Glu-SLC1A2_GLS_GRM4	Glutamate	Glu-SLC1A2_GLS	Grm4					Non-protein Signaling
Glutamate-Glu-SLC1A3_GLS_GRM4	Glutamate	Glu-SLC1A3_GLS	Grm4					Non-protein Signaling
Glutamate-Glu-SLC1A6_GLS_GRM4	Glutamate	Glu-SLC1A6_GLS	Grm4					Non-protein Signaling
Glutamate-Glu-SLC1A7_GLS_GRM4	Glutamate	Glu-SLC1A7_GLS	Grm4					Non-protein Signaling
Glutamate-Glu-SLC17A6_GLS2_GRM4	Glutamate	Glu-SLC17A6_GLS2	Grm4					Non-protein Signaling
Glutamate-Glu-SLC17A7_GLS2_GRM4	Glutamate	Glu-SLC17A7_GLS2	Grm4					Non-protein Signaling
Glutamate-Glu-SLC17A8_GLS2_GRM4	Glutamate	Glu-SLC17A8_GLS2	Grm4					Non-protein Signaling
Glutamate-Glu-SLC1A1_GLS2_GRM4	Glutamate	Glu-SLC1A1_GLS2	Grm4					Non-protein Signaling
Glutamate-Glu-SLC1A2_GLS2_GRM4	Glutamate	Glu-SLC1A2_GLS2	Grm4					Non-protein Signaling
Glutamate-Glu-SLC1A3_GLS2_GRM4	Glutamate	Glu-SLC1A3_GLS2	Grm4					Non-protein Signaling
Glutamate-Glu-SLC1A6_GLS2_GRM4	Glutamate	Glu-SLC1A6_GLS2	Grm4					Non-protein Signaling
Glutamate-Glu-SLC1A7_GLS2_GRM4	Glutamate	Glu-SLC1A7_GLS2	Grm4					Non-protein Signaling
Glutamate-Glu-SLC17A6_GLS_GRM5	Glutamate	Glu-SLC17A6_GLS	Grm5					Non-protein Signaling
Glutamate-Glu-SLC17A7_GLS_GRM5	Glutamate	Glu-SLC17A7_GLS	Grm5					Non-protein Signaling
Glutamate-Glu-SLC17A8_GLS_GRM5	Glutamate	Glu-SLC17A8_GLS	Grm5					Non-protein Signaling
Glutamate-Glu-SLC1A1_GLS_GRM5	Glutamate	Glu-SLC1A1_GLS	Grm5					Non-protein Signaling
Glutamate-Glu-SLC1A2_GLS_GRM5	Glutamate	Glu-SLC1A2_GLS	Grm5					Non-protein Signaling
Glutamate-Glu-SLC1A3_GLS_GRM5	Glutamate	Glu-SLC1A3_GLS	Grm5					Non-protein Signaling
Glutamate-Glu-SLC1A6_GLS_GRM5	Glutamate	Glu-SLC1A6_GLS	Grm5					Non-protein Signaling
Glutamate-Glu-SLC1A7_GLS_GRM5	Glutamate	Glu-SLC1A7_GLS	Grm5					Non-protein Signaling
Glutamate-Glu-SLC17A6_GLS2_GRM5	Glutamate	Glu-SLC17A6_GLS2	Grm5					Non-protein Signaling
Glutamate-Glu-SLC17A7_GLS2_GRM5	Glutamate	Glu-SLC17A7_GLS2	Grm5					Non-protein Signaling
Glutamate-Glu-SLC17A8_GLS2_GRM5	Glutamate	Glu-SLC17A8_GLS2	Grm5					Non-protein Signaling
Glutamate-Glu-SLC1A1_GLS2_GRM5	Glutamate	Glu-SLC1A1_GLS2	Grm5					Non-protein Signaling
Glutamate-Glu-SLC1A2_GLS2_GRM5	Glutamate	Glu-SLC1A2_GLS2	Grm5					Non-protein Signaling
Glutamate-Glu-SLC1A3_GLS2_GRM5	Glutamate	Glu-SLC1A3_GLS2	Grm5					Non-protein Signaling
Glutamate-Glu-SLC1A6_GLS2_GRM5	Glutamate	Glu-SLC1A6_GLS2	Grm5					Non-protein Signaling
Glutamate-Glu-SLC1A7_GLS2_GRM5	Glutamate	Glu-SLC1A7_GLS2	Grm5					Non-protein Signaling
Glutamate-Glu-SLC17A6_GLS_GRM6	Glutamate	Glu-SLC17A6_GLS	Grm6					Non-protein Signaling
Glutamate-Glu-SLC17A7_GLS_GRM6	Glutamate	Glu-SLC17A7_GLS	Grm6					Non-protein Signaling
Glutamate-Glu-SLC17A8_GLS_GRM6	Glutamate	Glu-SLC17A8_GLS	Grm6					Non-protein Signaling
Glutamate-Glu-SLC1A1_GLS_GRM6	Glutamate	Glu-SLC1A1_GLS	Grm6					Non-protein Signaling
Glutamate-Glu-SLC1A2_GLS_GRM6	Glutamate	Glu-SLC1A2_GLS	Grm6					Non-protein Signaling
Glutamate-Glu-SLC1A3_GLS_GRM6	Glutamate	Glu-SLC1A3_GLS	Grm6					Non-protein Signaling
Glutamate-Glu-SLC1A6_GLS_GRM6	Glutamate	Glu-SLC1A6_GLS	Grm6					Non-protein Signaling
Glutamate-Glu-SLC1A7_GLS_GRM6	Glutamate	Glu-SLC1A7_GLS	Grm6					Non-protein Signaling
Glutamate-Glu-SLC17A6_GLS2_GRM6	Glutamate	Glu-SLC17A6_GLS2	Grm6					Non-protein Signaling
Glutamate-Glu-SLC17A7_GLS2_GRM6	Glutamate	Glu-SLC17A7_GLS2	Grm6					Non-protein Signaling
Glutamate-Glu-SLC17A8_GLS2_GRM6	Glutamate	Glu-SLC17A8_GLS2	Grm6					Non-protein Signaling
Glutamate-Glu-SLC1A1_GLS2_GRM6	Glutamate	Glu-SLC1A1_GLS2	Grm6					Non-protein Signaling
Glutamate-Glu-SLC1A2_GLS2_GRM6	Glutamate	Glu-SLC1A2_GLS2	Grm6					Non-protein Signaling
Glutamate-Glu-SLC1A3_GLS2_GRM6	Glutamate	Glu-SLC1A3_GLS2	Grm6					Non-protein Signaling
Glutamate-Glu-SLC1A6_GLS2_GRM6	Glutamate	Glu-SLC1A6_GLS2	Grm6					Non-protein Signaling
Glutamate-Glu-SLC1A7_GLS2_GRM6	Glutamate	Glu-SLC1A7_GLS2	Grm6					Non-protein Signaling
Glutamate-Glu-SLC17A6_GLS_GRM7	Glutamate	Glu-SLC17A6_GLS	Grm7					Non-protein Signaling
Glutamate-Glu-SLC17A7_GLS_GRM7	Glutamate	Glu-SLC17A7_GLS	Grm7					Non-protein Signaling
Glutamate-Glu-SLC17A8_GLS_GRM7	Glutamate	Glu-SLC17A8_GLS	Grm7					Non-protein Signaling
Glutamate-Glu-SLC1A1_GLS_GRM7	Glutamate	Glu-SLC1A1_GLS	Grm7					Non-protein Signaling
Glutamate-Glu-SLC1A2_GLS_GRM7	Glutamate	Glu-SLC1A2_GLS	Grm7					Non-protein Signaling
Glutamate-Glu-SLC1A3_GLS_GRM7	Glutamate	Glu-SLC1A3_GLS	Grm7					Non-protein Signaling
Glutamate-Glu-SLC1A6_GLS_GRM7	Glutamate	Glu-SLC1A6_GLS	Grm7					Non-protein Signaling
Glutamate-Glu-SLC1A7_GLS_GRM7	Glutamate	Glu-SLC1A7_GLS	Grm7					Non-protein Signaling
Glutamate-Glu-SLC17A6_GLS2_GRM7	Glutamate	Glu-SLC17A6_GLS2	Grm7					Non-protein Signaling
Glutamate-Glu-SLC17A7_GLS2_GRM7	Glutamate	Glu-SLC17A7_GLS2	Grm7					Non-protein Signaling
Glutamate-Glu-SLC17A8_GLS2_GRM7	Glutamate	Glu-SLC17A8_GLS2	Grm7					Non-protein Signaling
Glutamate-Glu-SLC1A1_GLS2_GRM7	Glutamate	Glu-SLC1A1_GLS2	Grm7					Non-protein Signaling
Glutamate-Glu-SLC1A2_GLS2_GRM7	Glutamate	Glu-SLC1A2_GLS2	Grm7					Non-protein Signaling
Glutamate-Glu-SLC1A3_GLS2_GRM7	Glutamate	Glu-SLC1A3_GLS2	Grm7					Non-protein Signaling
Glutamate-Glu-SLC1A6_GLS2_GRM7	Glutamate	Glu-SLC1A6_GLS2	Grm7					Non-protein Signaling
Glutamate-Glu-SLC1A7_GLS2_GRM7	Glutamate	Glu-SLC1A7_GLS2	Grm7					Non-protein Signaling
Glutamate-Glu-SLC17A6_GLS_GRM8	Glutamate	Glu-SLC17A6_GLS	Grm8					Non-protein Signaling
Glutamate-Glu-SLC17A7_GLS_GRM8	Glutamate	Glu-SLC17A7_GLS	Grm8					Non-protein Signaling
Glutamate-Glu-SLC17A8_GLS_GRM8	Glutamate	Glu-SLC17A8_GLS	Grm8					Non-protein Signaling
Glutamate-Glu-SLC1A1_GLS_GRM8	Glutamate	Glu-SLC1A1_GLS	Grm8					Non-protein Signaling
Glutamate-Glu-SLC1A2_GLS_GRM8	Glutamate	Glu-SLC1A2_GLS	Grm8					Non-protein Signaling
Glutamate-Glu-SLC1A3_GLS_GRM8	Glutamate	Glu-SLC1A3_GLS	Grm8					Non-protein Signaling
Glutamate-Glu-SLC1A6_GLS_GRM8	Glutamate	Glu-SLC1A6_GLS	Grm8					Non-protein Signaling
Glutamate-Glu-SLC1A7_GLS_GRM8	Glutamate	Glu-SLC1A7_GLS	Grm8					Non-protein Signaling
Glutamate-Glu-SLC17A6_GLS2_GRM8	Glutamate	Glu-SLC17A6_GLS2	Grm8					Non-protein Signaling
Glutamate-Glu-SLC17A7_GLS2_GRM8	Glutamate	Glu-SLC17A7_GLS2	Grm8					Non-protein Signaling
Glutamate-Glu-SLC17A8_GLS2_GRM8	Glutamate	Glu-SLC17A8_GLS2	Grm8					Non-protein Signaling
Glutamate-Glu-SLC1A1_GLS2_GRM8	Glutamate	Glu-SLC1A1_GLS2	Grm8					Non-protein Signaling
Glutamate-Glu-SLC1A2_GLS2_GRM8	Glutamate	Glu-SLC1A2_GLS2	Grm8					Non-protein Signaling
Glutamate-Glu-SLC1A3_GLS2_GRM8	Glutamate	Glu-SLC1A3_GLS2	Grm8					Non-protein Signaling
Glutamate-Glu-SLC1A6_GLS2_GRM8	Glutamate	Glu-SLC1A6_GLS2	Grm8					Non-protein Signaling
Glutamate-Glu-SLC1A7_GLS2_GRM8	Glutamate	Glu-SLC1A7_GLS2	Grm8					Non-protein Signaling
Histamine-Hist-HDC_HRH1	Histamine	Hist-HDC	Hrh1					Non-protein Signaling
Histamine-Hist-HDC_HRH2	Histamine	Hist-HDC	Hrh2					Non-protein Signaling
Histamine-Hist-HDC_HRH3	Histamine	Hist-HDC	Hrh3					Non-protein Signaling
Histamine-Hist-HDC_HRH4	Histamine	Hist-HDC	Hrh4					Non-protein Signaling
5-HT-TPH1_SLC18A1_HTR1A	5-HT	5-HT-TPH1_SLC18A1	Htr1a					Non-protein Signaling
5-HT-TPH1_SLC18A2_HTR1A	5-HT	5-HT-TPH1_SLC18A2	Htr1a					Non-protein Signaling
5-HT-TPH1_SLC6A4_HTR1A	5-HT	5-HT-TPH1_SLC6A4	Htr1a					Non-protein Signaling
5-HT-TPH2_SLC18A1_HTR1A	5-HT	5-HT-TPH2_SLC18A1	Htr1a					Non-protein Signaling
5-HT-TPH2_SLC18A2_HTR1A	5-HT	5-HT-TPH2_SLC18A2	Htr1a					Non-protein Signaling
5-HT-TPH2_SLC6A4_HTR1A	5-HT	5-HT-TPH2_SLC6A4	Htr1a					Non-protein Signaling
5-HT-TPH1_SLC18A1_HTR1B	5-HT	5-HT-TPH1_SLC18A1	Htr1b					Non-protein Signaling
5-HT-TPH1_SLC18A2_HTR1B	5-HT	5-HT-TPH1_SLC18A2	Htr1b					Non-protein Signaling
5-HT-TPH1_SLC6A4_HTR1B	5-HT	5-HT-TPH1_SLC6A4	Htr1b					Non-protein Signaling
5-HT-TPH2_SLC18A1_HTR1B	5-HT	5-HT-TPH2_SLC18A1	Htr1b					Non-protein Signaling
5-HT-TPH2_SLC18A2_HTR1B	5-HT	5-HT-TPH2_SLC18A2	Htr1b					Non-protein Signaling
5-HT-TPH2_SLC6A4_HTR1B	5-HT	5-HT-TPH2_SLC6A4	Htr1b					Non-protein Signaling
5-HT-TPH1_SLC18A1_HTR1D	5-HT	5-HT-TPH1_SLC18A1	Htr1d					Non-protein Signaling
5-HT-TPH1_SLC18A2_HTR1D	5-HT	5-HT-TPH1_SLC18A2	Htr1d					Non-protein Signaling
5-HT-TPH1_SLC6A4_HTR1D	5-HT	5-HT-TPH1_SLC6A4	Htr1d					Non-protein Signaling
5-HT-TPH2_SLC18A1_HTR1D	5-HT	5-HT-TPH2_SLC18A1	Htr1d					Non-protein Signaling
5-HT-TPH2_SLC18A2_HTR1D	5-HT	5-HT-TPH2_SLC18A2	Htr1d					Non-protein Signaling
5-HT-TPH2_SLC6A4_HTR1D	5-HT	5-HT-TPH2_SLC6A4	Htr1d					Non-protein Signaling
5-HT-TPH1_SLC18A1_HTR1E	5-HT	5-HT-TPH1_SLC18A1	Htr1e					Non-protein Signaling
5-HT-TPH1_SLC18A2_HTR1E	5-HT	5-HT-TPH1_SLC18A2	Htr1e					Non-protein Signaling
5-HT-TPH1_SLC6A4_HTR1E	5-HT	5-HT-TPH1_SLC6A4	Htr1e					Non-protein Signaling
5-HT-TPH2_SLC18A1_HTR1E	5-HT	5-HT-TPH2_SLC18A1	Htr1e					Non-protein Signaling
5-HT-TPH2_SLC18A2_HTR1E	5-HT	5-HT-TPH2_SLC18A2	Htr1e					Non-protein Signaling
5-HT-TPH2_SLC6A4_HTR1E	5-HT	5-HT-TPH2_SLC6A4	Htr1e					Non-protein Signaling
5-HT-TPH1_SLC18A1_HTR1F	5-HT	5-HT-TPH1_SLC18A1	Htr1f					Non-protein Signaling
5-HT-TPH1_SLC18A2_HTR1F	5-HT	5-HT-TPH1_SLC18A2	Htr1f					Non-protein Signaling
5-HT-TPH1_SLC6A4_HTR1F	5-HT	5-HT-TPH1_SLC6A4	Htr1f					Non-protein Signaling
5-HT-TPH2_SLC18A1_HTR1F	5-HT	5-HT-TPH2_SLC18A1	Htr1f					Non-protein Signaling
5-HT-TPH2_SLC18A2_HTR1F	5-HT	5-HT-TPH2_SLC18A2	Htr1f					Non-protein Signaling
5-HT-TPH2_SLC6A4_HTR1F	5-HT	5-HT-TPH2_SLC6A4	Htr1f					Non-protein Signaling
5-HT-TPH1_SLC18A1_HTR2A	5-HT	5-HT-TPH1_SLC18A1	Htr2a					Non-protein Signaling
5-HT-TPH1_SLC18A2_HTR2A	5-HT	5-HT-TPH1_SLC18A2	Htr2a					Non-protein Signaling
5-HT-TPH1_SLC6A4_HTR2A	5-HT	5-HT-TPH1_SLC6A4	Htr2a					Non-protein Signaling
5-HT-TPH2_SLC18A1_HTR2A	5-HT	5-HT-TPH2_SLC18A1	Htr2a					Non-protein Signaling
5-HT-TPH2_SLC18A2_HTR2A	5-HT	5-HT-TPH2_SLC18A2	Htr2a					Non-protein Signaling
5-HT-TPH2_SLC6A4_HTR2A	5-HT	5-HT-TPH2_SLC6A4	Htr2a					Non-protein Signaling
5-HT-TPH1_SLC18A1_HTR2B	5-HT	5-HT-TPH1_SLC18A1	Htr2b					Non-protein Signaling
5-HT-TPH1_SLC18A2_HTR2B	5-HT	5-HT-TPH1_SLC18A2	Htr2b					Non-protein Signaling
5-HT-TPH1_SLC6A4_HTR2B	5-HT	5-HT-TPH1_SLC6A4	Htr2b					Non-protein Signaling
5-HT-TPH2_SLC18A1_HTR2B	5-HT	5-HT-TPH2_SLC18A1	Htr2b					Non-protein Signaling
5-HT-TPH2_SLC18A2_HTR2B	5-HT	5-HT-TPH2_SLC18A2	Htr2b					Non-protein Signaling
5-HT-TPH2_SLC6A4_HTR2B	5-HT	5-HT-TPH2_SLC6A4	Htr2b					Non-protein Signaling
5-HT-TPH1_SLC18A1_HTR2C	5-HT	5-HT-TPH1_SLC18A1	Htr2c					Non-protein Signaling
5-HT-TPH1_SLC18A2_HTR2C	5-HT	5-HT-TPH1_SLC18A2	Htr2c					Non-protein Signaling
5-HT-TPH1_SLC6A4_HTR2C	5-HT	5-HT-TPH1_SLC6A4	Htr2c					Non-protein Signaling
5-HT-TPH2_SLC18A1_HTR2C	5-HT	5-HT-TPH2_SLC18A1	Htr2c					Non-protein Signaling
5-HT-TPH2_SLC18A2_HTR2C	5-HT	5-HT-TPH2_SLC18A2	Htr2c					Non-protein Signaling
5-HT-TPH2_SLC6A4_HTR2C	5-HT	5-HT-TPH2_SLC6A4	Htr2c					Non-protein Signaling
5-HT-TPH1_SLC18A1_HTR4	5-HT	5-HT-TPH1_SLC18A1	Htr4					Non-protein Signaling
5-HT-TPH1_SLC18A2_HTR4	5-HT	5-HT-TPH1_SLC18A2	Htr4					Non-protein Signaling
5-HT-TPH1_SLC6A4_HTR4	5-HT	5-HT-TPH1_SLC6A4	Htr4					Non-protein Signaling
5-HT-TPH2_SLC18A1_HTR4	5-HT	5-HT-TPH2_SLC18A1	Htr4					Non-protein Signaling
5-HT-TPH2_SLC18A2_HTR4	5-HT	5-HT-TPH2_SLC18A2	Htr4					Non-protein Signaling
5-HT-TPH2_SLC6A4_HTR4	5-HT	5-HT-TPH2_SLC6A4	Htr4					Non-protein Signaling
5-HT-TPH1_SLC18A1_HTR5A	5-HT	5-HT-TPH1_SLC18A1	Htr5a					Non-protein Signaling
5-HT-TPH1_SLC18A2_HTR5A	5-HT	5-HT-TPH1_SLC18A2	Htr5a					Non-protein Signaling
5-HT-TPH1_SLC6A4_HTR5A	5-HT	5-HT-TPH1_SLC6A4	Htr5a					Non-protein Signaling
5-HT-TPH2_SLC18A1_HTR5A	5-HT	5-HT-TPH2_SLC18A1	Htr5a					Non-protein Signaling
5-HT-TPH2_SLC18A2_HTR5A	5-HT	5-HT-TPH2_SLC18A2	Htr5a					Non-protein Signaling
5-HT-TPH2_SLC6A4_HTR5A	5-HT	5-HT-TPH2_SLC6A4	Htr5a					Non-protein Signaling
5-HT-TPH1_SLC18A1_HTR6	5-HT	5-HT-TPH1_SLC18A1	Htr6					Non-protein Signaling
5-HT-TPH1_SLC18A2_HTR6	5-HT	5-HT-TPH1_SLC18A2	Htr6					Non-protein Signaling
5-HT-TPH1_SLC6A4_HTR6	5-HT	5-HT-TPH1_SLC6A4	Htr6					Non-protein Signaling
5-HT-TPH2_SLC18A1_HTR6	5-HT	5-HT-TPH2_SLC18A1	Htr6					Non-protein Signaling
5-HT-TPH2_SLC18A2_HTR6	5-HT	5-HT-TPH2_SLC18A2	Htr6					Non-protein Signaling
5-HT-TPH2_SLC6A4_HTR6	5-HT	5-HT-TPH2_SLC6A4	Htr6					Non-protein Signaling
5-HT-TPH1_SLC18A1_HTR7	5-HT	5-HT-TPH1_SLC18A1	Htr7					Non-protein Signaling
5-HT-TPH1_SLC18A2_HTR7	5-HT	5-HT-TPH1_SLC18A2	Htr7					Non-protein Signaling
5-HT-TPH1_SLC6A4_HTR7	5-HT	5-HT-TPH1_SLC6A4	Htr7					Non-protein Signaling
5-HT-TPH2_SLC18A1_HTR7	5-HT	5-HT-TPH2_SLC18A1	Htr7					Non-protein Signaling
5-HT-TPH2_SLC18A2_HTR7	5-HT	5-HT-TPH2_SLC18A2	Htr7					Non-protein Signaling
5-HT-TPH2_SLC6A4_HTR7	5-HT	5-HT-TPH2_SLC6A4	Htr7					Non-protein Signaling
LTB4-LTA4H_LTB4R1	CysLTs	LTB4-LTA4H	Ltb4r1					Non-protein Signaling
LTB4-LTA4H_LTB4R2	CysLTs	LTB4-LTA4H	Ltb4r2					Non-protein Signaling
b-Endorphin-POMC_OPRD1	OPIOID	b-Endorphin-POMC	Oprd1					Non-protein Signaling
b-Endorphin-POMC_OPRM1	OPIOID	b-Endorphin-POMC	Oprm1					Non-protein Signaling
b-Endorphin-POMC_OPRK1	OPIOID	b-Endorphin-POMC	Oprk1					Non-protein Signaling
PNOC_OPRL1	OPIOID	Pnoc	Oprl1					Non-protein Signaling
PGD2-PTGDS_PTGDR	Prostaglandin	PGD2-PTGDS	Ptgdr					Non-protein Signaling
PGD2-PTGDS_PTGDR2	Prostaglandin	PGD2-PTGDS	Ptgdr2					Non-protein Signaling
PGE2-PTGES_PTGER1	Prostaglandin	PGE2-PTGES	Ptger1					Non-protein Signaling
PGE2-PTGES2_PTGER1	Prostaglandin	PGE2-PTGES2	Ptger1					Non-protein Signaling
PGE2-PTGES3_PTGER1	Prostaglandin	PGE2-PTGES3	Ptger1					Non-protein Signaling
PGE2-PTGES_PTGER2	Prostaglandin	PGE2-PTGES	Ptger2					Non-protein Signaling
PGE2-PTGES2_PTGER2	Prostaglandin	PGE2-PTGES2	Ptger2					Non-protein Signaling
PGE2-PTGES3_PTGER2	Prostaglandin	PGE2-PTGES3	Ptger2					Non-protein Signaling
PGE2-PTGES_PTGER3	Prostaglandin	PGE2-PTGES	Ptger3					Non-protein Signaling
PGE2-PTGES2_PTGER3	Prostaglandin	PGE2-PTGES2	Ptger3					Non-protein Signaling
PGE2-PTGES3_PTGER3	Prostaglandin	PGE2-PTGES3	Ptger3					Non-protein Signaling
PGE2-PTGES_PTGER4	Prostaglandin	PGE2-PTGES	Ptger4					Non-protein Signaling
PGE2-PTGES2_PTGER4	Prostaglandin	PGE2-PTGES2	Ptger4					Non-protein Signaling
PGE2-PTGES3_PTGER4	Prostaglandin	PGE2-PTGES3	Ptger4					Non-protein Signaling
PGF2a-AKR1C3_PTGFR	Prostaglandin	PGD2-AKR1C3	Ptgfr					Non-protein Signaling
PGF2a-CBR1_PTGFR	Prostaglandin	PGF2a-CBR1	Ptgfr					Non-protein Signaling
PGF2a-PRXL2B_PTGFR	Prostaglandin	PGF2a-PRXL2B	Ptgfr					Non-protein Signaling
PGI2-PTGIS_PTGIR	Prostaglandin	PGI2-PTGIS	Ptgir					Non-protein Signaling
Prostaglandin-TXA2-TBXAS1-TBXA2R	Prostaglandin	TXA2-TBXAS1	Tbxa2r					Non-protein Signaling
Glutamate-Glu-SLC17A6_GLS_GRIK1_GRIK4	Glutamate	Glu-SLC17A6_GLS	GRIK1_GRIK4					Non-protein Signaling
Glutamate-Glu-SLC17A6_GLS_GRIK2_GRIK4	Glutamate	Glu-SLC17A6_GLS	GRIK2_GRIK4					Non-protein Signaling
Glutamate-Glu-SLC17A6_GLS_GRIK3_GRIK4	Glutamate	Glu-SLC17A6_GLS	GRIK3_GRIK4					Non-protein Signaling
Glutamate-Glu-SLC17A6_GLS_GRIK1_GRIK5	Glutamate	Glu-SLC17A6_GLS	GRIK1_GRIK5					Non-protein Signaling
Glutamate-Glu-SLC17A6_GLS_GRIK2_GRIK5	Glutamate	Glu-SLC17A6_GLS	GRIK2_GRIK5					Non-protein Signaling
Glutamate-Glu-SLC17A6_GLS_GRIK3_GRIK5	Glutamate	Glu-SLC17A6_GLS	GRIK3_GRIK5					Non-protein Signaling
Glutamate-Glu-SLC17A6_GLS_GRIN1_GRIN2A	Glutamate	Glu-SLC17A6_GLS	GRIN1_GRIN2A					Non-protein Signaling
Glutamate-Glu-SLC17A6_GLS_GRIN1_GRIN2B	Glutamate	Glu-SLC17A6_GLS	GRIN1_GRIN2B					Non-protein Signaling
Glutamate-Glu-SLC17A6_GLS_GRIN1_GRIN2C	Glutamate	Glu-SLC17A6_GLS	GRIN1_GRIN2C					Non-protein Signaling
Glutamate-Glu-SLC17A6_GLS_GRIN1_GRIN2D	Glutamate	Glu-SLC17A6_GLS	GRIN1_GRIN2D					Non-protein Signaling
Glutamate-Glu-SLC17A7_GLS_GRIK1_GRIK4	Glutamate	Glu-SLC17A7_GLS	GRIK1_GRIK4					Non-protein Signaling
Glutamate-Glu-SLC17A7_GLS_GRIK2_GRIK4	Glutamate	Glu-SLC17A7_GLS	GRIK2_GRIK4					Non-protein Signaling
Glutamate-Glu-SLC17A7_GLS_GRIK3_GRIK4	Glutamate	Glu-SLC17A7_GLS	GRIK3_GRIK4					Non-protein Signaling
Glutamate-Glu-SLC17A7_GLS_GRIK1_GRIK5	Glutamate	Glu-SLC17A7_GLS	GRIK1_GRIK5					Non-protein Signaling
Glutamate-Glu-SLC17A7_GLS_GRIK2_GRIK5	Glutamate	Glu-SLC17A7_GLS	GRIK2_GRIK5					Non-protein Signaling
Glutamate-Glu-SLC17A7_GLS_GRIK3_GRIK5	Glutamate	Glu-SLC17A7_GLS	GRIK3_GRIK5					Non-protein Signaling
Glutamate-Glu-SLC17A7_GLS_GRIN1_GRIN2A	Glutamate	Glu-SLC17A7_GLS	GRIN1_GRIN2A					Non-protein Signaling
Glutamate-Glu-SLC17A7_GLS_GRIN1_GRIN2B	Glutamate	Glu-SLC17A7_GLS	GRIN1_GRIN2B					Non-protein Signaling
Glutamate-Glu-SLC17A7_GLS_GRIN1_GRIN2C	Glutamate	Glu-SLC17A7_GLS	GRIN1_GRIN2C					Non-protein Signaling
Glutamate-Glu-SLC17A7_GLS_GRIN1_GRIN2D	Glutamate	Glu-SLC17A7_GLS	GRIN1_GRIN2D					Non-protein Signaling
Glutamate-Glu-SLC17A8_GLS_GRIK1_GRIK4	Glutamate	Glu-SLC17A8_GLS	GRIK1_GRIK4					Non-protein Signaling
Glutamate-Glu-SLC17A8_GLS_GRIK2_GRIK4	Glutamate	Glu-SLC17A8_GLS	GRIK2_GRIK4					Non-protein Signaling
Glutamate-Glu-SLC17A8_GLS_GRIK3_GRIK4	Glutamate	Glu-SLC17A8_GLS	GRIK3_GRIK4					Non-protein Signaling
Glutamate-Glu-SLC17A8_GLS_GRIK1_GRIK5	Glutamate	Glu-SLC17A8_GLS	GRIK1_GRIK5					Non-protein Signaling
Glutamate-Glu-SLC17A8_GLS_GRIK2_GRIK5	Glutamate	Glu-SLC17A8_GLS	GRIK2_GRIK5					Non-protein Signaling
Glutamate-Glu-SLC17A8_GLS_GRIK3_GRIK5	Glutamate	Glu-SLC17A8_GLS	GRIK3_GRIK5					Non-protein Signaling
Glutamate-Glu-SLC17A8_GLS_GRIN1_GRIN2A	Glutamate	Glu-SLC17A8_GLS	GRIN1_GRIN2A					Non-protein Signaling
Glutamate-Glu-SLC17A8_GLS_GRIN1_GRIN2B	Glutamate	Glu-SLC17A8_GLS	GRIN1_GRIN2B					Non-protein Signaling
Glutamate-Glu-SLC17A8_GLS_GRIN1_GRIN2C	Glutamate	Glu-SLC17A8_GLS	GRIN1_GRIN2C					Non-protein Signaling
Glutamate-Glu-SLC17A8_GLS_GRIN1_GRIN2D	Glutamate	Glu-SLC17A8_GLS	GRIN1_GRIN2D					Non-protein Signaling
Glutamate-Glu-SLC1A1_GLS_GRIK1_GRIK4	Glutamate	Glu-SLC1A1_GLS	GRIK1_GRIK4					Non-protein Signaling
Glutamate-Glu-SLC1A1_GLS_GRIK2_GRIK4	Glutamate	Glu-SLC1A1_GLS	GRIK2_GRIK4					Non-protein Signaling
Glutamate-Glu-SLC1A1_GLS_GRIK3_GRIK4	Glutamate	Glu-SLC1A1_GLS	GRIK3_GRIK4					Non-protein Signaling
Glutamate-Glu-SLC1A1_GLS_GRIK1_GRIK5	Glutamate	Glu-SLC1A1_GLS	GRIK1_GRIK5					Non-protein Signaling
Glutamate-Glu-SLC1A1_GLS_GRIK2_GRIK5	Glutamate	Glu-SLC1A1_GLS	GRIK2_GRIK5					Non-protein Signaling
Glutamate-Glu-SLC1A1_GLS_GRIK3_GRIK5	Glutamate	Glu-SLC1A1_GLS	GRIK3_GRIK5					Non-protein Signaling
Glutamate-Glu-SLC1A1_GLS_GRIN1_GRIN2A	Glutamate	Glu-SLC1A1_GLS	GRIN1_GRIN2A					Non-protein Signaling
Glutamate-Glu-SLC1A1_GLS_GRIN1_GRIN2B	Glutamate	Glu-SLC1A1_GLS	GRIN1_GRIN2B					Non-protein Signaling
Glutamate-Glu-SLC1A1_GLS_GRIN1_GRIN2C	Glutamate	Glu-SLC1A1_GLS	GRIN1_GRIN2C					Non-protein Signaling
Glutamate-Glu-SLC1A1_GLS_GRIN1_GRIN2D	Glutamate	Glu-SLC1A1_GLS	GRIN1_GRIN2D					Non-protein Signaling
Glutamate-Glu-SLC1A2_GLS_GRIK1_GRIK4	Glutamate	Glu-SLC1A2_GLS	GRIK1_GRIK4					Non-protein Signaling
Glutamate-Glu-SLC1A2_GLS_GRIK2_GRIK4	Glutamate	Glu-SLC1A2_GLS	GRIK2_GRIK4					Non-protein Signaling
Glutamate-Glu-SLC1A2_GLS_GRIK3_GRIK4	Glutamate	Glu-SLC1A2_GLS	GRIK3_GRIK4					Non-protein Signaling
Glutamate-Glu-SLC1A2_GLS_GRIK1_GRIK5	Glutamate	Glu-SLC1A2_GLS	GRIK1_GRIK5					Non-protein Signaling
Glutamate-Glu-SLC1A2_GLS_GRIK2_GRIK5	Glutamate	Glu-SLC1A2_GLS	GRIK2_GRIK5					Non-protein Signaling
Glutamate-Glu-SLC1A2_GLS_GRIK3_GRIK5	Glutamate	Glu-SLC1A2_GLS	GRIK3_GRIK5					Non-protein Signaling
Glutamate-Glu-SLC1A2_GLS_GRIN1_GRIN2A	Glutamate	Glu-SLC1A2_GLS	GRIN1_GRIN2A					Non-protein Signaling
Glutamate-Glu-SLC1A2_GLS_GRIN1_GRIN2B	Glutamate	Glu-SLC1A2_GLS	GRIN1_GRIN2B					Non-protein Signaling
Glutamate-Glu-SLC1A2_GLS_GRIN1_GRIN2C	Glutamate	Glu-SLC1A2_GLS	GRIN1_GRIN2C					Non-protein Signaling
Glutamate-Glu-SLC1A2_GLS_GRIN1_GRIN2D	Glutamate	Glu-SLC1A2_GLS	GRIN1_GRIN2D					Non-protein Signaling
Glutamate-Glu-SLC1A3_GLS_GRIK1_GRIK4	Glutamate	Glu-SLC1A3_GLS	GRIK1_GRIK4					Non-protein Signaling
Glutamate-Glu-SLC1A3_GLS_GRIK2_GRIK4	Glutamate	Glu-SLC1A3_GLS	GRIK2_GRIK4					Non-protein Signaling
Glutamate-Glu-SLC1A3_GLS_GRIK3_GRIK4	Glutamate	Glu-SLC1A3_GLS	GRIK3_GRIK4					Non-protein Signaling
Glutamate-Glu-SLC1A3_GLS_GRIK1_GRIK5	Glutamate	Glu-SLC1A3_GLS	GRIK1_GRIK5					Non-protein Signaling
Glutamate-Glu-SLC1A3_GLS_GRIK2_GRIK5	Glutamate	Glu-SLC1A3_GLS	GRIK2_GRIK5					Non-protein Signaling
Glutamate-Glu-SLC1A3_GLS_GRIK3_GRIK5	Glutamate	Glu-SLC1A3_GLS	GRIK3_GRIK5					Non-protein Signaling
Glutamate-Glu-SLC1A3_GLS_GRIN1_GRIN2A	Glutamate	Glu-SLC1A3_GLS	GRIN1_GRIN2A					Non-protein Signaling
Glutamate-Glu-SLC1A3_GLS_GRIN1_GRIN2B	Glutamate	Glu-SLC1A3_GLS	GRIN1_GRIN2B					Non-protein Signaling
Glutamate-Glu-SLC1A3_GLS_GRIN1_GRIN2C	Glutamate	Glu-SLC1A3_GLS	GRIN1_GRIN2C					Non-protein Signaling
Glutamate-Glu-SLC1A3_GLS_GRIN1_GRIN2D	Glutamate	Glu-SLC1A3_GLS	GRIN1_GRIN2D					Non-protein Signaling
Glutamate-Glu-SLC1A6_GLS_GRIK1_GRIK4	Glutamate	Glu-SLC1A6_GLS	GRIK1_GRIK4					Non-protein Signaling
Glutamate-Glu-SLC1A6_GLS_GRIK2_GRIK4	Glutamate	Glu-SLC1A6_GLS	GRIK2_GRIK4					Non-protein Signaling
Glutamate-Glu-SLC1A6_GLS_GRIK3_GRIK4	Glutamate	Glu-SLC1A6_GLS	GRIK3_GRIK4					Non-protein Signaling
Glutamate-Glu-SLC1A6_GLS_GRIK1_GRIK5	Glutamate	Glu-SLC1A6_GLS	GRIK1_GRIK5					Non-protein Signaling
Glutamate-Glu-SLC1A6_GLS_GRIK2_GRIK5	Glutamate	Glu-SLC1A6_GLS	GRIK2_GRIK5					Non-protein Signaling
Glutamate-Glu-SLC1A6_GLS_GRIK3_GRIK5	Glutamate	Glu-SLC1A6_GLS	GRIK3_GRIK5					Non-protein Signaling
Glutamate-Glu-SLC1A6_GLS_GRIN1_GRIN2A	Glutamate	Glu-SLC1A6_GLS	GRIN1_GRIN2A					Non-protein Signaling
Glutamate-Glu-SLC1A6_GLS_GRIN1_GRIN2B	Glutamate	Glu-SLC1A6_GLS	GRIN1_GRIN2B					Non-protein Signaling
Glutamate-Glu-SLC1A6_GLS_GRIN1_GRIN2C	Glutamate	Glu-SLC1A6_GLS	GRIN1_GRIN2C					Non-protein Signaling
Glutamate-Glu-SLC1A6_GLS_GRIN1_GRIN2D	Glutamate	Glu-SLC1A6_GLS	GRIN1_GRIN2D					Non-protein Signaling
Glutamate-Glu-SLC1A7_GLS_GRIK1_GRIK4	Glutamate	Glu-SLC1A7_GLS	GRIK1_GRIK4					Non-protein Signaling
Glutamate-Glu-SLC1A7_GLS_GRIK2_GRIK4	Glutamate	Glu-SLC1A7_GLS	GRIK2_GRIK4					Non-protein Signaling
Glutamate-Glu-SLC1A7_GLS_GRIK3_GRIK4	Glutamate	Glu-SLC1A7_GLS	GRIK3_GRIK4					Non-protein Signaling
Glutamate-Glu-SLC1A7_GLS_GRIK1_GRIK5	Glutamate	Glu-SLC1A7_GLS	GRIK1_GRIK5					Non-protein Signaling
Glutamate-Glu-SLC1A7_GLS_GRIK2_GRIK5	Glutamate	Glu-SLC1A7_GLS	GRIK2_GRIK5					Non-protein Signaling
Glutamate-Glu-SLC1A7_GLS_GRIK3_GRIK5	Glutamate	Glu-SLC1A7_GLS	GRIK3_GRIK5					Non-protein Signaling
Glutamate-Glu-SLC1A7_GLS_GRIN1_GRIN2A	Glutamate	Glu-SLC1A7_GLS	GRIN1_GRIN2A					Non-protein Signaling
Glutamate-Glu-SLC1A7_GLS_GRIN1_GRIN2B	Glutamate	Glu-SLC1A7_GLS	GRIN1_GRIN2B					Non-protein Signaling
Glutamate-Glu-SLC1A7_GLS_GRIN1_GRIN2C	Glutamate	Glu-SLC1A7_GLS	GRIN1_GRIN2C					Non-protein Signaling
Glutamate-Glu-SLC1A7_GLS_GRIN1_GRIN2D	Glutamate	Glu-SLC1A7_GLS	GRIN1_GRIN2D					Non-protein Signaling
Glutamate-Glu-SLC17A6_GLS2_GRIK1_GRIK4	Glutamate	Glu-SLC17A6_GLS2	GRIK1_GRIK4					Non-protein Signaling
Glutamate-Glu-SLC17A6_GLS2_GRIK2_GRIK4	Glutamate	Glu-SLC17A6_GLS2	GRIK2_GRIK4					Non-protein Signaling
Glutamate-Glu-SLC17A6_GLS2_GRIK3_GRIK4	Glutamate	Glu-SLC17A6_GLS2	GRIK3_GRIK4					Non-protein Signaling
Glutamate-Glu-SLC17A6_GLS2_GRIK1_GRIK5	Glutamate	Glu-SLC17A6_GLS2	GRIK1_GRIK5					Non-protein Signaling
Glutamate-Glu-SLC17A6_GLS2_GRIK2_GRIK5	Glutamate	Glu-SLC17A6_GLS2	GRIK2_GRIK5					Non-protein Signaling
Glutamate-Glu-SLC17A6_GLS2_GRIK3_GRIK5	Glutamate	Glu-SLC17A6_GLS2	GRIK3_GRIK5					Non-protein Signaling
Glutamate-Glu-SLC17A6_GLS2_GRIN1_GRIN2A	Glutamate	Glu-SLC17A6_GLS2	GRIN1_GRIN2A					Non-protein Signaling
Glutamate-Glu-SLC17A6_GLS2_GRIN1_GRIN2B	Glutamate	Glu-SLC17A6_GLS2	GRIN1_GRIN2B					Non-protein Signaling
Glutamate-Glu-SLC17A6_GLS2_GRIN1_GRIN2C	Glutamate	Glu-SLC17A6_GLS2	GRIN1_GRIN2C					Non-protein Signaling
Glutamate-Glu-SLC17A6_GLS2_GRIN1_GRIN2D	Glutamate	Glu-SLC17A6_GLS2	GRIN1_GRIN2D					Non-protein Signaling
Glutamate-Glu-SLC17A7_GLS2_GRIK1_GRIK4	Glutamate	Glu-SLC17A7_GLS2	GRIK1_GRIK4					Non-protein Signaling
Glutamate-Glu-SLC17A7_GLS2_GRIK2_GRIK4	Glutamate	Glu-SLC17A7_GLS2	GRIK2_GRIK4					Non-protein Signaling
Glutamate-Glu-SLC17A7_GLS2_GRIK3_GRIK4	Glutamate	Glu-SLC17A7_GLS2	GRIK3_GRIK4					Non-protein Signaling
Glutamate-Glu-SLC17A7_GLS2_GRIK1_GRIK5	Glutamate	Glu-SLC17A7_GLS2	GRIK1_GRIK5					Non-protein Signaling
Glutamate-Glu-SLC17A7_GLS2_GRIK2_GRIK5	Glutamate	Glu-SLC17A7_GLS2	GRIK2_GRIK5					Non-protein Signaling
Glutamate-Glu-SLC17A7_GLS2_GRIK3_GRIK5	Glutamate	Glu-SLC17A7_GLS2	GRIK3_GRIK5					Non-protein Signaling
Glutamate-Glu-SLC17A7_GLS2_GRIN1_GRIN2A	Glutamate	Glu-SLC17A7_GLS2	GRIN1_GRIN2A					Non-protein Signaling
Glutamate-Glu-SLC17A7_GLS2_GRIN1_GRIN2B	Glutamate	Glu-SLC17A7_GLS2	GRIN1_GRIN2B					Non-protein Signaling
Glutamate-Glu-SLC17A7_GLS2_GRIN1_GRIN2C	Glutamate	Glu-SLC17A7_GLS2	GRIN1_GRIN2C					Non-protein Signaling
Glutamate-Glu-SLC17A7_GLS2_GRIN1_GRIN2D	Glutamate	Glu-SLC17A7_GLS2	GRIN1_GRIN2D					Non-protein Signaling
Glutamate-Glu-SLC17A8_GLS2_GRIK1_GRIK4	Glutamate	Glu-SLC17A8_GLS2	GRIK1_GRIK4					Non-protein Signaling
Glutamate-Glu-SLC17A8_GLS2_GRIK2_GRIK4	Glutamate	Glu-SLC17A8_GLS2	GRIK2_GRIK4					Non-protein Signaling
Glutamate-Glu-SLC17A8_GLS2_GRIK3_GRIK4	Glutamate	Glu-SLC17A8_GLS2	GRIK3_GRIK4					Non-protein Signaling
Glutamate-Glu-SLC17A8_GLS2_GRIK1_GRIK5	Glutamate	Glu-SLC17A8_GLS2	GRIK1_GRIK5					Non-protein Signaling
Glutamate-Glu-SLC17A8_GLS2_GRIK2_GRIK5	Glutamate	Glu-SLC17A8_GLS2	GRIK2_GRIK5					Non-protein Signaling
Glutamate-Glu-SLC17A8_GLS2_GRIK3_GRIK5	Glutamate	Glu-SLC17A8_GLS2	GRIK3_GRIK5					Non-protein Signaling
Glutamate-Glu-SLC17A8_GLS2_GRIN1_GRIN2A	Glutamate	Glu-SLC17A8_GLS2	GRIN1_GRIN2A					Non-protein Signaling
Glutamate-Glu-SLC17A8_GLS2_GRIN1_GRIN2B	Glutamate	Glu-SLC17A8_GLS2	GRIN1_GRIN2B					Non-protein Signaling
Glutamate-Glu-SLC17A8_GLS2_GRIN1_GRIN2C	Glutamate	Glu-SLC17A8_GLS2	GRIN1_GRIN2C					Non-protein Signaling
Glutamate-Glu-SLC17A8_GLS2_GRIN1_GRIN2D	Glutamate	Glu-SLC17A8_GLS2	GRIN1_GRIN2D					Non-protein Signaling
Glutamate-Glu-SLC1A1_GLS2_GRIK1_GRIK4	Glutamate	Glu-SLC1A1_GLS2	GRIK1_GRIK4					Non-protein Signaling
Glutamate-Glu-SLC1A1_GLS2_GRIK2_GRIK4	Glutamate	Glu-SLC1A1_GLS2	GRIK2_GRIK4					Non-protein Signaling
Glutamate-Glu-SLC1A1_GLS2_GRIK3_GRIK4	Glutamate	Glu-SLC1A1_GLS2	GRIK3_GRIK4					Non-protein Signaling
Glutamate-Glu-SLC1A1_GLS2_GRIK1_GRIK5	Glutamate	Glu-SLC1A1_GLS2	GRIK1_GRIK5					Non-protein Signaling
Glutamate-Glu-SLC1A1_GLS2_GRIK2_GRIK5	Glutamate	Glu-SLC1A1_GLS2	GRIK2_GRIK5					Non-protein Signaling
Glutamate-Glu-SLC1A1_GLS2_GRIK3_GRIK5	Glutamate	Glu-SLC1A1_GLS2	GRIK3_GRIK5					Non-protein Signaling
Glutamate-Glu-SLC1A1_GLS2_GRIN1_GRIN2A	Glutamate	Glu-SLC1A1_GLS2	GRIN1_GRIN2A					Non-protein Signaling
Glutamate-Glu-SLC1A1_GLS2_GRIN1_GRIN2B	Glutamate	Glu-SLC1A1_GLS2	GRIN1_GRIN2B					Non-protein Signaling
Glutamate-Glu-SLC1A1_GLS2_GRIN1_GRIN2C	Glutamate	Glu-SLC1A1_GLS2	GRIN1_GRIN2C					Non-protein Signaling
Glutamate-Glu-SLC1A1_GLS2_GRIN1_GRIN2D	Glutamate	Glu-SLC1A1_GLS2	GRIN1_GRIN2D					Non-protein Signaling
Glutamate-Glu-SLC1A2_GLS2_GRIK1_GRIK4	Glutamate	Glu-SLC1A2_GLS2	GRIK1_GRIK4					Non-protein Signaling
Glutamate-Glu-SLC1A2_GLS2_GRIK2_GRIK4	Glutamate	Glu-SLC1A2_GLS2	GRIK2_GRIK4					Non-protein Signaling
Glutamate-Glu-SLC1A2_GLS2_GRIK3_GRIK4	Glutamate	Glu-SLC1A2_GLS2	GRIK3_GRIK4					Non-protein Signaling
Glutamate-Glu-SLC1A2_GLS2_GRIK1_GRIK5	Glutamate	Glu-SLC1A2_GLS2	GRIK1_GRIK5					Non-protein Signaling
Glutamate-Glu-SLC1A2_GLS2_GRIK2_GRIK5	Glutamate	Glu-SLC1A2_GLS2	GRIK2_GRIK5					Non-protein Signaling
Glutamate-Glu-SLC1A2_GLS2_GRIK3_GRIK5	Glutamate	Glu-SLC1A2_GLS2	GRIK3_GRIK5					Non-protein Signaling
Glutamate-Glu-SLC1A2_GLS2_GRIN1_GRIN2A	Glutamate	Glu-SLC1A2_GLS2	GRIN1_GRIN2A					Non-protein Signaling
Glutamate-Glu-SLC1A2_GLS2_GRIN1_GRIN2B	Glutamate	Glu-SLC1A2_GLS2	GRIN1_GRIN2B					Non-protein Signaling
Glutamate-Glu-SLC1A2_GLS2_GRIN1_GRIN2C	Glutamate	Glu-SLC1A2_GLS2	GRIN1_GRIN2C					Non-protein Signaling
Glutamate-Glu-SLC1A2_GLS2_GRIN1_GRIN2D	Glutamate	Glu-SLC1A2_GLS2	GRIN1_GRIN2D					Non-protein Signaling
Glutamate-Glu-SLC1A3_GLS2_GRIK1_GRIK4	Glutamate	Glu-SLC1A3_GLS2	GRIK1_GRIK4					Non-protein Signaling
Glutamate-Glu-SLC1A3_GLS2_GRIK2_GRIK4	Glutamate	Glu-SLC1A3_GLS2	GRIK2_GRIK4					Non-protein Signaling
Glutamate-Glu-SLC1A3_GLS2_GRIK3_GRIK4	Glutamate	Glu-SLC1A3_GLS2	GRIK3_GRIK4					Non-protein Signaling
Glutamate-Glu-SLC1A3_GLS2_GRIK1_GRIK5	Glutamate	Glu-SLC1A3_GLS2	GRIK1_GRIK5					Non-protein Signaling
Glutamate-Glu-SLC1A3_GLS2_GRIK2_GRIK5	Glutamate	Glu-SLC1A3_GLS2	GRIK2_GRIK5					Non-protein Signaling
Glutamate-Glu-SLC1A3_GLS2_GRIK3_GRIK5	Glutamate	Glu-SLC1A3_GLS2	GRIK3_GRIK5					Non-protein Signaling
Glutamate-Glu-SLC1A3_GLS2_GRIN1_GRIN2A	Glutamate	Glu-SLC1A3_GLS2	GRIN1_GRIN2A					Non-protein Signaling
Glutamate-Glu-SLC1A3_GLS2_GRIN1_GRIN2B	Glutamate	Glu-SLC1A3_GLS2	GRIN1_GRIN2B					Non-protein Signaling
Glutamate-Glu-SLC1A3_GLS2_GRIN1_GRIN2C	Glutamate	Glu-SLC1A3_GLS2	GRIN1_GRIN2C					Non-protein Signaling
Glutamate-Glu-SLC1A3_GLS2_GRIN1_GRIN2D	Glutamate	Glu-SLC1A3_GLS2	GRIN1_GRIN2D					Non-protein Signaling
Glutamate-Glu-SLC1A6_GLS2_GRIK1_GRIK4	Glutamate	Glu-SLC1A6_GLS2	GRIK1_GRIK4					Non-protein Signaling
Glutamate-Glu-SLC1A6_GLS2_GRIK2_GRIK4	Glutamate	Glu-SLC1A6_GLS2	GRIK2_GRIK4					Non-protein Signaling
Glutamate-Glu-SLC1A6_GLS2_GRIK3_GRIK4	Glutamate	Glu-SLC1A6_GLS2	GRIK3_GRIK4					Non-protein Signaling
Glutamate-Glu-SLC1A6_GLS2_GRIK1_GRIK5	Glutamate	Glu-SLC1A6_GLS2	GRIK1_GRIK5					Non-protein Signaling
Glutamate-Glu-SLC1A6_GLS2_GRIK2_GRIK5	Glutamate	Glu-SLC1A6_GLS2	GRIK2_GRIK5					Non-protein Signaling
Glutamate-Glu-SLC1A6_GLS2_GRIK3_GRIK5	Glutamate	Glu-SLC1A6_GLS2	GRIK3_GRIK5					Non-protein Signaling
Glutamate-Glu-SLC1A6_GLS2_GRIN1_GRIN2A	Glutamate	Glu-SLC1A6_GLS2	GRIN1_GRIN2A					Non-protein Signaling
Glutamate-Glu-SLC1A6_GLS2_GRIN1_GRIN2B	Glutamate	Glu-SLC1A6_GLS2	GRIN1_GRIN2B					Non-protein Signaling
Glutamate-Glu-SLC1A6_GLS2_GRIN1_GRIN2C	Glutamate	Glu-SLC1A6_GLS2	GRIN1_GRIN2C					Non-protein Signaling
Glutamate-Glu-SLC1A6_GLS2_GRIN1_GRIN2D	Glutamate	Glu-SLC1A6_GLS2	GRIN1_GRIN2D					Non-protein Signaling
Glutamate-Glu-SLC1A7_GLS2_GRIK1_GRIK4	Glutamate	Glu-SLC1A7_GLS2	GRIK1_GRIK4					Non-protein Signaling
Glutamate-Glu-SLC1A7_GLS2_GRIK2_GRIK4	Glutamate	Glu-SLC1A7_GLS2	GRIK2_GRIK4					Non-protein Signaling
Glutamate-Glu-SLC1A7_GLS2_GRIK3_GRIK4	Glutamate	Glu-SLC1A7_GLS2	GRIK3_GRIK4					Non-protein Signaling
Glutamate-Glu-SLC1A7_GLS2_GRIK1_GRIK5	Glutamate	Glu-SLC1A7_GLS2	GRIK1_GRIK5					Non-protein Signaling
Glutamate-Glu-SLC1A7_GLS2_GRIK2_GRIK5	Glutamate	Glu-SLC1A7_GLS2	GRIK2_GRIK5					Non-protein Signaling
Glutamate-Glu-SLC1A7_GLS2_GRIK3_GRIK5	Glutamate	Glu-SLC1A7_GLS2	GRIK3_GRIK5					Non-protein Signaling
Glutamate-Glu-SLC1A7_GLS2_GRIN1_GRIN2A	Glutamate	Glu-SLC1A7_GLS2	GRIN1_GRIN2A					Non-protein Signaling
Glutamate-Glu-SLC1A7_GLS2_GRIN1_GRIN2B	Glutamate	Glu-SLC1A7_GLS2	GRIN1_GRIN2B					Non-protein Signaling
Glutamate-Glu-SLC1A7_GLS2_GRIN1_GRIN2C	Glutamate	Glu-SLC1A7_GLS2	GRIN1_GRIN2C					Non-protein Signaling
Glutamate-Glu-SLC1A7_GLS2_GRIN1_GRIN2D	Glutamate	Glu-SLC1A7_GLS2	GRIN1_GRIN2D					Non-protein Signaling
12oxoLeukotrieneB4-12oxoLTB4-PTGR1_LTB4R1	12oxoLTB4	12oxoLTB4-PTGR1	Ltb4r1					Non-protein Signaling
12oxoLeukotrieneB4-12oxoLTB4-PTGR1_LTB4R2	12oxoLTB5	12oxoLTB4-PTGR1	Ltb4r2					Non-protein Signaling
27Hydroxycholesterol-27HC-CYP11A1_NR1H4	27HC	22HC-CYP11A1	Nr1h4					Non-protein Signaling
27Hydroxycholesterol-27HC-CYP3A4_NR1H4	27HC	22HC-CYP3A4	Nr1h4					Non-protein Signaling
2arachidonoylglycerol-2AG-DAGLA_CNR1	2-AG	2AG-DAGLA	Cnr1					Non-protein Signaling
2arachidonoylglycerol-2AG-DAGLA_CNR2	2-AG	2AG-DAGLA	Cnr2					Non-protein Signaling
2arachidonoylglycerol-2AG-DAGLA_GPR55	2-AG	2AG-DAGLA	Gpr55					Non-protein Signaling
2arachidonoylglycerol-2AG-DAGLB_CNR1	2-AG	2AG-DAGLB	Cnr1					Non-protein Signaling
2arachidonoylglycerol-2AG-DAGLB_CNR2	2-AG	2AG-DAGLB	Cnr2					Non-protein Signaling
2arachidonoylglycerol-2AG-DAGLB_GPR55	2-AG	2AG-DAGLB	Gpr55					Non-protein Signaling
5alphaDihydroprogesterone-DHRS9_PGR	5alphaP	5alphaP-DHRS9	Pgr					Non-protein Signaling
Aldosterone-Aldo-CYP11B2_NR3C1	Aldo	Aldo-CYP11B2	Nr3c1					Non-protein Signaling
Aldosterone-Aldo-CYP11B2_NR3C2	Aldo	Aldo-CYP11B2	Nr3c2					Non-protein Signaling
ANDROSTENEDIONE-CYP17A1_AR	Androstenedione	Androstenedione-CYP17A1	Ar					Non-protein Signaling
ANDROSTERONE-HSD17B6_NR1H4	Androsterone	Androsterone-HSD17B6	Nr1h4					Non-protein Signaling
RetinoicAcid-RA-ALDH1A1_RARA_CRABP2	RA	RA-ALDH1A1	RARA_CRABP2					Non-protein Signaling
RetinoicAcid-RA-ALDH1A1_RARA_RXRA_CRABP2	RA	RA-ALDH1A1	RARA_RXRA_CRABP2					Non-protein Signaling
RetinoicAcid-RA-ALDH1A1_RARB_CRABP2	RA	RA-ALDH1A1	RARB_CRABP2					Non-protein Signaling
RetinoicAcid-RA-ALDH1A1_RARB_RXRB_CRABP2	RA	RA-ALDH1A1	RARB_RXRB_CRABP2					Non-protein Signaling
RetinoicAcid-RA-ALDH1A1_RARG_CRABP2	RA	RA-ALDH1A1	RARG_CRABP2					Non-protein Signaling
RetinoicAcid-RA-ALDH1A1_RARG_RXRG_CRABP2	RA	RA-ALDH1A1	RARG_RXRG_CRABP2					Non-protein Signaling
RetinoicAcid-RA-ALDH1A1_RXRA_CRABP2	RA	RA-ALDH1A1	RXRA_CRABP2					Non-protein Signaling
RetinoicAcid-RA-ALDH1A1_RXRB_CRABP2	RA	RA-ALDH1A1	RXRB_CRABP2					Non-protein Signaling
RetinoicAcid-RA-ALDH1A1_RXRG_CRABP2	RA	RA-ALDH1A1	RXRG_CRABP2					Non-protein Signaling
RetinoicAcid-RA-ALDH1A1_RORB	RA	RA-ALDH1A1	Rorb					Non-protein Signaling
RetinoicAcid-RA-ALDH1A2_RARA_CRABP2	RA	RA-ALDH1A2	RARA_CRABP2					Non-protein Signaling
RetinoicAcid-RA-ALDH1A2_RARA_RXRA_CRABP2	RA	RA-ALDH1A2	RARA_RXRA_CRABP2					Non-protein Signaling
RetinoicAcid-RA-ALDH1A2_RARB_CRABP2	RA	RA-ALDH1A2	RARB_CRABP2					Non-protein Signaling
RetinoicAcid-RA-ALDH1A2_RARB_RXRB_CRABP2	RA	RA-ALDH1A2	RARB_RXRB_CRABP2					Non-protein Signaling
RetinoicAcid-RA-ALDH1A2_RARG_CRABP2	RA	RA-ALDH1A2	RARG_CRABP2					Non-protein Signaling
RetinoicAcid-RA-ALDH1A2_RARG_RXRG_CRABP2	RA	RA-ALDH1A2	RARG_RXRG_CRABP2					Non-protein Signaling
RetinoicAcid-RA-ALDH1A2_RXRA_CRABP2	RA	RA-ALDH1A2	RXRA_CRABP2					Non-protein Signaling
RetinoicAcid-RA-ALDH1A2_RXRB_CRABP2	RA	RA-ALDH1A2	RXRB_CRABP2					Non-protein Signaling
RetinoicAcid-RA-ALDH1A2_RXRG_CRABP2	RA	RA-ALDH1A2	RXRG_CRABP2					Non-protein Signaling
RetinoicAcid-RA-ALDH1A2_RORB	RA	RA-ALDH1A2	Rorb					Non-protein Signaling
RetinoicAcid-RA-ALDH1A3_RARA_CRABP2	RA	RA-ALDH1A3	RARA_CRABP2					Non-protein Signaling
RetinoicAcid-RA-ALDH1A3_RARA_RXRA_CRABP2	RA	RA-ALDH1A3	RARA_RXRA_CRABP2					Non-protein Signaling
RetinoicAcid-RA-ALDH1A3_RARB_CRABP2	RA	RA-ALDH1A3	RARB_CRABP2					Non-protein Signaling
RetinoicAcid-RA-ALDH1A3_RARB_RXRB_CRABP2	RA	RA-ALDH1A3	RARB_RXRB_CRABP2					Non-protein Signaling
RetinoicAcid-RA-ALDH1A3_RARG_CRABP2	RA	RA-ALDH1A3	RARG_CRABP2					Non-protein Signaling
RetinoicAcid-RA-ALDH1A3_RARG_RXRG_CRABP2	RA	RA-ALDH1A3	RARG_RXRG_CRABP2					Non-protein Signaling
RetinoicAcid-RA-ALDH1A3_RXRA_CRABP2	RA	RA-ALDH1A3	RXRA_CRABP2					Non-protein Signaling
RetinoicAcid-RA-ALDH1A3_RXRB_CRABP2	RA	RA-ALDH1A3	RXRB_CRABP2					Non-protein Signaling
RetinoicAcid-RA-ALDH1A3_RXRG_CRABP2	RA	RA-ALDH1A3	RXRG_CRABP2					Non-protein Signaling
RetinoicAcid-RA-ALDH1A3_RORB	RA	RA-ALDH1A3	Rorb					Non-protein Signaling
CALCITRIOL-CYP27B1_VDR	Calcitriol	Calcitriol-CYP27B1	Vdr					Non-protein Signaling
Cholesterol-Cholesterol-CEL_RORA	Cholesterol	Cholesterol-CEL	Rora					Non-protein Signaling
Cholesterol-Cholesterol-CEL_RORC	Cholesterol	Cholesterol-CEL	Rorc					Non-protein Signaling
Cholesterol-Cholesterol-DHCR24_RORA	Cholesterol	Cholesterol-DHCR24	Rora					Non-protein Signaling
Cholesterol-Cholesterol-DHCR24_RORC	Cholesterol	Cholesterol-DHCR24	Rorc					Non-protein Signaling
Cholesterol-Cholesterol-DHCR7_RORA	Cholesterol	Cholesterol-DHCR7	Rora					Non-protein Signaling
Cholesterol-Cholesterol-DHCR7_RORC	Cholesterol	Cholesterol-DHCR7	Rorc					Non-protein Signaling
Cholesterol-Cholesterol-LIPA_RORA	Cholesterol	Cholesterol-LIPA	Rora					Non-protein Signaling
Cholesterol-Cholesterol-LIPA_RORC	Cholesterol	Cholesterol-LIPA	Rorc					Non-protein Signaling
Corticosterone-CYP11B1_NR3C1	Cort	Cort-CYP11B1	Nr3c1					Non-protein Signaling
Corticosterone-CYP11B1_NR3C2	Cort	Cort-CYP11B1	Nr3c2					Non-protein Signaling
Dehydroepiandrosterone-DHEA-STS_ESR1	DHEA	DHEA-STS	Esr1					Non-protein Signaling
Dehydroepiandrosterone-DHEA-STS_NR1I2	DHEA	DHEA-STS	Nr1i2					Non-protein Signaling
Dehydroepiandrosterone-DHEA-STS_PPARA	DHEA	DHEA-STS	Ppara					Non-protein Signaling
Desmosterol-Desmosterol-DHCR7_NR1H2	Desmosterol	Desmosterol-DHCR7	Nr1h2					Non-protein Signaling
Desmosterol-Desmosterol-DHCR7_NR1H3	Desmosterol	Desmosterol-DHCR7	Nr1h3					Non-protein Signaling
Desoxycorticosterone-DOC-CYP21A2_NR3C2	Desoxycorticosterone	DOC-CYP21A2	Nr3c2					Non-protein Signaling
DHEAsulfate-DHEAS-SULT1E1_PPARA	DHEAS	DHEAS-SULT1E1	Ppara					Non-protein Signaling
DHEAsulfate-DHEAS-SULT1E1_PPARD	DHEAS	DHEAS-SULT1E1	Ppard					Non-protein Signaling
DHEAsulfate-DHEAS-SULT1E1_PPARG	DHEAS	DHEAS-SULT1E1	Pparg					Non-protein Signaling
DHEAsulfate-DHEAS-SULT2A1_PPARA	DHEAS	DHEAS-SULT2A1	Ppara					Non-protein Signaling
DHEAsulfate-DHEAS-SULT2A1_PPARD	DHEAS	DHEAS-SULT2A1	Ppard					Non-protein Signaling
DHEAsulfate-DHEAS-SULT2A1_PPARG	DHEAS	DHEAS-SULT2A1	Pparg					Non-protein Signaling
DHEAsulfate-DHEAS-SULT2B_PPARA	DHEAS	DHEAS-SULT2B	Ppara					Non-protein Signaling
DHEAsulfate-DHEAS-SULT2B_PPARD	DHEAS	DHEAS-SULT2B	Ppard					Non-protein Signaling
DHEAsulfate-DHEAS-SULT2B_PPARG	DHEAS	DHEAS-SULT2B	Pparg					Non-protein Signaling
Dihydrotestosterone-DHT-SRD5A1_AR	DHT	DHT-SRD5A1	Ar					Non-protein Signaling
Dihydrotestosterone-DHT-SRD5A2_AR	DHT	DHT-SRD5A2	Ar					Non-protein Signaling
Dihydrotestosterone-DHT-SRD5A3_AR	DHT	DHT-SRD5A3	Ar					Non-protein Signaling
Estradiol-E2-CYP19A1_ESR1	Estradiol	E2-CYP19A1	Esr1					Non-protein Signaling
Estradiol-E2-CYP19A1_ESR2	Estradiol	E2-CYP19A1	Esr2					Non-protein Signaling
Estradiol-E2-CYP19A1_GPER1	Estradiol	E2-CYP19A1	Gper1					Non-protein Signaling
Estradiol-E2-CYP19A1_NR1I2	Estradiol	E2-CYP19A1	Nr1i2					Non-protein Signaling
Estradiol-E2-HSD17B1_ESR1	Estradiol	E2-HSD17B1	Esr1					Non-protein Signaling
Estradiol-E2-HSD17B1_ESR2	Estradiol	E2-HSD17B1	Esr2					Non-protein Signaling
Estradiol-E2-HSD17B1_GPER1	Estradiol	E2-HSD17B1	Gper1					Non-protein Signaling
Estradiol-E2-HSD17B1_NR1I2	Estradiol	E2-HSD17B1	Nr1i2					Non-protein Signaling
Melatonin-ASMT_MTNR1A	Melatonin	Melatonin-ASMT	Mtnr1a					Non-protein Signaling
Melatonin-ASMT_MTNR1B	Melatonin	Melatonin-ASMT	Mtnr1b					Non-protein Signaling
PPIA_BSG	CypA	Ppia	Bsg					Non-protein Signaling
Pregnenolone-CYP11A1_NR1I2	Pregnenolone	Pregnenolone-CYP11A1	Nr1i2					Non-protein Signaling
Progesterone-Progesterone-HSD3B1_CATSPER1_CATSPERB	Progesterone	Progesterone-HSD3B1	CATSPER1_CATSPERB					Non-protein Signaling
Progesterone-Progesterone-HSD3B1_CATSPER1_CATSPERD	Progesterone	Progesterone-HSD3B1	CATSPER1_CATSPERD					Non-protein Signaling
Progesterone-Progesterone-HSD3B1_CATSPER2_CATSPERB	Progesterone	Progesterone-HSD3B1	CATSPER2_CATSPERB					Non-protein Signaling
Progesterone-Progesterone-HSD3B1_CATSPER2_CATSPERD	Progesterone	Progesterone-HSD3B1	CATSPER2_CATSPERD					Non-protein Signaling
Progesterone-Progesterone-HSD3B1_CATSPER3_CATSPERB	Progesterone	Progesterone-HSD3B1	CATSPER3_CATSPERB					Non-protein Signaling
Progesterone-Progesterone-HSD3B1_CATSPER3_CATSPERD	Progesterone	Progesterone-HSD3B1	CATSPER3_CATSPERD					Non-protein Signaling
Progesterone-Progesterone-HSD3B1_CATSPER4_CATSPERB	Progesterone	Progesterone-HSD3B1	CATSPER4_CATSPERB					Non-protein Signaling
Progesterone-Progesterone-HSD3B1_CATSPER4_CATSPERD	Progesterone	Progesterone-HSD3B1	CATSPER4_CATSPERD					Non-protein Signaling
Prostaglandin-PGD2-AKR1C3_PTGDR2	Prostaglandin	PGD2-AKR1C3	Ptgdr2					Non-protein Signaling
SerotoninDopamin-5-HT-DOPA-DDC_HTR1A	SerotoninDopamin	5-HT-DOPA-DDC	Htr1a					Non-protein Signaling
SerotoninDopamin-5-HT-DOPA-DDC_HTR1B	SerotoninDopamin	5-HT-DOPA-DDC	Htr1b					Non-protein Signaling
SerotoninDopamin-5-HT-DOPA-DDC_HTR1D	SerotoninDopamin	5-HT-DOPA-DDC	Htr1d					Non-protein Signaling
SerotoninDopamin-5-HT-DOPA-DDC_HTR1F	SerotoninDopamin	5-HT-DOPA-DDC	Htr1f					Non-protein Signaling
SerotoninDopamin-5-HT-DOPA-DDC_HTR2A	SerotoninDopamin	5-HT-DOPA-DDC	Htr2a					Non-protein Signaling
SerotoninDopamin-5-HT-DOPA-DDC_HTR2B	SerotoninDopamin	5-HT-DOPA-DDC	Htr2b					Non-protein Signaling
SerotoninDopamin-5-HT-DOPA-DDC_HTR2C	SerotoninDopamin	5-HT-DOPA-DDC	Htr2c					Non-protein Signaling
SerotoninDopamin-5-HT-DOPA-DDC_HTR3A	SerotoninDopamin	5-HT-DOPA-DDC	Htr3a					Non-protein Signaling
SerotoninDopamin-5-HT-DOPA-DDC_HTR3B	SerotoninDopamin	5-HT-DOPA-DDC	Htr3b					Non-protein Signaling
SerotoninDopamin-5-HT-DOPA-DDC_HTR4	SerotoninDopamin	5-HT-DOPA-DDC	Htr4					Non-protein Signaling
SerotoninDopamin-5-HT-DOPA-DDC_HTR5A	SerotoninDopamin	5-HT-DOPA-DDC	Htr5a					Non-protein Signaling
SerotoninDopamin-5-HT-DOPA-DDC_HTR6	SerotoninDopamin	5-HT-DOPA-DDC	Htr6					Non-protein Signaling
SerotoninDopamin-5-HT-DOPA-DDC_HTR7	SerotoninDopamin	5-HT-DOPA-DDC	Htr7					Non-protein Signaling
SerotoninDopamin-5-HT-DOPA-DDC_DRD1	SerotoninDopamin	5-HT-DOPA-DDC	Drd1					Non-protein Signaling
SerotoninDopamin-5-HT-DOPA-DDC_DRD2	SerotoninDopamin	5-HT-DOPA-DDC	Drd2					Non-protein Signaling
SerotoninDopamin-5-HT-DOPA-DDC_DRD3	SerotoninDopamin	5-HT-DOPA-DDC	Drd3					Non-protein Signaling
SerotoninDopamin-5-HT-DOPA-DDC_DRD4	SerotoninDopamin	5-HT-DOPA-DDC	Drd4					Non-protein Signaling
SerotoninDopamin-5-HT-DOPA-DDC_DRD5	SerotoninDopamin	5-HT-DOPA-DDC	Drd5					Non-protein Signaling
Testosterone-Testosterone-AKR1D1_AR	Testosterone	Testosterone-AKR1D1	Ar					Non-protein Signaling
Testosterone-Testosterone-HSD17B12_AR	Testosterone	Testosterone-HSD17B12	Ar					Non-protein Signaling
Testosterone-Testosterone-HSD17B3_AR	Testosterone	Testosterone-HSD17B3	Ar					Non-protein Signaling
Thyrostimulin-GPHB5_GPHA2_TSHR	TSH	GPHB5_GPHA2	Tshr					Non-protein Signaling
Thyrotropin-CGA_TSHB_TSHR	TSH	CGA_TSHB	Tshr					Non-protein Signaling
Triiodothyronine-T3-DIO3_THRA	Triiodothyronine	T3-DIO3	Thra					Non-protein Signaling
Triiodothyronine-T3-DIO3_THRB	Triiodothyronine	T3-DIO3	Thrb					Non-protein Signaling
APP_CD74	APP	App	Cd74					Cell-Cell Contact
BST2_PIRA2	BST2	Bst2	Pira2					Cell-Cell Contact
CADM1_CADM1	CADM	Cadm1	Cadm1					Cell-Cell Contact
CADM3_CADM3	CADM	Cadm3	Cadm3					Cell-Cell Contact
CD1D2_PIRA2	CD1D2	Cd1d2	Pira2					Cell-Cell Contact
CD200_CD200R1	CD200	Cd200	Cd200r1					Cell-Cell Contact
CD200_CD200R2	CD200	Cd200	Cd200r2					Cell-Cell Contact
CD200_CD200R3	CD200	Cd200	Cd200r3					Cell-Cell Contact
CD200_CD200R4	CD200	Cd200	Cd200r4					Cell-Cell Contact
FCER2A_ITGAM_ITGB2	CD23	Fcer2a	ITGAM_ITGB2					Cell-Cell Contact
FCER2A_ITGAX_ITGB2	CD23	Fcer2a	ITGAX_ITGB2					Cell-Cell Contact
FCER2A_ITGAV_ITGB3	CD23	Fcer2a	ITGAV_ITGB3					Cell-Cell Contact
FCER2A_CR2	CD23	Fcer2a	Cr2					Cell-Cell Contact
CD34_SELP	CD34	Cd34	Selp					Cell-Cell Contact
ENTPD1_ADORA1	CD39	Entpd1	Adora1					Cell-Cell Contact
ENTPD1_ADORA2A	CD39	Entpd1	Adora2a					Cell-Cell Contact
ENTPD1_ADORA2B	CD39	Entpd1	Adora2b					Cell-Cell Contact
ENTPD1_TMIGD3	CD39	Entpd1	Tmigd3					Cell-Cell Contact
CD40LG_CD40	CD40	Cd40lg	Cd40					Cell-Cell Contact
PTPRC_CD22	CD45	Ptprc	Cd22					Cell-Cell Contact
PTPRC_MRC1	CD45	Ptprc	Mrc1					Cell-Cell Contact
CD46_JAG1	CD46	Cd46	Jag1					Cell-Cell Contact
CD48_CD244A	CD48	Cd48	Cd244a					Cell-Cell Contact
CD52_SIGLECG	CD52	Cd52	Siglecg					Cell-Cell Contact
CD6_ALCAM	CD6	Cd6	Alcam					Cell-Cell Contact
CD80_CD274	CD80	Cd80	Cd274					Cell-Cell Contact
CD80_CD28	CD80	Cd80	Cd28					Cell-Cell Contact
CD80_CTLA4	CD80	Cd80	Ctla4					Cell-Cell Contact
CD86_CD28	CD86	Cd86	Cd28					Cell-Cell Contact
CD86_CTLA4	CD86	Cd86	Ctla4					Cell-Cell Contact
CD96_PVR	CD96	Cd96	Pvr					Cell-Cell Contact
CD99_PILRA	CD99	Cd99	Pilra					Cell-Cell Contact
CD99_CD99	CD99	Cd99	Cd99					Cell-Cell Contact
CDH15_CDH15	CDH	Cdh15	Cdh15					Cell-Cell Contact
CDH4_CDH4	CDH	Cdh4	Cdh4					Cell-Cell Contact
CDH2_CDH2	CDH	Cdh2	Cdh2					Cell-Cell Contact
CDH1_CDH1	CDH	Cdh1	Cdh1					Cell-Cell Contact
CDH1_ITGA1_ITGB1	CDH1	Cdh1	ITGA2_ITGB1					Cell-Cell Contact
CDH1_ITGAE_ITGB7	CDH1	Cdh1	ITGAE_ITGB7					Cell-Cell Contact
CDH1_KLRG1	CDH1	Cdh1	Klrg1					Cell-Cell Contact
CDH5_CDH5	CDH5	Cdh5	Cdh5					Cell-Cell Contact
CD1D1_CEACAM5	CEACAM	Cd1d1	Ceacam5					Cell-Cell Contact
CD209A_CEACAM1	CEACAM	Cd209a	Ceacam1					Cell-Cell Contact
CD8A_CEACAM5	CEACAM	Cd8a	Ceacam5					Cell-Cell Contact
CEACAM1_CEACAM5	CEACAM	Ceacam1	Ceacam5					Cell-Cell Contact
SELE_CEACAM1	CEACAM	Sele	Ceacam1					Cell-Cell Contact
CLDN11_CLDN11	CLDN	Cldn11	Cldn11					Cell-Cell Contact
CLEC2D_KLRB1B	CLEC	Clec2d	Klrb1b					Cell-Cell Contact
CLEC2G_KLRB1	CLEC	Clec2g	Klrb1					Cell-Cell Contact
CLEC2H_KLRB1	CLEC	Clec2h	Klrb1					Cell-Cell Contact
CLEC2I_KLRB1	CLEC	Clec2i	Klrb1					Cell-Cell Contact
CLEC2F_KLRB1F	CLEC	Clec2f	Klrb1f					Cell-Cell Contact
CLEC2G_KLRB1F	CLEC	Clec2g	Klrb1f					Cell-Cell Contact
CLEC2I_KLRB1F	CLEC	Clec2i	Klrb1f					Cell-Cell Contact
NFASC_CNTN1_CNTNAP1	CNTN	Nfasc	CNTN1_CNTNAP1					Cell-Cell Contact
CNTN2_CNTN2_CNTNAP2	CNTN	Cntn2	CNTN2_CNTNAP2					Cell-Cell Contact
CNTN2_L1CAM	CNTN	Cntn2	L1cam					Cell-Cell Contact
CNTN2_CNTN2	CNTN	Cntn2	Cntn2					Cell-Cell Contact
CNTN1_NRCAM	CNTN	Cntn1	Nrcam					Cell-Cell Contact
CSPG4_ITGA2_ITGB1	CSPG4	Cspg4	ITGA3_ITGB1					Cell-Cell Contact
DSC1_DSG1C	DESMOSOME	Dsc1	Dsg1c					Cell-Cell Contact
DSC1_DSG2	DESMOSOME	Dsc1	Dsg2					Cell-Cell Contact
DSC2_DSG1C	DESMOSOME	Dsc2	Dsg1c					Cell-Cell Contact
DSC2_DSG2	DESMOSOME	Dsc2	Dsg2					Cell-Cell Contact
DSG1C_DSC3	DESMOSOME	Dsg1c	Dsc3					Cell-Cell Contact
DSG2_DSC3	DESMOSOME	Dsg2	Dsc3					Cell-Cell Contact
EPGN_EGFR	EPGN	Epgn	Egfr					Cell-Cell Contact
EFNA1_EPHA1	EPHA	Efna1	Epha1					Cell-Cell Contact
EFNA1_EPHA2	EPHA	Efna1	Epha2					Cell-Cell Contact
EFNA1_EPHA3	EPHA	Efna1	Epha3					Cell-Cell Contact
EFNA1_EPHA4	EPHA	Efna1	Epha4					Cell-Cell Contact
EFNA1_EPHA5	EPHA	Efna1	Epha5					Cell-Cell Contact
EFNA1_EPHA7	EPHA	Efna1	Epha7					Cell-Cell Contact
EFNA1_EPHA8	EPHA	Efna1	Epha8					Cell-Cell Contact
EFNA2_EPHA1	EPHA	Efna2	Epha1					Cell-Cell Contact
EFNA2_EPHA2	EPHA	Efna2	Epha2					Cell-Cell Contact
EFNA2_EPHA3	EPHA	Efna2	Epha3					Cell-Cell Contact
EFNA2_EPHA4	EPHA	Efna2	Epha4					Cell-Cell Contact
EFNA2_EPHA5	EPHA	Efna2	Epha5					Cell-Cell Contact
EFNA2_EPHA7	EPHA	Efna2	Epha7					Cell-Cell Contact
EFNA2_EPHA8	EPHA	Efna2	Epha8					Cell-Cell Contact
EFNA3_EPHA1	EPHA	Efna3	Epha1					Cell-Cell Contact
EFNA3_EPHA2	EPHA	Efna3	Epha2					Cell-Cell Contact
EFNA3_EPHA3	EPHA	Efna3	Epha3					Cell-Cell Contact
EFNA3_EPHA4	EPHA	Efna3	Epha4					Cell-Cell Contact
EFNA3_EPHA5	EPHA	Efna3	Epha5					Cell-Cell Contact
EFNA3_EPHA7	EPHA	Efna3	Epha7					Cell-Cell Contact
EFNA3_EPHA8	EPHA	Efna3	Epha8					Cell-Cell Contact
EFNA4_EPHA1	EPHA	Efna4	Epha1					Cell-Cell Contact
EFNA4_EPHA2	EPHA	Efna4	Epha2					Cell-Cell Contact
EFNA4_EPHA3	EPHA	Efna4	Epha3					Cell-Cell Contact
EFNA4_EPHA4	EPHA	Efna4	Epha4					Cell-Cell Contact
EFNA4_EPHA5	EPHA	Efna4	Epha5					Cell-Cell Contact
EFNA4_EPHA7	EPHA	Efna4	Epha7					Cell-Cell Contact
EFNA4_EPHA8	EPHA	Efna4	Epha8					Cell-Cell Contact
EFNA5_EPHA1	EPHA	Efna5	Epha1					Cell-Cell Contact
EFNA5_EPHA2	EPHA	Efna5	Epha2					Cell-Cell Contact
EFNA5_EPHA3	EPHA	Efna5	Epha3					Cell-Cell Contact
EFNA5_EPHA4	EPHA	Efna5	Epha4					Cell-Cell Contact
EFNA5_EPHA5	EPHA	Efna5	Epha5					Cell-Cell Contact
EFNA5_EPHA7	EPHA	Efna5	Epha7					Cell-Cell Contact
EFNA5_EPHA8	EPHA	Efna5	Epha8					Cell-Cell Contact
EFNA5_EPHB2	EPHA	Efna5	Ephb2					Cell-Cell Contact
EFNB1_EPHA4	EPHB	Efnb1	Epha4					Cell-Cell Contact
EFNB1_EPHB1	EPHB	Efnb1	Ephb1					Cell-Cell Contact
EFNB1_EPHB2	EPHB	Efnb1	Ephb2					Cell-Cell Contact
EFNB1_EPHB3	EPHB	Efnb1	Ephb3					Cell-Cell Contact
EFNB1_EPHB4	EPHB	Efnb1	Ephb4					Cell-Cell Contact
EFNB2_EPHA4	EPHB	Efnb2	Epha4					Cell-Cell Contact
EFNB2_EPHB1	EPHB	Efnb2	Ephb1					Cell-Cell Contact
EFNB2_EPHB2	EPHB	Efnb2	Ephb2					Cell-Cell Contact
EFNB2_EPHB3	EPHB	Efnb2	Ephb3					Cell-Cell Contact
EFNB2_EPHB4	EPHB	Efnb2	Ephb4					Cell-Cell Contact
EFNB3_EPHA4	EPHB	Efnb3	Epha4					Cell-Cell Contact
EFNB3_EPHB1	EPHB	Efnb3	Ephb1					Cell-Cell Contact
EFNB3_EPHB2	EPHB	Efnb3	Ephb2					Cell-Cell Contact
EFNB3_EPHB3	EPHB	Efnb3	Ephb3					Cell-Cell Contact
EFNB3_EPHB4	EPHB	Efnb3	Ephb4					Cell-Cell Contact
EFNB3_EPHB6	EPHB	Efnb3	Ephb6					Cell-Cell Contact
ESAM_ESAM	ESAM	Esam	Esam					Cell-Cell Contact
GP1BA_ITGAM_ITGB2	GP1BA	Gp1ba	ITGAM_ITGB2					Cell-Cell Contact
ICAM1_ITGAX_ITGB2	ICAM	Icam1	ITGAX_ITGB2					Cell-Cell Contact
ICAM1_ITGAL_ITGB2	ICAM	Icam1	ITGAL_ITGB2					Cell-Cell Contact
ICAM2_ITGAL_ITGB2	ICAM	Icam2	ITGAL_ITGB2					Cell-Cell Contact
ICAM1_ITGAM_ITGB2	ICAM	Icam1	ITGAM_ITGB2					Cell-Cell Contact
ICAM2_ITGAM_ITGB2	ICAM	Icam2	ITGAM_ITGB2					Cell-Cell Contact
ICAM1_ITGAL_ITGB2L	ICAM	Icam1	ITGAL_ITGB2L					Cell-Cell Contact
ICAM2_ITGAL_ITGB2L	ICAM	Icam2	ITGAL_ITGB2L					Cell-Cell Contact
ICAM1_ITGAM_ITGB2L	ICAM	Icam1	ITGAM_ITGB2L					Cell-Cell Contact
ICAM2_ITGAM_ITGB2L	ICAM	Icam2	ITGAM_ITGB2L					Cell-Cell Contact
ICAM1_ITGAL	ICAM	Icam1	Itgal					Cell-Cell Contact
ICAM1_SPN	ICAM	Icam1	Spn					Cell-Cell Contact
ICAM5_CD209A	ICAM	Icam5	Cd209a					Cell-Cell Contact
ICAM5_CD209F	ICAM	Icam5	Cd209f					Cell-Cell Contact
ICOSL_ICOS	ICOS	Icosl	Icos					Cell-Cell Contact
ICOSL_CD28	ICOS	Icosl	Cd28					Cell-Cell Contact
ICOSL_CTLA4	ICOS	Icosl	Ctla4					Cell-Cell Contact
JAM2_ITGA3_ITGB1	JAM	Jam2	ITGA3_ITGB1					Cell-Cell Contact
JAM2_ITGAV_ITGB1	JAM	Jam2	ITGAV_ITGB1					Cell-Cell Contact
JAM3_ITGAM_ITGB2	JAM	Jam3	ITGAM_ITGB2					Cell-Cell Contact
JAM1_ITGAL_ITGB2	JAM	F11r	ITGAL_ITGB2					Cell-Cell Contact
JAM3_ITGAM_ITGB2L	JAM	Jam3	ITGAM_ITGB2L					Cell-Cell Contact
JAM2_JAM3	JAM	Jam2	Jam3					Cell-Cell Contact
F11R_F11R	JAM	F11r	F11r					Cell-Cell Contact
JAM2_F11R	JAM	Jam2	F11r					Cell-Cell Contact
JAM2_JAM2	JAM	Jam2	Jam2					Cell-Cell Contact
JAM3_F11R	JAM	Jam3	F11r					Cell-Cell Contact
JAM3_JAM3	JAM	Jam3	Jam3					Cell-Cell Contact
L1CAM_ITGAV_ITGB3	L1CAM	L1cam	ITGAV_ITGB3					Cell-Cell Contact
L1CAM_ITGA4_ITGB7	L1CAM	L1cam	ITGA4_ITGB7					Cell-Cell Contact
L1CAM_L1CAM	L1CAM	L1cam	L1cam					Cell-Cell Contact
LAIR1_PIRA2	LAIR1	Lair1	Pira2					Cell-Cell Contact
LCK_CD8A_CD8B1	LCK	Lck	CD8 receptor					Cell-Cell Contact
MADCAM1_ITGA4_ITGB7	MADCAM	Madcam1	ITGA4_ITGB7					Cell-Cell Contact
MAG_MAG	MAG	Mag	Mag					Cell-Cell Contact
H2-T23_KLRD1_KLRC1	MHC-I	H2-T23	KLRD1_KLRC1					Cell-Cell Contact
H2-T23_KLRD1_KLRC2	MHC-I	H2-T23	KLRD1_KLRC2					Cell-Cell Contact
H2-M2_CD8A	MHC-I	H2-M2	Cd8a					Cell-Cell Contact
H2-M3_CD8A	MHC-I	H2-M3	Cd8a					Cell-Cell Contact
H2-M9_CD8A	MHC-I	H2-M9	Cd8a					Cell-Cell Contact
H2-Q1_CD8A	MHC-I	H2-Q1	Cd8a					Cell-Cell Contact
H2-Q10_CD8A	MHC-I	H2-Q10	Cd8a					Cell-Cell Contact
H2-Q2_CD8A	MHC-I	H2-Q2	Cd8a					Cell-Cell Contact
H2-Q7_CD8A	MHC-I	H2-Q7	Cd8a					Cell-Cell Contact
H2-Q8_CD8A	MHC-I	H2-Q8	Cd8a					Cell-Cell Contact
H2-T22_CD8A	MHC-I	H2-T22	Cd8a					Cell-Cell Contact
H2-T23_CD8A	MHC-I	H2-T23	Cd8a					Cell-Cell Contact
H2-T24_CD8A	MHC-I	H2-T24	Cd8a					Cell-Cell Contact
H2-T3_CD8A	MHC-I	H2-T3	Cd8a					Cell-Cell Contact
H2-T9_CD8A	MHC-I	H2-T9	Cd8a					Cell-Cell Contact
H2-M10.4_CD8A	MHC-I	H2-M10.4	Cd8a					Cell-Cell Contact
H2-M11_CD8A	MHC-I	H2-M11	Cd8a					Cell-Cell Contact
H2-M1_CD8A	MHC-I	H2-M1	Cd8a					Cell-Cell Contact
H2-M10.5_CD8A	MHC-I	H2-M10.5	Cd8a					Cell-Cell Contact
H2-M10.2_CD8A	MHC-I	H2-M10.2	Cd8a					Cell-Cell Contact
H2-M10.6_CD8A	MHC-I	H2-M10.6	Cd8a					Cell-Cell Contact
H2-T10_CD8A	MHC-I	H2-T10	Cd8a					Cell-Cell Contact
H2-Q6_CD8A	MHC-I	H2-Q6	Cd8a					Cell-Cell Contact
H2-M10.3_CD8A	MHC-I	H2-M10.3	Cd8a					Cell-Cell Contact
H2-BL_CD8A	MHC-I	H2-Bl	Cd8a					Cell-Cell Contact
H2-D1_CD8A	MHC-I	H2-D1	Cd8a					Cell-Cell Contact
H2-K1_CD8A	MHC-I	H2-K1	Cd8a					Cell-Cell Contact
H2-M10.1_CD8A	MHC-I	H2-M10.1	Cd8a					Cell-Cell Contact
H2-T18_CD8A	MHC-I	H2-T18	Cd8a					Cell-Cell Contact
H2-Q9_CD8A	MHC-I	H2-Q9	Cd8a					Cell-Cell Contact
H2-T26_CD8A	MHC-I	H2-T26	Cd8a					Cell-Cell Contact
H2-L_CD8A	MHC-I	H2-L	Cd8a					Cell-Cell Contact
GM10499_CD8A	MHC-I	Gm10499	Cd8a					Cell-Cell Contact
H2-Q4_CD8A	MHC-I	H2-Q4	Cd8a					Cell-Cell Contact
H2-T-PS_CD8A	MHC-I	H2-T-ps	Cd8a					Cell-Cell Contact
H2-T27_CD8A	MHC-I	H2-T27	Cd8a					Cell-Cell Contact
H2-M5_CD8A	MHC-I	H2-M5	Cd8a					Cell-Cell Contact
H2-T25_CD8A	MHC-I	H2-T25	Cd8a					Cell-Cell Contact
H2-M2_CD8B1	MHC-I	H2-M2	Cd8b1					Cell-Cell Contact
H2-M3_CD8B1	MHC-I	H2-M3	Cd8b1					Cell-Cell Contact
H2-M9_CD8B1	MHC-I	H2-M9	Cd8b1					Cell-Cell Contact
H2-Q1_CD8B1	MHC-I	H2-Q1	Cd8b1					Cell-Cell Contact
H2-Q10_CD8B1	MHC-I	H2-Q10	Cd8b1					Cell-Cell Contact
H2-Q2_CD8B1	MHC-I	H2-Q2	Cd8b1					Cell-Cell Contact
H2-Q7_CD8B1	MHC-I	H2-Q7	Cd8b1					Cell-Cell Contact
H2-Q8_CD8B1	MHC-I	H2-Q8	Cd8b1					Cell-Cell Contact
H2-T22_CD8B1	MHC-I	H2-T22	Cd8b1					Cell-Cell Contact
H2-T23_CD8B1	MHC-I	H2-T23	Cd8b1					Cell-Cell Contact
H2-T24_CD8B1	MHC-I	H2-T24	Cd8b1					Cell-Cell Contact
H2-T3_CD8B1	MHC-I	H2-T3	Cd8b1					Cell-Cell Contact
H2-T9_CD8B1	MHC-I	H2-T9	Cd8b1					Cell-Cell Contact
H2-M10.4_CD8B1	MHC-I	H2-M10.4	Cd8b1					Cell-Cell Contact
H2-M11_CD8B1	MHC-I	H2-M11	Cd8b1					Cell-Cell Contact
H2-M1_CD8B1	MHC-I	H2-M1	Cd8b1					Cell-Cell Contact
H2-M10.5_CD8B1	MHC-I	H2-M10.5	Cd8b1					Cell-Cell Contact
H2-M10.2_CD8B1	MHC-I	H2-M10.2	Cd8b1					Cell-Cell Contact
H2-M10.6_CD8B1	MHC-I	H2-M10.6	Cd8b1					Cell-Cell Contact
H2-T10_CD8B1	MHC-I	H2-T10	Cd8b1					Cell-Cell Contact
H2-Q6_CD8B1	MHC-I	H2-Q6	Cd8b1					Cell-Cell Contact
H2-M10.3_CD8B1	MHC-I	H2-M10.3	Cd8b1					Cell-Cell Contact
H2-BL_CD8B1	MHC-I	H2-Bl	Cd8b1					Cell-Cell Contact
H2-D1_CD8B1	MHC-I	H2-D1	Cd8b1					Cell-Cell Contact
H2-K1_CD8B1	MHC-I	H2-K1	Cd8b1					Cell-Cell Contact
H2-M10.1_CD8B1	MHC-I	H2-M10.1	Cd8b1					Cell-Cell Contact
H2-T18_CD8B1	MHC-I	H2-T18	Cd8b1					Cell-Cell Contact
H2-Q9_CD8B1	MHC-I	H2-Q9	Cd8b1					Cell-Cell Contact
H2-T26_CD8B1	MHC-I	H2-T26	Cd8b1					Cell-Cell Contact
H2-L_CD8B1	MHC-I	H2-L	Cd8b1					Cell-Cell Contact
GM10499_CD8B1	MHC-I	Gm10499	Cd8b1					Cell-Cell Contact
H2-Q4_CD8B1	MHC-I	H2-Q4	Cd8b1					Cell-Cell Contact
H2-T-PS_CD8B1	MHC-I	H2-T-ps	Cd8b1					Cell-Cell Contact
H2-T27_CD8B1	MHC-I	H2-T27	Cd8b1					Cell-Cell Contact
H2-M5_CD8B1	MHC-I	H2-M5	Cd8b1					Cell-Cell Contact
H2-T25_CD8B1	MHC-I	H2-T25	Cd8b1					Cell-Cell Contact
H2-D1_KIR3DL1	MHC-I	H2-D1	Kir3dl1					Cell-Cell Contact
H2-K1_KIR3DL1	MHC-I	H2-K1	Kir3dl1					Cell-Cell Contact
H2-Q1_KIR3DL1	MHC-I	H2-Q1	Kir3dl1					Cell-Cell Contact
H2-Q10_KIR3DL1	MHC-I	H2-Q10	Kir3dl1					Cell-Cell Contact
H2-Q2_KIR3DL1	MHC-I	H2-Q2	Kir3dl1					Cell-Cell Contact
H2-Q4_KIR3DL1	MHC-I	H2-Q4	Kir3dl1					Cell-Cell Contact
H2-Q6_KIR3DL1	MHC-I	H2-Q6	Kir3dl1					Cell-Cell Contact
H2-Q7_KIR3DL1	MHC-I	H2-Q7	Kir3dl1					Cell-Cell Contact
H2-D_KLRA	MHC-I	H2-D	Klra					Cell-Cell Contact
H2-K1_KLRA	MHC-I	H2-K1	Klra					Cell-Cell Contact
ULBP1_KLRK1	MHC-I	Ulbp1	Klrk1					Cell-Cell Contact
RAET1A_KLRK1	MHC-I	Raet1a	Klrk1					Cell-Cell Contact
H60A_KLRK1	MHC-I	H60a	Klrk1					Cell-Cell Contact
H2-EA-PS_CD4	MHC-II	H2-Ea	Cd4					Cell-Cell Contact
H2-AA_CD4	MHC-II	H2-Aa	Cd4					Cell-Cell Contact
H2-AB1_CD4	MHC-II	H2-Ab1	Cd4					Cell-Cell Contact
H2-EB1_CD4	MHC-II	H2-Eb1	Cd4					Cell-Cell Contact
H2-DMA_CD4	MHC-II	H2-DMa	Cd4					Cell-Cell Contact
H2-DMB1_CD4	MHC-II	H2-DMb1	Cd4					Cell-Cell Contact
H2-DMB2_CD4	MHC-II	H2-DMb2	Cd4					Cell-Cell Contact
H2-OA_CD4	MHC-II	H2-Oa	Cd4					Cell-Cell Contact
H2-OB_CD4	MHC-II	H2-Ob	Cd4					Cell-Cell Contact
MPZ_MPZL1	MPZ	Mpz	Mpzl1					Cell-Cell Contact
MPZ_MPZ	MPZ	Mpz	Mpz					Cell-Cell Contact
MPZL1_MPZL1	MPZ	Mpzl1	Mpzl1					Cell-Cell Contact
NCAM1_FGFR1	NCAM	Ncam1	Fgfr1					Cell-Cell Contact
NCAM1_NCAM1	NCAM	Ncam1	Ncam1					Cell-Cell Contact
NCAM1_NCAM2	NCAM	Ncam1	Ncam2					Cell-Cell Contact
NCAM1_L1CAM	NCAM	Ncam1	L1cam					Cell-Cell Contact
NCAM2_L1CAM	NCAM	Ncam2	L1cam					Cell-Cell Contact
NECTIN1_CADM3	NECTIN	Nectin1	Cadm3					Cell-Cell Contact
NECTIN1_CD96	NECTIN	Nectin1	Cd96					Cell-Cell Contact
NECTIN1_NECTIN4	NECTIN	Nectin1	Nectin4					Cell-Cell Contact
NECTIN3_NECTIN2	NECTIN	Nectin3	Nectin2					Cell-Cell Contact
NECTIN3_PVR	NECTIN	Nectin3	Pvr					Cell-Cell Contact
NECTIN3_TIGIT	NECTIN	Nectin3	Tigit					Cell-Cell Contact
NECTIN2_CD226	NECTIN	Nectin2	Cd226					Cell-Cell Contact
NECTIN2_TIGIT	NECTIN	Nectin2	Tigit					Cell-Cell Contact
NECTIN1_NECTIN3	NECTIN	Nectin1	Nectin3					Cell-Cell Contact
NEGR1_NEGR1	NEGR	Negr1	Negr1					Cell-Cell Contact
LRRC4C_NTNG1	NGL	Lrrc4c	Ntng1					Cell-Cell Contact
LRRC4_NTNG2	NGL	Lrrc4	Ntng2					Cell-Cell Contact
LRRC4B_PTPRF	NGL	Lrrc4b	Ptprf					Cell-Cell Contact
ULBP1_KLRK1_HCST	NKG2D	Ulbp1	KLRK1_HCST					Cell-Cell Contact
DLK1_NOTCH1	NOTCH	Dlk1	Notch1					Cell-Cell Contact
DLK1_NOTCH2	NOTCH	Dlk1	Notch2					Cell-Cell Contact
DLK1_NOTCH3	NOTCH	Dlk1	Notch3					Cell-Cell Contact
DLK1_NOTCH4	NOTCH	Dlk1	Notch4					Cell-Cell Contact
DLL1_NOTCH1	NOTCH	Dll1	Notch1					Cell-Cell Contact
DLL1_NOTCH3	NOTCH	Dll1	Notch3					Cell-Cell Contact
DLL1_NOTCH4	NOTCH	Dll1	Notch4					Cell-Cell Contact
DLL3_NOTCH1	NOTCH	Dll3	Notch1					Cell-Cell Contact
DLL3_NOTCH2	NOTCH	Dll3	Notch2					Cell-Cell Contact
DLL3_NOTCH3	NOTCH	Dll3	Notch3					Cell-Cell Contact
DLL3_NOTCH4	NOTCH	Dll3	Notch4					Cell-Cell Contact
DLL4_NOTCH1	NOTCH	Dll4	Notch1					Cell-Cell Contact
DLL4_NOTCH2	NOTCH	Dll4	Notch2					Cell-Cell Contact
DLL4_NOTCH3	NOTCH	Dll4	Notch3					Cell-Cell Contact
DLL4_NOTCH4	NOTCH	Dll4	Notch4					Cell-Cell Contact
JAG1_NOTCH1	NOTCH	Jag1	Notch1					Cell-Cell Contact
JAG1_NOTCH2	NOTCH	Jag1	Notch2					Cell-Cell Contact
JAG1_NOTCH3	NOTCH	Jag1	Notch3					Cell-Cell Contact
JAG1_NOTCH4	NOTCH	Jag1	Notch4					Cell-Cell Contact
JAG2_NOTCH1	NOTCH	Jag2	Notch1					Cell-Cell Contact
JAG2_NOTCH2	NOTCH	Jag2	Notch2					Cell-Cell Contact
JAG2_NOTCH3	NOTCH	Jag2	Notch3					Cell-Cell Contact
JAG2_NOTCH4	NOTCH	Jag2	Notch4					Cell-Cell Contact
DLL1_NOTCH2	NOTCH	Dll1	Notch2					Cell-Cell Contact
NRXN1_NLGN1	NRXN	Nrxn1	Nlgn1					Cell-Cell Contact
NRXN1_NLGN2	NRXN	Nrxn1	Nlgn2					Cell-Cell Contact
NRXN1_NLGN3	NRXN	Nrxn1	Nlgn3					Cell-Cell Contact
NRXN2_NLGN1	NRXN	Nrxn2	Nlgn1					Cell-Cell Contact
NRXN2_NLGN2	NRXN	Nrxn2	Nlgn2					Cell-Cell Contact
NRXN2_NLGN3	NRXN	Nrxn2	Nlgn3					Cell-Cell Contact
NRXN3_NLGN1	NRXN	Nrxn3	Nlgn1					Cell-Cell Contact
NRXN3_NLGN2	NRXN	Nrxn3	Nlgn2					Cell-Cell Contact
NRXN3_NLGN3	NRXN	Nrxn3	Nlgn3					Cell-Cell Contact
OCLN_OCLN	OCLN	Ocln	Ocln					Cell-Cell Contact
CD274_PDCD1	PD-L1	Cd274	Pdcd1					Cell-Cell Contact
PDCD1LG2_PDCD1	PDL2	Pdcd1lg2	Pdcd1					Cell-Cell Contact
PECAM1_PECAM1	PECAM1	Pecam1	Pecam1					Cell-Cell Contact
PTPRM_PTPRM	PTPRM	Ptprm	Ptprm					Cell-Cell Contact
PVR_CD226	PVR	Pvr	Cd226					Cell-Cell Contact
PVR_TIGIT	PVR	Pvr	Tigit					Cell-Cell Contact
SELE_CD44	SELE	Sele	Cd44					Cell-Cell Contact
SELE_GLG1	SELE	Sele	Glg1					Cell-Cell Contact
SELL_CD34	SELL	Sell	Cd34					Cell-Cell Contact
SELL_PODXL	SELL	Sell	Podxl					Cell-Cell Contact
SELL_GLYCAM1	SELL	Sell	Glycam1					Cell-Cell Contact
SELL_MADCAM1	SELL	Sell	Madcam1					Cell-Cell Contact
SELPLG_SELE	SELPLG	Selplg	Sele					Cell-Cell Contact
SELPLG_SELL	SELPLG	Selplg	Sell					Cell-Cell Contact
SELPLG_SELP	SELPLG	Selplg	Selp					Cell-Cell Contact
SEMA4A_NRP1_PLXNA1	SEMA4	Sema4a	NRP1_PLXNA1					Cell-Cell Contact
SEMA4A_NRP1_PLXNA2	SEMA4	Sema4a	NRP1_PLXNA2					Cell-Cell Contact
SEMA4A_NRP1_PLXNA3	SEMA4	Sema4a	NRP1_PLXNA3					Cell-Cell Contact
SEMA4A_NRP1_PLXNA4	SEMA4	Sema4a	NRP1_PLXNA4					Cell-Cell Contact
SEMA4A_PLXNB1	SEMA4	Sema4a	Plxnb1					Cell-Cell Contact
SEMA4A_PLXNB2	SEMA4	Sema4a	Plxnb2					Cell-Cell Contact
SEMA4A_PLXNB3	SEMA4	Sema4a	Plxnb3					Cell-Cell Contact
SEMA4D_PLXNB1	SEMA4	Sema4d	Plxnb1					Cell-Cell Contact
SEMA4D_PLXNB2	SEMA4	Sema4d	Plxnb2					Cell-Cell Contact
SEMA4D_PLXNB3	SEMA4	Sema4d	Plxnb3					Cell-Cell Contact
SEMA4C_PLXNB2	SEMA4	Sema4c	Plxnb2					Cell-Cell Contact
SEMA4G_PLXNB2	SEMA4	Sema4g	Plxnb2					Cell-Cell Contact
SEMA4A_TIMD2	SEMA4	Sema4a	Timd2					Cell-Cell Contact
SEMA4D_CD72	SEMA4	Sema4d	Cd72					Cell-Cell Contact
SEMA5A_PLXNA1	SEMA5	Sema5a	Plxna1					Cell-Cell Contact
SEMA5B_PLXNA1	SEMA5	Sema5b	Plxna1					Cell-Cell Contact
SEMA5A_PLXNA3	SEMA5	Sema5a	Plxna3					Cell-Cell Contact
SEMA5B_PLXNA3	SEMA5	Sema5b	Plxna3					Cell-Cell Contact
SEMA5A_PLXNB3	SEMA5	Sema5a	Plxnb3					Cell-Cell Contact
SEMA6D_PLXNA1_KDR	SEMA6	Sema6d	PLXNA1_KDR					Cell-Cell Contact
SEMA6D_PLXNA1_TREM2	SEMA6	Sema6d	PLXNA1_TREM2					Cell-Cell Contact
SEMA6D_PLXNA1	SEMA6	Sema6d	Plxna1					Cell-Cell Contact
SEMA6A_PLXNA2	SEMA6	Sema6a	Plxna2					Cell-Cell Contact
SEMA6B_PLXNA2	SEMA6	Sema6b	Plxna2					Cell-Cell Contact
SEMA6A_PLXNA4	SEMA6	Sema6a	Plxna4					Cell-Cell Contact
SEMA6B_PLXNA4	SEMA6	Sema6b	Plxna4					Cell-Cell Contact
SEMA7A_ITGB1_ITGA1	SEMA7	Sema7a	ITGB1_ITGA1					Cell-Cell Contact
SEMA7A_PLXNC1	SEMA7	Sema7a	Plxnc1					Cell-Cell Contact
SIGLEC1_SPN	SN	Siglec1	Spn					Cell-Cell Contact
THY1_ITGAM_ITGB2	THY1	Thy1	ITGAM_ITGB2					Cell-Cell Contact
THY1_ITGAX_ITGB2	THY1	Thy1	ITGAX_ITGB2					Cell-Cell Contact
THY1_ITGAV_ITGB3	THY1	Thy1	ITGAV_ITGB3					Cell-Cell Contact
ITGA4_ITGB1_VCAM1	VCAM	ITGA4_ITGB1	Vcam1					Cell-Cell Contact
ITGA9_ITGB1_VCAM1	VCAM	ITGA9_ITGB1	Vcam1					Cell-Cell Contact
ITGA4_ITGB7_VCAM1	VCAM	ITGA4_ITGB7	Vcam1					Cell-Cell Contact
VSIR_IGSF11	VISTA	Vsir	Igsf11					Cell-Cell Contact
CDH3_CDH3	CDH	Cdh3	Cdh3					Cell-Cell Contact
CDH12_ITGA1_ITGB1	CDH	Cdh12	ITGA1_ITGB1					Cell-Cell Contact
DSC1_DSG3	DESMOSOME	Dsc1	Dsg3					Cell-Cell Contact
DSC1_DSG4	DESMOSOME	Dsc1	Dsg4					Cell-Cell Contact
DSC2_DSG3	DESMOSOME	Dsc2	Dsg3					Cell-Cell Contact
DSC2_DSG4	DESMOSOME	Dsc2	Dsg4					Cell-Cell Contact
DSC3_DSG3	DESMOSOME	Dsc3	Dsg3					Cell-Cell Contact
DSC3_DSG4	DESMOSOME	Dsc3	Dsg4					Cell-Cell Contact
GJA5_GJA5	GAP	Gja5	Gja5					Cell-Cell Contact
GJA1_GJA5	GAP	Gja1	Gja5					Cell-Cell Contact
GJA6_GJA5	GAP	Gja6	Gja5					Cell-Cell Contact
GJC1_GJA5	GAP	Gjc1	Gja5					Cell-Cell Contact
GJA3_GJA5	GAP	Gja3	Gja5					Cell-Cell Contact
GJA1_GJA1	GAP	Gja1	Gja1					Cell-Cell Contact
GJA1_GJA6	GAP	Gja1	Gja6					Cell-Cell Contact
GJA6_GJA6	GAP	Gja6	Gja6					Cell-Cell Contact
GJC1_GJA1	GAP	Gjc1	Gja1					Cell-Cell Contact
GJC1_GJA6	GAP	Gjc1	Gja6					Cell-Cell Contact
GJA3_GJA1	GAP	Gja3	Gja1					Cell-Cell Contact
GJA3_GJA6	GAP	Gja3	Gja6					Cell-Cell Contact
GJC1_GJC1	GAP	Gjc1	Gjc1					Cell-Cell Contact
GJA3_GJC1	GAP	Gja3	Gjc1					Cell-Cell Contact
GJA3_GJA3	GAP	Gja3	Gja3					Cell-Cell Contact
CLDN1_CLDN1	CLDN	Cldn1	Cldn1					Cell-Cell Contact
CLDN2_CLDN2	CLDN	Cldn2	Cldn2					Cell-Cell Contact
CLDN3_CLDN3	CLDN	Cldn3	Cldn3					Cell-Cell Contact
PCDHA9_PCDHA9	PCDH	Pcdha9	Pcdha9					Cell-Cell Contact
PCDHA11_PCDHA11	PCDH	Pcdha11	Pcdha11					Cell-Cell Contact
PCDHA10_PCDHA10	PCDH	Pcdha10	Pcdha10					Cell-Cell Contact
PCDHA12_PCDHA12	PCDH	Pcdha12	Pcdha12					Cell-Cell Contact
PCDHA1_PCDHA1	PCDH	Pcdha1	Pcdha1					Cell-Cell Contact
PCDHA2_PCDHA2	PCDH	Pcdha2	Pcdha2					Cell-Cell Contact
PCDHA3_PCDHA3	PCDH	Pcdha3	Pcdha3					Cell-Cell Contact
PCDHA4B_PCDHA4B	PCDH	Pcdha4b	Pcdha4b					Cell-Cell Contact
PCDHA4B_PCDHA4	PCDH	Pcdha4b	Pcdha4					Cell-Cell Contact
PCDHA4_PCDHA4	PCDH	Pcdha4	Pcdha4					Cell-Cell Contact
PCDHA5_PCDHA5	PCDH	Pcdha5	Pcdha5					Cell-Cell Contact
PCDHA6_PCDHA6	PCDH	Pcdha6	Pcdha6					Cell-Cell Contact
PCDHA7_PCDHA7	PCDH	Pcdha7	Pcdha7					Cell-Cell Contact
PCDHA8_PCDHA8	PCDH	Pcdha8	Pcdha8					Cell-Cell Contact
PCDHAC1_PCDHAC1	PCDH	Pcdhac1	Pcdhac1					Cell-Cell Contact
PCDHAC2_PCDHAC2	PCDH	Pcdhac2	Pcdhac2					Cell-Cell Contact
PCDHB1_PCDHB1	PCDH	Pcdhb1	Pcdhb1					Cell-Cell Contact
PCDHB18_PCDHB18	PCDH	Pcdhb18	Pcdhb18					Cell-Cell Contact
PCDHB19_PCDHB19	PCDH	Pcdhb19	Pcdhb19					Cell-Cell Contact
PCDHB19_PCDHB21	PCDH	Pcdhb19	Pcdhb21					Cell-Cell Contact
PCDHB21_PCDHB21	PCDH	Pcdhb21	Pcdhb21					Cell-Cell Contact
PCDHB16_PCDHB16	PCDH	Pcdhb16	Pcdhb16					Cell-Cell Contact
PCDHB20_PCDHB20	PCDH	Pcdhb20	Pcdhb20					Cell-Cell Contact
PCDHB22_PCDHB22	PCDH	Pcdhb22	Pcdhb22					Cell-Cell Contact
PCDHB17_PCDHB17	PCDH	Pcdhb17	Pcdhb17					Cell-Cell Contact
PCDHB2_PCDHB2	PCDH	Pcdhb2	Pcdhb2					Cell-Cell Contact
PCDHB3_PCDHB3	PCDH	Pcdhb3	Pcdhb3					Cell-Cell Contact
PCDHB7_PCDHB7	PCDH	Pcdhb7	Pcdhb7					Cell-Cell Contact
PCDHB7_PCDHB5	PCDH	Pcdhb7	Pcdhb5					Cell-Cell Contact
PCDHB7_PCDHB9	PCDH	Pcdhb7	Pcdhb9					Cell-Cell Contact
PCDHB5_PCDHB5	PCDH	Pcdhb5	Pcdhb5					Cell-Cell Contact
PCDHB5_PCDHB9	PCDH	Pcdhb5	Pcdhb9					Cell-Cell Contact
PCDHB9_PCDHB9	PCDH	Pcdhb9	Pcdhb9					Cell-Cell Contact
PCDHB4_PCDHB4	PCDH	Pcdhb4	Pcdhb4					Cell-Cell Contact
PCDHB4_PCDHB12	PCDH	Pcdhb4	Pcdhb12					Cell-Cell Contact
PCDHB4_PCDHB10	PCDH	Pcdhb4	Pcdhb10					Cell-Cell Contact
PCDHB4_PCDHB11	PCDH	Pcdhb4	Pcdhb11					Cell-Cell Contact
PCDHB4_PCDHB8	PCDH	Pcdhb4	Pcdhb8					Cell-Cell Contact
PCDHB4_PCDHB6	PCDH	Pcdhb4	Pcdhb6					Cell-Cell Contact
PCDHB12_PCDHB12	PCDH	Pcdhb12	Pcdhb12					Cell-Cell Contact
PCDHB12_PCDHB10	PCDH	Pcdhb12	Pcdhb10					Cell-Cell Contact
PCDHB12_PCDHB11	PCDH	Pcdhb12	Pcdhb11					Cell-Cell Contact
PCDHB12_PCDHB8	PCDH	Pcdhb12	Pcdhb8					Cell-Cell Contact
PCDHB12_PCDHB6	PCDH	Pcdhb12	Pcdhb6					Cell-Cell Contact
PCDHB10_PCDHB10	PCDH	Pcdhb10	Pcdhb10					Cell-Cell Contact
PCDHB10_PCDHB11	PCDH	Pcdhb10	Pcdhb11					Cell-Cell Contact
PCDHB10_PCDHB8	PCDH	Pcdhb10	Pcdhb8					Cell-Cell Contact
PCDHB10_PCDHB6	PCDH	Pcdhb10	Pcdhb6					Cell-Cell Contact
PCDHB11_PCDHB11	PCDH	Pcdhb11	Pcdhb11					Cell-Cell Contact
PCDHB11_PCDHB8	PCDH	Pcdhb11	Pcdhb8					Cell-Cell Contact
PCDHB11_PCDHB6	PCDH	Pcdhb11	Pcdhb6					Cell-Cell Contact
PCDHB8_PCDHB8	PCDH	Pcdhb8	Pcdhb8					Cell-Cell Contact
PCDHB8_PCDHB6	PCDH	Pcdhb8	Pcdhb6					Cell-Cell Contact
PCDHB6_PCDHB6	PCDH	Pcdhb6	Pcdhb6					Cell-Cell Contact
PCDHB13_PCDHB13	PCDH	Pcdhb13	Pcdhb13					Cell-Cell Contact
PCDHB15_PCDHB15	PCDH	Pcdhb15	Pcdhb15					Cell-Cell Contact
PCDHGA1_PCDHGA1	PCDH	Pcdhga1	Pcdhga1					Cell-Cell Contact
PCDHGA10_PCDHGA10	PCDH	Pcdhga10	Pcdhga10					Cell-Cell Contact
PCDHGA11_PCDHGA11	PCDH	Pcdhga11	Pcdhga11					Cell-Cell Contact
PCDHGA12_PCDHGA12	PCDH	Pcdhga12	Pcdhga12					Cell-Cell Contact
PCDHGA2_PCDHGA2	PCDH	Pcdhga2	Pcdhga2					Cell-Cell Contact
PCDHGA3_PCDHGA3	PCDH	Pcdhga3	Pcdhga3					Cell-Cell Contact
PCDHGA4_PCDHGA4	PCDH	Pcdhga4	Pcdhga4					Cell-Cell Contact
PCDHGA5_PCDHGA5	PCDH	Pcdhga5	Pcdhga5					Cell-Cell Contact
PCDHGA6_PCDHGA6	PCDH	Pcdhga6	Pcdhga6					Cell-Cell Contact
PCDHGA7_PCDHGA7	PCDH	Pcdhga7	Pcdhga7					Cell-Cell Contact
PCDHGA8_PCDHGA8	PCDH	Pcdhga8	Pcdhga8					Cell-Cell Contact
PCDHGA9_PCDHGA9	PCDH	Pcdhga9	Pcdhga9					Cell-Cell Contact
PCDHGB1_PCDHGB1	PCDH	Pcdhgb1	Pcdhgb1					Cell-Cell Contact
PCDHGB2_PCDHGB2	PCDH	Pcdhgb2	Pcdhgb2					Cell-Cell Contact
PCDHGB8_PCDHGB8	PCDH	Pcdhgb8	Pcdhgb8					Cell-Cell Contact
PCDHGB4_PCDHGB4	PCDH	Pcdhgb4	Pcdhgb4					Cell-Cell Contact
PCDHGB5_PCDHGB5	PCDH	Pcdhgb5	Pcdhgb5					Cell-Cell Contact
PCDHGB6_PCDHGB6	PCDH	Pcdhgb6	Pcdhgb6					Cell-Cell Contact
PCDHGB7_PCDHGB7	PCDH	Pcdhgb7	Pcdhgb7					Cell-Cell Contact
PCDHGC3_PCDHGC3	PCDH	Pcdhgc3	Pcdhgc3					Cell-Cell Contact
PCDHGC4_PCDHGC4	PCDH	Pcdhgc4	Pcdhgc4					Cell-Cell Contact
PCDHGC5_PCDHGC5	PCDH	Pcdhgc5	Pcdhgc5					Cell-Cell Contact
SDC1_ADGRA2	ADGRA	Sdc1	Adgra2					Cell-Cell Contact
SDC2_ADGRA2	ADGRA	Sdc2	Adgra2					Cell-Cell Contact
ITGAV_ITGB3_ADGRA2	ADGRA	ITGAV_ITGB3	Adgra2					Cell-Cell Contact
TAX1BP3_ADGRB1	ADGRB	Tax1bp3	Adgrb1					Cell-Cell Contact
RTN4R_ADGRB1	ADGRB	Rtn4r	Adgrb1					Cell-Cell Contact
ITGAV_ITGB5_ADGRB1	ADGRB	ITGAV_ITGB5	Adgrb1					Cell-Cell Contact
TAX1BP3_ADGRB2	ADGRB	Tax1bp3	Adgrb2					Cell-Cell Contact
C1QL1_ADGRB3	ADGRB	C1ql1	Adgrb3					Cell-Cell Contact
C1QL2_ADGRB3	ADGRB	C1ql2	Adgrb3					Cell-Cell Contact
C1QL3_ADGRB3	ADGRB	C1ql3	Adgrb3					Cell-Cell Contact
C1QL4_ADGRB3	ADGRB	C1ql4	Adgrb3					Cell-Cell Contact
THY1_ADGRE5	ADGRE	Thy1	Adgre5					Cell-Cell Contact
ITGAV_ITGB1_ADGRE5	ADGRE	ITGAV_ITGB1	Adgre5					Cell-Cell Contact
ITGAV_ITGB3_ADGRE5	ADGRE	ITGAV_ITGB3	Adgre5					Cell-Cell Contact
CD55_ADGRE5	ADGRE	Cd55	Adgre5					Cell-Cell Contact
CD55B_ADGRE5	ADGRE	Cd55b	Adgre5					Cell-Cell Contact
LPAR1_ADGRE5	ADGRE	Lpar1	Adgre5					Cell-Cell Contact
LPAR2_ADGRE5	ADGRE	Lpar2	Adgre5					Cell-Cell Contact
LPAR3_ADGRE5	ADGRE	Lpar3	Adgre5					Cell-Cell Contact
SFTPD_ADGRE5	ADGRE	Sftpd	Adgre5					Cell-Cell Contact
COL3A1_ADGRG1	ADGRG	Col3a1	Adgrg1					Cell-Cell Contact
GAST_ADGRG1	ADGRG	Gast	Adgrg1					Cell-Cell Contact
TGM2_ADGRG1	ADGRG	Tgm2	Adgrg1					Cell-Cell Contact
COL4A1_ADGRG6	ADGRG	Col4a1	Adgrg6					Cell-Cell Contact
COL4A2_ADGRG6	ADGRG	Col4a2	Adgrg6					Cell-Cell Contact
COL4A3_ADGRG6	ADGRG	Col4a3	Adgrg6					Cell-Cell Contact
COL4A4_ADGRG6	ADGRG	Col4a4	Adgrg6					Cell-Cell Contact
COL4A5_ADGRG6	ADGRG	Col4a5	Adgrg6					Cell-Cell Contact
COL4A6_ADGRG6	ADGRG	Col4a6	Adgrg6					Cell-Cell Contact
LAMA2_ADGRG6	ADGRG	Lama2	Adgrg6					Cell-Cell Contact
PRNP_ADGRG6	ADGRG	Prnp	Adgrg6					Cell-Cell Contact
FLRT1_ADGRL1	ADGRL	Flrt1	Adgrl1					Cell-Cell Contact
FLRT2_ADGRL1	ADGRL	Flrt2	Adgrl1					Cell-Cell Contact
FLRT3_ADGRL1	ADGRL	Flrt3	Adgrl1					Cell-Cell Contact
NRXN1_ADGRL1	ADGRL	Nrxn1	Adgrl1					Cell-Cell Contact
NRXN2_ADGRL1	ADGRL	Nrxn2	Adgrl1					Cell-Cell Contact
NRXN3_ADGRL1	ADGRL	Nrxn3	Adgrl1					Cell-Cell Contact
TENM1_ADGRL1	ADGRL	Tenm1	Adgrl1					Cell-Cell Contact
TENM2_ADGRL1	ADGRL	Tenm2	Adgrl1					Cell-Cell Contact
TENM3_ADGRL1	ADGRL	Tenm3	Adgrl1					Cell-Cell Contact
TENM4_ADGRL1	ADGRL	Tenm4	Adgrl1					Cell-Cell Contact
TENM2_FLRT1_ADGRL1	ADGRL	TENM2_FLRT1	Adgrl1					Cell-Cell Contact
TENM2_FLRT3_ADGRL1	ADGRL	TENM2_FLRT3	Adgrl1					Cell-Cell Contact
TENM4_FLRT1_ADGRL1	ADGRL	TENM4_FLRT1	Adgrl1					Cell-Cell Contact
TENM4_FLRT3_ADGRL1	ADGRL	TENM4_FLRT3	Adgrl1					Cell-Cell Contact
FLRT1_ADGRL2	ADGRL	Flrt1	Adgrl2					Cell-Cell Contact
FLRT2_ADGRL2	ADGRL	Flrt2	Adgrl2					Cell-Cell Contact
FLRT3_ADGRL2	ADGRL	Flrt3	Adgrl2					Cell-Cell Contact
TENM1_ADGRL2	ADGRL	Tenm1	Adgrl2					Cell-Cell Contact
TENM2_ADGRL2	ADGRL	Tenm2	Adgrl2					Cell-Cell Contact
TENM3_ADGRL2	ADGRL	Tenm3	Adgrl2					Cell-Cell Contact
TENM4_ADGRL2	ADGRL	Tenm4	Adgrl2					Cell-Cell Contact
TENM2_FLRT3_ADGRL2	ADGRL	TENM2_FLRT3	Adgrl2					Cell-Cell Contact
FLRT1_ADGRL3	ADGRL	Flrt1	Adgrl3					Cell-Cell Contact
FLRT2_ADGRL3	ADGRL	Flrt2	Adgrl3					Cell-Cell Contact
FLRT3_ADGRL3	ADGRL	Flrt3	Adgrl3					Cell-Cell Contact
TENM1_ADGRL3	ADGRL	Tenm1	Adgrl3					Cell-Cell Contact
TENM2_ADGRL3	ADGRL	Tenm2	Adgrl3					Cell-Cell Contact
TENM3_ADGRL3	ADGRL	Tenm3	Adgrl3					Cell-Cell Contact
TENM4_ADGRL3	ADGRL	Tenm4	Adgrl3					Cell-Cell Contact
UNC5A_ADGRL3	ADGRL	Unc5a	Adgrl3					Cell-Cell Contact
TENM3_FLRT1_ADGRL3	ADGRL	TENM3_FLRT1	Adgrl3					Cell-Cell Contact
TENM3_FLRT3_ADGRL3	ADGRL	TENM3_FLRT3	Adgrl3					Cell-Cell Contact
FLRT1_FLRT1	FLRT	Flrt1	Flrt1					Cell-Cell Contact
FLRT2_FLRT2	FLRT	Flrt2	Flrt2					Cell-Cell Contact
FLRT3_FLRT3	FLRT	Flrt3	Flrt3					Cell-Cell Contact
FLRT1_UNC5A	UNC5	Flrt1	Unc5a					Cell-Cell Contact
FLRT2_UNC5A	UNC5	Flrt2	Unc5a					Cell-Cell Contact
FLRT3_UNC5A	UNC5	Flrt3	Unc5a					Cell-Cell Contact
FLRT1_UNC5B	UNC5	Flrt1	Unc5b					Cell-Cell Contact
FLRT2_UNC5B	UNC5	Flrt2	Unc5b					Cell-Cell Contact
FLRT3_UNC5B	UNC5	Flrt3	Unc5b					Cell-Cell Contact
FLRT1_UNC5C	UNC5	Flrt1	Unc5c					Cell-Cell Contact
FLRT2_UNC5C	UNC5	Flrt2	Unc5c					Cell-Cell Contact
FLRT3_UNC5C	UNC5	Flrt3	Unc5c					Cell-Cell Contact
FLRT1_UNC5D	UNC5	Flrt1	Unc5d					Cell-Cell Contact
FLRT2_UNC5D	UNC5	Flrt2	Unc5d					Cell-Cell Contact
FLRT3_UNC5D	UNC5	Flrt3	Unc5d					Cell-Cell Contact
NRXN1_CLSTN1	NRXN	Nrxn1	Clstn1					Cell-Cell Contact
NRXN2_CLSTN1	NRXN	Nrxn2	Clstn1					Cell-Cell Contact
NRXN1_CLSTN2	NRXN	Nrxn1	Clstn2					Cell-Cell Contact
NRXN2_CLSTN2	NRXN	Nrxn2	Clstn2					Cell-Cell Contact
NRXN1_CLSTN3	NRXN	Nrxn1	Clstn3					Cell-Cell Contact
NRXN2_CLSTN3	NRXN	Nrxn2	Clstn3					Cell-Cell Contact
NRXN1_DAG1	NRXN	Nrxn1	Dag1					Cell-Cell Contact
NRXN2_DAG1	NRXN	Nrxn2	Dag1					Cell-Cell Contact
LRFN4_PTPRD	PTPR	Lrfn4	Ptprd					Cell-Cell Contact
LRFN4_PTPRF	PTPR	Lrfn4	Ptprf					Cell-Cell Contact
LRFN4_PTPRS	PTPR	Lrfn4	Ptprs					Cell-Cell Contact
LRFN5_PTPRD	PTPR	Lrfn5	Ptprd					Cell-Cell Contact
LRFN5_PTPRF	PTPR	Lrfn5	Ptprf					Cell-Cell Contact
LRFN5_PTPRS	PTPR	Lrfn5	Ptprs					Cell-Cell Contact
LRRC4B_PTPRD	PTPR	Lrrc4b	Ptprd					Cell-Cell Contact
LRRC4B_PTPRS	PTPR	Lrrc4b	Ptprs					Cell-Cell Contact
LRRC4C_PTPRF	PTPR	Lrrc4c	Ptprf					Cell-Cell Contact
NRXN1_LRRTM1	NRXN	Nrxn1	Lrrtm1					Cell-Cell Contact
NRXN2_LRRTM1	NRXN	Nrxn2	Lrrtm1					Cell-Cell Contact
NRXN3_LRRTM1	NRXN	Nrxn3	Lrrtm1					Cell-Cell Contact
NRXN1_LRRTM2	NRXN	Nrxn1	Lrrtm2					Cell-Cell Contact
NRXN2_LRRTM2	NRXN	Nrxn2	Lrrtm2					Cell-Cell Contact
NRXN3_LRRTM2	NRXN	Nrxn3	Lrrtm2					Cell-Cell Contact
NRXN1_LRRTM3	NRXN	Nrxn1	Lrrtm3					Cell-Cell Contact
NRXN2_LRRTM3	NRXN	Nrxn2	Lrrtm3					Cell-Cell Contact
NRXN3_LRRTM3	NRXN	Nrxn3	Lrrtm3					Cell-Cell Contact
NRXN1_LRRTM4	NRXN	Nrxn1	Lrrtm4					Cell-Cell Contact
NRXN2_LRRTM4	NRXN	Nrxn2	Lrrtm4					Cell-Cell Contact
NRXN3_LRRTM4	NRXN	Nrxn3	Lrrtm4					Cell-Cell Contact
LRRTM4_PTPRS	PTPR	Lrrtm4	Ptprs					Cell-Cell Contact
APP_SORL1	APP	App	Sorl1					Cell-Cell Contact
APP_TNFRSF21	APP	App	Tnfrsf21					Cell-Cell Contact
APP_TREM2_TYROBP	APP	App	TREM2_TYROBP					Cell-Cell Contact
ENTPD1_ADORA3	CD39	Entpd1	Adora3					Cell-Cell Contact
APOA1_ABCA1	ApoA	Apoa1	Abca1					Cell-Cell Contact
APOA1_CUBN_AMN	ApoA	Apoa1	CUBN_AMN					Cell-Cell Contact
APOA1_TREM2_TYROBP	ApoA	Apoa1	TREM2_TYROBP					Cell-Cell Contact
APOA2_TREM2_TYROBP	ApoA	Apoa2	TREM2_TYROBP					Cell-Cell Contact
APOB_APOBR	ApoB	Apob	Apobr					Cell-Cell Contact
APOB_TREM2_TYROBP	ApoB	Apob	TREM2_TYROBP					Cell-Cell Contact
APOE_TREM2_TYROBP	ApoE	Apoe	TREM2_TYROBP					Cell-Cell Contact
CD160_TNFRSF14	CD160	Cd160	Tnfrsf14					Cell-Cell Contact
CADM1_NECTIN3	CADM	Cadm1	Nectin3					Cell-Cell Contact
CADM3_CADM1	CADM	Cadm3	Cadm1					Cell-Cell Contact
CADM3_CADM4	CADM	Cadm3	Cadm4					Cell-Cell Contact
CADM3_EPB41L1	CADM	Cadm3	Epb41l1					Cell-Cell Contact
CADM3_NECTIN3	CADM	Cadm3	Nectin3					Cell-Cell Contact
CD276_TREML2	CD276	Cd276	Treml2					Cell-Cell Contact
CD99_PILRB1	CD99	Cd99	Pilrb1					Cell-Cell Contact
CD99_PILRB2	CD99	Cd99	Pilrb2					Cell-Cell Contact
CEACAM2_CD209C	CEACAM	Ceacam2	Cd209c					Cell-Cell Contact
CEACAM2_CD209A	CEACAM	Ceacam2	Cd209a					Cell-Cell Contact
CEACAM2_CD209D	CEACAM	Ceacam2	Cd209d					Cell-Cell Contact
CEACAM2_CD209B	CEACAM	Ceacam2	Cd209b					Cell-Cell Contact
CEACAM2_CD209E	CEACAM	Ceacam2	Cd209e					Cell-Cell Contact
CEACAM1_CD209C	CEACAM	Ceacam1	Cd209c					Cell-Cell Contact
CEACAM1_CD209D	CEACAM	Ceacam1	Cd209d					Cell-Cell Contact
CEACAM1_CD209B	CEACAM	Ceacam1	Cd209b					Cell-Cell Contact
CEACAM1_CD209E	CEACAM	Ceacam1	Cd209e					Cell-Cell Contact
CEACAM2_CEACAM2	CEACAM	Ceacam2	Ceacam2					Cell-Cell Contact
CEACAM1_CEACAM2	CEACAM	Ceacam1	Ceacam2					Cell-Cell Contact
CEACAM1_CEACAM1	CEACAM	Ceacam1	Ceacam1					Cell-Cell Contact
CEACAM2_PSG20	CEACAM	Ceacam2	Psg20					Cell-Cell Contact
CEACAM1_PSG20	CEACAM	Ceacam1	Psg20					Cell-Cell Contact
CEACAM2_SELE	CEACAM	Ceacam2	Sele					Cell-Cell Contact
CEACAM2_CD8A	CEACAM	Ceacam2	Cd8a					Cell-Cell Contact
CEACAM1_CD8A	CEACAM	Ceacam1	Cd8a					Cell-Cell Contact
CEACAM2_CD1D2	CEACAM	Ceacam2	Cd1d2					Cell-Cell Contact
CEACAM2_CD1D1	CEACAM	Ceacam2	Cd1d1					Cell-Cell Contact
CEACAM1_CD1D2	CEACAM	Ceacam1	Cd1d2					Cell-Cell Contact
CEACAM1_CD1D1	CEACAM	Ceacam1	Cd1d1					Cell-Cell Contact
CNTN1_NOTCH1	CNTN	Cntn1	Notch1					Cell-Cell Contact
CNTN1_NOTCH2	CNTN	Cntn1	Notch2					Cell-Cell Contact
CRTAM_CADM1	CADM	Crtam	Cadm1					Cell-Cell Contact
CLEC2F_KLRB1B	CLEC	Clec2f	Klrb1b					Cell-Cell Contact
CLEC2G_KLRB1B	CLEC	Clec2g	Klrb1b					Cell-Cell Contact
CLEC2H_KLRB1B	CLEC	Clec2h	Klrb1b					Cell-Cell Contact
CLEC2I_KLRB1B	CLEC	Clec2i	Klrb1b					Cell-Cell Contact
CLEC2E_KLRB1B	CLEC	Clec2e	Klrb1b					Cell-Cell Contact
CLEC2F_KLRB1	CLEC	Clec2f	Klrb1					Cell-Cell Contact
CLEC2D_KLRB1	CLEC	Clec2d	Klrb1					Cell-Cell Contact
CLEC2E_KLRB1	CLEC	Clec2e	Klrb1					Cell-Cell Contact
CLEC2H_KLRB1F	CLEC	Clec2h	Klrb1f					Cell-Cell Contact
CLEC2D_KLRB1F	CLEC	Clec2d	Klrb1f					Cell-Cell Contact
CLEC2E_KLRB1F	CLEC	Clec2e	Klrb1f					Cell-Cell Contact
CLEC2F_KLRB1A	CLEC	Clec2f	Klrb1a					Cell-Cell Contact
CLEC2G_KLRB1A	CLEC	Clec2g	Klrb1a					Cell-Cell Contact
CLEC2H_KLRB1A	CLEC	Clec2h	Klrb1a					Cell-Cell Contact
CLEC2D_KLRB1A	CLEC	Clec2d	Klrb1a					Cell-Cell Contact
CLEC2I_KLRB1A	CLEC	Clec2i	Klrb1a					Cell-Cell Contact
CLEC2E_KLRB1A	CLEC	Clec2e	Klrb1a					Cell-Cell Contact
CLEC2F_KLRB1C	CLEC	Clec2f	Klrb1c					Cell-Cell Contact
CLEC2G_KLRB1C	CLEC	Clec2g	Klrb1c					Cell-Cell Contact
CLEC2H_KLRB1C	CLEC	Clec2h	Klrb1c					Cell-Cell Contact
CLEC2D_KLRB1C	CLEC	Clec2d	Klrb1c					Cell-Cell Contact
CLEC2I_KLRB1C	CLEC	Clec2i	Klrb1c					Cell-Cell Contact
CLEC2E_KLRB1C	CLEC	Clec2e	Klrb1c					Cell-Cell Contact
LAIR1_LILRB4A	LAIR1	Lair1	Lilrb4a					Cell-Cell Contact
MMP2_INTEGRIN_AVB3_COMPLEX	MMP	Mmp2	MMP14_ITGAV_ITGB3					Cell-Cell Contact
NTN1_DCC	Netrin	Ntn1	Dcc					Cell-Cell Contact
NTN1_DSCAM	Netrin	Ntn1	Dscam					Cell-Cell Contact
NTN1_UNC5A	Netrin	Ntn1	Unc5a					Cell-Cell Contact
NTN1_UNC5B	Netrin	Ntn1	Unc5b					Cell-Cell Contact
NTN1_UNC5C	Netrin	Ntn1	Unc5c					Cell-Cell Contact
NTN4_NTRK2	Netrin	Ntn4	Ntrk2					Cell-Cell Contact
NTN4_UNC5B	Netrin	Ntn4	Unc5b					Cell-Cell Contact
NTN4_UNC5D	Netrin	Ntn4	Unc5d					Cell-Cell Contact
CD200_CD200R1L	CD200	Cd200	Cd200r1l					Cell-Cell Contact
PECAM1_CD177	PECAM1	Pecam1	Cd177					Cell-Cell Contact
PECAM1_CD38	PECAM2	Pecam1	Cd38					Cell-Cell Contact
RAET1E_NKG2D_HCST	NKG2D	Raet1e	NKG2D_HCST					Cell-Cell Contact
RAET1C_NKG2D_HCST	NKG2D	Raet1c	NKG2D_HCST					Cell-Cell Contact
RAET1B_NKG2D_HCST	NKG2D	Raet1b	NKG2D_HCST					Cell-Cell Contact
RAET1A_NKG2D_HCST	NKG2D	Raet1a	NKG2D_HCST					Cell-Cell Contact
RAET1D_NKG2D_HCST	NKG2D	Raet1d	NKG2D_HCST					Cell-Cell Contact
H60A_NKG2D_HCST	NKG2D	H60a	NKG2D_HCST					Cell-Cell Contact
H60B_NKG2D_HCST	NKG2D	H60b	NKG2D_HCST					Cell-Cell Contact
H60C_NKG2D_HCST	NKG2D	H60c	NKG2D_HCST					Cell-Cell Contact
SIRPB1A_CD47	SIRP	Sirpb1a	Cd47					Cell-Cell Contact
SIRPB1B_CD47	SIRP	Sirpb1b	Cd47					Cell-Cell Contact
SIRPB1C_CD47	SIRP	Sirpb1c	Cd47					Cell-Cell Contact
VCAM1_INTEGRIN_ADB2	VCAM	Vcam1	ITGAD_ITGB2					Cell-Cell Contact
